index,PDB,Wild-type KD (M),protein_1_seq,protein_2_seq
0,1TM1,1.92e-12,AQSVPYGVSQIKAPALHSQGYTGSNVKVAVIDSGIDSSHPDLKVAGGASMVPSETNPFQDNNSHGTHVAGTVAALNNSIGVLGVAPSASLYAVKVLGADGSGQYSWIINGIEWAIANNMDVINMSLGGPSGSAALKAAVDKAVASGVVVVAAAGNEGTSGSSSTVGYPGKYPSVIAVGAVDSSNQRASFSSVGPELDVMAPGVSIQSTLPGNKYGAYNGTSMASPHVAGAAALILSKHPNWTNTQVRSSLENTTTKLGDSFYYGKGLINVQAAAQHHHHHH,MKTEWPELVGKSVEEAKKVILQDKPAAQIIVLPVGTIVTMEYRIDRVRLFVDRLDNIAQVPRVG
6,3HFM,2.87e-11,DIVLTQSPATLSVTPGNSVSLSCRASQSIGNNLHWYQQKSHESPRLLIKYASQSISGIPSRFSGSGSGTDFTLSINSVETEDFGMYFCQQSNSWPYTFGGGTKLEIKRADAAPTVSIFPPSSEQLTSGGASVVCFLNNFYPKDINVKWKIDGSERQNGVLNSWTDQDSKDSTYSMSSTLTLTKDEYERHNSYTCEATHKTSTSPIVKSFNRNEC,DVQLQESGPSLVKPSQTLSLTCSVTGDSITSDYWSWIRKFPGNRLEYMGYVSYSGSTYYNPSLKSRISITRDTSKNQYYLDLNSVTTEDTATYYCANWDGDYWGQGTLVTVSAAKTTPPSVYPLAPGSAAQTNSMVTLGCLVKGYFPEPVTVTWNSGSLSSGVHTFPAVLQSDLYTLSSSVTVPSSPRPSETVTCNVAHPASSTKVDKKIVPRDC
44,1CBW,1.14e-08,CGVPAIQPVLSGL,IVNGEEAVPGSWPWQVSLQDKTGFHFCGGSLINENWVVTAAHCGVTTSDVVVAGEFDQGSSSEKIQKLKIAKVFKNSKYNSLTINNDITLLKLSTAASFSQTVSAVCLPSASDDFAAGTTCVTTGWGLTRY
61,2FTL,5.88e-14,IVGGYTCGANTVPYQVSLNSGYHFCGGSLINSQWVVSAAHCYKSGIQVRLGEDNINVVEGNEQFISASKSIVHPSYNSNTLNNDIMLIKLKSAASLDSRVASISLPTSCASAGTQCLISGWGNTKSSGTSYPDVLKCLKAPILSDSSCKSAYPGQITSNMFCAGYLEGGKDSCQGDSGGPVVCSGKLQGIVSWGSGCAQKNKPGVYTKVCNYVSWIKQTIASN,RPDFCLEPPYTGPCKARIIRYFYNAKAGLCQTFVYGGCRAKRNNFKSAEDCMRTCGGA
77,3BTD,1.59e-05,IVGGYTCGANTVPYQVSLNSGYHFCGGSLINSQWVVSAAHCYKSGIQVRLGEDNINVVEGNEQFISASKSIVHPSYNSNTLNNDIMLIKLKSAASLNSRVASISLPTSCASAGTQCLISGWGNTKSSGTSYPDVLKCLKAPILSDSSCKSAYPGQITSNMFCAGYLEGGKDSCQGDSGGPVVCSGKLQGIVSWGSGCAQKNKPGVYTKVCNYVSWIKQTIASN,RPDFCLEPPYTGPCDARIIRYFYNAKAGLCQTFVYGGCRAKRNNFKSAEDCLRTCGGA
78,3BTE,4.76e-07,IVGGYTCGANTVPYQVSLNSGYHFCGGSLINSQWVVSAAHCYKSGIQVRLGEDNINVVEGNEQFISASKSIVHPSYNSNTLNNDIMLIKLKSAASLNSRVASISLPTSCASAGTQCLISGWGNTKSSGTSYPDVLKCLKAPILSDSSCKSAYPGQITSNMFCAGYLEGGKDSCQGDSGGPVVCSGKLQGIVSWGSGCAQKNKPGVYTKVCNYVSWIKQTIASN,RPDFCLEPPYTGPCEARIIRYFYNAKAGLCQTFVYGGCRAKRNNFKSAEDCLRTCGGA
79,3BTF,8.33e-09,IVGGYTCGANTVPYQVSLNSGYHFCGGSLINSQWVVSAAHCYKSGIQVRLGEDNINVVEGNEQFISASKSIVHPSYNSNTLNNDIMLIKLKSAASLNSRVASISLPTSCASAGTQCLISGWGNTKSSGTSYPDVLKCLKAPILSDSSCKSAYPGQITSNMFCAGYLEGGKDSCQGDSGGPVVCSGKLQGIVSWGSGCAQKNKPGVYTKVCNYVSWIKQTIASN,RPDFCLEPPYTGPCFARIIRYFYNAKAGLCQTFVYGGCRAKRNNFKSAEDCLRTCGGA
80,3BTG,6.67e-05,IVGGYTCGANTVPYQVSLNSGYHFCGGSLINSQWVVSAAHCYKSGIQVRLGEDNINVVEGNEQFISASKSIVHPSYNSNTLNNDIMLIKLKSAASLNSRVASISLPTSCASAGTQCLISGWGNTKSSGTSYPDVLKCLKAPILSDSSCKSAYPGQITSNMFCAGYLEGGKDSCQGDSGGPVVCSGKLQGIVSWGSGCAQKNKPGVYTKVCNYVSWIKQTIASN,RPDFCLEPPYTGPCGARIIRYFYNAKAGLCQTFVYGGCRAKRNNFKSAEDCLRTCGGA
81,3BTH,1.61e-07,IVGGYTCGANTVPYQVSLNSGYHFCGGSLINSQWVVSAAHCYKSGIQVRLGEDNINVVEGNEQFISASKSIVHPSYNSNTLNNDIMLIKLKSAASLNSRVASISLPTSCASAGTQCLISGWGNTKSSGTSYPDVLKCLKAPILSDSSCKSAYPGQITSNMFCAGYLEGGKDSCQGDSGGPVVCSGKLQGIVSWGSGCAQKNKPGVYTKVCNYVSWIKQTIASN,RPDFCLEPPYTGPCHARIIRYFYNAKAGLCQTFVYGGCRAKRNNFKSAEDCLRTCGGA
82,3BTM,2.56e-08,IVGGYTCGANTVPYQVSLNSGYHFCGGSLINSQWVVSAAHCYKSGIQVRLGEDNINVVEGNEQFISASKSIVHPSYNSNTLNNDIMLIKLKSAASLNSRVASISLPTSCASAGTQCLISGWGNTKSSGTSYPDVLKCLKAPILSDSSCKSAYPGQITSNMFCAGYLEGGKDSCQGDSGGPVVCSGKLQGIVSWGSGCAQKNKPGVYTKVCNYVSWIKQTIASN,RPDFCLEPPYTGPCMARIIRYFYNAKAGLCQTFVYGGCRAKRNNFKSAEDCLRTCGGA
83,3BTQ,4.35e-07,IVGGYTCGANTVPYQVSLNSGYHFCGGSLINSQWVVSAAHCYKSGIQVRLGEDNINVVEGNEQFISASKSIVHPSYNSNTLNNDIMLIKLKSAASLNSRVASISLPTSCASAGTQCLISGWGNTKSSGTSYPDVLKCLKAPILSDSSCKSAYPGQITSNMFCAGYLEGGKDSCQGDSGGPVVCSGKLQGIVSWGSGCAQKNKPGVYTKVCNYVSWIKQTIASN,RPDFCLEPPYTGPCQARIIRYFYNAKAGLCQTFVYGGCRAKRNNFKSAEDCLRTCGGA
84,3BTT,3.45e-06,IVGGYTCGANTVPYQVSLNSGYHFCGGSLINSQWVVSAAHCYKSGIQVRLGEDNINVVEGNEQFISASKSIVHPSYNSNTLNNDIMLIKLKSAASLNSRVASISLPTSCASAGTQCLISGWGNTKSSGTSYPDVLKCLKAPILSDSSCKSAYPGQITSNMFCAGYLEGGKDSCQGDSGGPVVCSGKLQGIVSWGSGCAQKNKPGVYTKVCNYVSWIKQTIASN,RPDFCLEPPYTGPCTARIIRYFYNAKAGLCQTFVYGGCRAKRNNFKSAEDCLRTCGGA
85,3BTW,1.32e-07,IVGGYTCGANTVPYQVSLNSGYHFCGGSLINSQWVVSAAHCYKSGIQVRLGEDNINVVEGNEQFISASKSIVHPSYNSNTLNNDIMLIKLKSAASLNSRVASISLPTSCASAGTQCLISGWGNTKSSGTSYPDVLKCLKAPILSDSSCKSAYPGQITSNMFCAGYLEGGKDSCQGDSGGPVVCSGKLQGIVSWGSGCAQKNKPGVYTKVCNYVSWIKQTIASN,RPDFCLEPPYTGPCWARIIRYFYNAKAGLCQTFVYGGCRAKRNNFKSAEDCLRTCGGA
86,1A4Y,3.9e-16,SLDIQSLDIQCEELSDARWAELLPLLQQCQVVRLDDCGLTEARCKDISSALRVNPALAELNLRSNELGDVGVHCVLQGLQTPSCKIQKLSLQNCCLTGAGCGVLSSTLRTLPTLQELHLSDNLLGDAGLQLLCEGLLDPQCRLEKLQLEYCSLSAASCEPLASVLRAKPDFKELTVSNNDINEAGVRVLCQGLKDSPCQLEALKLESCGVTSDNCRDLCGIVASKASLRELALGSNKLGDVGMAELCPGLLHPSSRLRTLWIWECGITAKGCGDLCRVLRAKESLKELSLAGNELGDEGARLLCETLLEPGCQLESLWVKSCSFTAACCSHFSSVLAQNRFLLELQISNNRLEDAGVRELCQGLGQPGSVLRVLWLADCDVSDSSCSSLAATLLANHSLRELDLSNNCLGDAGILQLVESVRQPGCLLEQLVLYDIYWSEEMEDRLQALEKDKPSLRVIS,QDNSRYTHFLTQHYDAKPQGRDDRYCESIMRRRGLTSPCKDINTFIHGNKRSIKAICENKNGNPHRENLRISKSSFQVTTCKLHGGSPWPPCQYRATAGFRNVVVACENGLPVHLDQSIFRRP
104,1FCC,2.4e-07,PSVFLFPPKPKDTLMISRTPEVTCVVVDVSHEDPQVKFNWYVDGVQVHNAKTKPREQQYNSTYRVVSVLTVLHQNWLDGKEYKCKVSNKALPAPIEKTISKAKGQPREPQVYTLPPSREEMTKNQVSLTCLVKGFYPSDIAVEWESNGQPENNYKTTPPVLDSDGSFFLYSKLTVDKSRWQQGNVFSCSVMHEALHNHYTQKSLSL,TTYKLVINGKTLKGETTTEAVDAATAEKVFKQYANDNGVDGEWTYDDATKTFTVTE
112,1XD3,3e-07,MEGQRWLPLEANPEVTNQFLKQLGLHPNWQFVDVYGMDPELLSMVPRPVCAVLLLFPITEKYEVFRTEEEEKIKSQGQDVTSSVYFMKQTISNACGTIGLIHAIANNKDKMHFESGSTLKKFLEESVSMSPEERARYLENYDAIRVTHETSAHEGQTEAPSIDEKVDLHFIALVHVDGHLYELDGRKPFPINHGETSDETLLEDAIEVCKKFMERDPDELRFNAIALSAA,MQIFVKTLTGKTITLEVEPSDTIENVKAKIQDKEGIPPDQQRLIFAGKQLEDGRTLSDYNIQKESTLHLVLRLRG
130,1CZ8,2.9e-09,VVKFMDVYQRSYCHPIETLVDIFQEYPDEIEYIFKPSCVPLMRCGGCCNDEGLECVPTEESNITMQIMRIKPHQGQHIGEMSFLQHNKCECRPK,DIQLTQSPSSLSASVGDRVTITCSASQDISNYLNWYQQKPGKAPKVLIYFTSSLHSGVPSRFSGSGSGTDFTLTISSLQPEDFATYYCQQYSTVPWTFGQGTKVEIKRTVAAPSVFIFPPSDEQLKSGTASVVCLLNNFYPREAKVQWKVDNALQSGNSQESVTEQDSKDSTYSLSSTLTLSKADYEKHKVYACEVTHQGLSSPVTKSFNRGEC
146,4CPA,1.5e-09,ARSTNTFNYATYHTLDEIYDFMDLLVAQHPELVSKLQIGRSYEGRPIYVLKFSTGGSNRPAIWIDLGIHSREWITQATGVWFAKKFTENYGQNPSFTAILDSMDIFLEIVTNPNGFAFTHSENRLWRKTRSVTSSSLCVGVDANRNWDAGFGKAGASSSPCSETYHGKYANSEVEVKSIVDFVKNHGNFKAFLSIHSYSQLLLYPYGYTTQSIPDKTELNQVAKSAVAALKSLYGTSYKYGSIITTIYQASGGSIDWSYNQGIKYSFTFELRDTGRYGFLLPASQIIPTAQETWLGVLTIMEHTVNN,ZZHADPICNKPCKTHDDCSGAWFCQACWNSARTCGPYV
242,1JCK,1.85e-07,AVTQSPRNKVAVTGGKVTLSCQQTNNHNNMYWYRQDTGHGLRLIHYSYGAGSTEKGDIPDGYKASRPSQEQFSLILELATPSQTSVYFCASGGGRGSYAEQFFGPGTRLTVLEDLRQVTPPKVSLFEPSKAEIANKQKATLVCLARGFFPDHVELSWWVNGKEVHSGVSTDPQAYKESNYSYCLSSRLRVSATFWHNPRNHFRCQVQFHGLSEEDKWPEGSPKPVTQNISAEAWGRAD,ESQPDPMPDDLHKSSEFTGTMGNMKYLYDDHYVSATKVKSVDKFLAHDLIYNINDKKLNNYDKVKTELLNEDLANKYKDEVVDVYGSNYYVNCYFSSKDNVGKVTSGKTCMYGGITKHEGNHFDNGNLQNVLIRVYENKRNTISFEVQTDKKSVTAQELDIKARNFLINKKNLYEFNSSPYETGYIKFIESNGNTFWYDMMPAPGDKFDQSKYLMIYKDNKMVDSKSVKIEVHLTTKNG
263,1JTG,6.83e-09,HPETLVKVKDAEDQLGARVGYIELDLNSGKILESFRPEERFPMMSTFKVLLCGAVLSRIDAGQEQLGRRIHYSQNDLVEYSPVTEKHLTDGMTVRELCSAAITMSDNTAANLLLTTIGGPKELTAFLHNMGDHVTRLDRWEPELNEAIPNDERDTTMPVAMATTLRKLLTGELLTLASRQQLIDWMEADKVAGPLLRSALPAGWFIADKSGAGERGSRGIIAALGPDGKPSRIVVIYTTGSQATMDERNRQIAEIGASLIKHW,AGVMTGAKFTQIQFGMTRQQVLDIAGAENCETGGSFGDSIHCRGHAAGDYYAYATFGFTSAAADAKVDSKSQEKLLAPSAPTLTLAKFNQVTVGMTRAQVLATVGQGSCTTWSEYYPAYPSTAGVTLSLSCFDVDGYSSTGFYRGSAHLWFTDGVLQGKRQWDLV
294,1DQJ,2.78e-09,DIVLTQSPATLSVTPGDSVSLSCRASQSISNNLHWYQQKSHESPRLLIKYASQSISGIPSRFSGSGSGTDFTLSINSVETEDFGMYFCQQSNSWPYTFGGGTKLEIKRADAAPTVSIFPPSSEQLTSGGASVVCFLNNFYPKDINVKWKIDGSERQNGVLNSWTDQDSKDSTYSMSSTLTLTKDEYERHNSYTCEATHKTSTSPIVKSFNRNEC,EVQLQESGPSLVKPSQTLSLTCSVTGDSVTSDYWSWIRKFPGNKLEYMGYISYSGSTYYHPSLKSRISITRDTSKNQYYLQLNSVTTEDTATYYCASWGGDVWGAGTTVTVSSAKTTAPSVYPLAPVCGDTTGSSVTLGCLVKGYFPEPVTLTWNSGSLSSGVHTFPAVLQSDLYTLSSSVTVTSSTWPSQSITCNVAHPASSTKVDKKI
299,2I9B,9.1e-10,RSSNELHQVPSNCDCLNGGTCVSNKYFSNIHWCNCPKKFGGQHCEIDKSKTCYEGNGHFYRGKASTDTMGRPCLPWNSATVLQQTYHAHRSDALQLGLGKHNYCRNPDNRRRPWCYVQVGLKPLVQECMVHDCADGKKPSSPPEE,RSLRCMQCKTNGDCRVEECALGQDLCRTTIVRLWEEGEELELVEKSCTHSEKTNRTLSYRTGLKITSLTEVVCGLDLCNQGNSGRAVTYSRSRYLECISCGSSDMSCERGRHQSLQCRSPEEQCLDVVTHWIQEGEEGRPKDDRHLRGCGYLPGCPGSNGFHNQDTFHFLKCCQTTKCNEGPILELENLPQNGRQCYSCKGQSTHGCSSEETFLIDCRGPMNQCLVATGTHEPKQQSYMVRGCATASMCQHAHLGDAFSMNHIDVSCCTKSGCNHPDLD
317,1F47,2.16e-05,MDKPKRKEAVIIMNVAAHHGSELNGELLLNSIQQAGFIFGDMNIYHRHLSPDGSGPALFSLANMVKPGTFDPEMKDFTTPGVTIFMQVPSYGDELQLFKLMLQSAQHIADEVGGVVLDDQRRMMTPQKLREYQDIIREVKDANA,KEPDYLDIPAFLRKQAD
327,1REW,6.67e-10,QAKHKQRKRLKSSCKRHPLYVDFSDVGWNDWIVAPPGYHAFYCHGECPFPLADHLNSTNHAIVQTLVNSVNSKIPKACCVPTELSAISMLYLDENEKVVLKNYQDMVVEGCGCR,GSGAMAQNLDSMLHGTGMKSDSDQKKSENGVTLAPEDTLPFLKCYCSGHCPDDAINNTCITNGHCFAIIEEDDQGETTLASGCMKYEGSDFQCKDSPKAQLRRTIECCRTNLCNQYLQPTLPPVVIGPFFDGSIR
373,1E50,4.5e-08,SMVEVLADHPGELVRTDSPNFLCSVLPTHWRCNKTLPIAFKVVALGDVPDGTLVTVMAGNDENYSAELRNATAAMKNQVARFNDLRFVGRSGRGKSFTLTITVFTNPPQVATYHRAIKITVDGPREPRRHRQKL,PRVVPDQRSKFENEEFFRKLSRECEIKYTGFRDRPHEERQARFQNACRDGRSEIAFVATGTNLSLQFFPASWQGEQRQTPSREYVDLEREAGKVYLKAPMILNGVCVIWKGWIDLQRLDGMGCLEFDEERAQQE
379,1JRH,1.2e-08,SVEMTQSPSSFSVSLGDRVTITCKASEDIYNRLAWYQQKPGNAPRLLISGATSLETEVPSRFSGSGSGKDYTLSITSLQTEDVATYYCQQYWSTWTFGGGTKLEIKRADAAPTVSIFPPSSEQLTSGGASVVCFLNNFYPKDINVKWKIDGSERQNGVLNSWTDQDSKDSTYSMSSTLTLTKDEYERHNSYTCEATHKTSTSPIVKSFNRNEC,AVKLQESGPGILKPSQTLSLTCSFSGFSLTTYGMGVGWIRQSSGKGLEWLAHIWWDDDKYYNPSLKSRLTISKDTSRNQVFLKITSVATADTATYYCARRAPFYGNHAMDYWGQGTTVTVSSAKTTPPSVYPLAPGSAAQTNSMVTLGCLVKGYFPEPVTVTWNSGSLSSGVHTFPAVLQSDLYTLSSSVTVPSSPRPSETVTCNVAHPASSTKVDKKI
403,1HE8,1.3e-06,SEESQAFQRQLTALIGYDVTDVSNVHDDELEFTRRGLVTPRMAEVASRDPKLYAMHPWVTSKPLPEYLWKKIANNCIFIKIHRSTTSQTIKVSPDDTPGAILQSFFTKMAKKKSLMDIPESQSEQDFVLRVCGRDEYLVGETPIKNFQWVRHCLKNGEEIHVVLDTPPDPALDEVRKEEWPLADDCTGVTGYHEQLTIHGKDHESVFTVSLWDCDRKFRVKIRGIDIPVLPRNTDLTVFVEANIQHGQQVLCQRRTSPKPFTEEVLWNVWLEFSIKIKDLPKGALLNLQIYCGKAPALSSKASAESPSSESKGKVRLLYYVNLLLIDHRFLLRRGEYVLHMWQISGKGEDQGSFNADKLTSATNPDKENSMSISILLDNYCHPIALPKHQPTPDPEGDRVRAEMPNQLRKQLEAIIATDPLNPLTAEDKELLWHFRYESLKHPKAYPKLFSSVKWGQQEIVAKTYQLLARREVWDQSALDVGLTMQLLDCNFSDENVRAIAVQKLESLEDDDVLHYLLQLVQAVKFEPYHDSALARFLLKRGLRNKRIGHFLFWFLRSEIAQSRHYQQRFAVILEAYLRGCGTAMLHDFTQQVQVIEMLQKVTLDIKSLSAEKYDVSSQVISQLKQKLENLQNSQLPESFRVPYDPGLKAGALAIEKCKVMASKKKPLWLEFKCADPTALSNETIGIIFKHGDDLRQDMLILQILRIMESIWETESLDLCLLPYGCISTGDKIGMIEIVKDATTIAKIQQSTVGNTGAFKDEVLNHWLKEKSPTEEKFQAAVERFVYSCAGYCVATFVLGIGDRHNDNIMITETGNLFHIDFGHILGNYKSFLGINKERVPFVLTPDFLFVMGTSGKKTSPHFQKFQDICVKAYLALRHHTNLLIILFSMMLMTGMPQLTSKEDIEYIRDALTVGKNEEDAKKYFLDQIEVCRDKGWTVQFNWFLHLVLGIKQGEKHSAHHHHHH,MTEYKLVVVGAVGVGKSALTIQLIQNHFVDEYDPTIEDSYRKQVVIDGETCLLDILDTAGQEEYSAMRDQYMRTGEGFLCVFAINNTKSFEDIHQYREQIKRVKDSDDVPMVLVGNKCDLAARTVESRQAQDLARSYGIPYIETSAKTRQGVEDAFYTLVREIRQH
413,2PCC,1.15e-06,MITTPLVHVASVEKGRSYEDFQKVYNAIALKLREDDEYDNYIGYGPVLVRLAWHISGTWDKHDNTGGSYGGTYRFKKEFNDPSNAGLQNGFKFLEPIHKEFPWISSGDLFSLGGVTAVQEMQGPKIPWRCGRVDTPEDTTPDNGRLPDADKDAGYVRTFFQRLNMNDREVVALMGAHALGKTHLKNSGYEGPWGAANNVFTNEFYLNLLNEDWKLEKNDANNEQWDSKSGYMMLPTDYSLIQDPKYLSIVKEYANDQDKFFKDFSKAFEKLLENGITFPKDAPSPFIFKTLEEQGL,TEFKAGSAKKGATLFKTRCLQCHTVEKGGPHKVGPNLHGIFGRHSGQAEGYSYTDANIKKNVLWDENNMSEYLTNPKKYIPGTKMAFGGLKKEKDRNDLITYLKKACE
596,1PPF,1.64e-10,IVGGRRARPHAWPFMVSLQLRGGHFCGATLIAPNFVMSAAHCVANVNVRAVRVVLGAHNLSRREPTRQVFAVQRIFENGYDPVNLLNDIVILQLNGSATINANVQVAQLPAQGRRLGNGVQCLAMGWGLLGRNRGIASVLQELNVTVVTSLCRRSNVCTLVRGRQAGVCFGDSGSPLVCNGLIHGIASFVRGGCASGLYPDAFAPVAQFVNWIDSIIQ,LAAVSVDCSEYPKPACTLEYRPLCGSDNKTYGNKCNFCNAVVESNGTLTLSHFGKC
767,1R0R,2.94e-11,AQTVPYGIPLIKADKVQAQGFKGANVKVAVLDTGIQASHPDLNVVGGASFVAGEAYNTDGNGHGTHVAGTVAALDNTTGVLGVAPSVSLYAVKVLNSSGSGSYSGIVSGIEWATTNGMDVINMSLGGASGSTAMKQAVDNAYARGVVVVAAAGNSGNSGSTNTIGYPAKYDSVIAVGAVDSNSNRASFSSVGAELEVMAPGAGVYSTYPTNTYATLNGTSMASPHVAGAAALILSKHPNLSASQVRNRLSSTATYLGSSFYYGKGLINVEAAAQ,VDCSEYPKPACTLEYRPLCGSDNKTYGNKCNFCNAVVESNGTLTLSHFGKC
938,3SGB,1.79e-11,ISGGDAIYSSTGRCSLGFNVRSGSTYYFLTAGHCTDGATTWWANSARTTVLGTTSGSSFPNNDYGIVRYTNTTIPKDGTVGGQDITSAANATVGMAVTRRGSTTGTHSGSVTALNATVNYGGGDVVYGMIRTNVCAEPGDSGGPLYSGTRAIGLTSGGSGNCSSGGTTFFQPVTEALVAYGVSVY,LAAVSVDCSEYPKPACTLEYRPLCGSDNKTYGNKCNFCNAVVESNGTLTLSHFGKC
1109,1JDH,2e-09,AVVNLINYQDDAELATRAIPELTKLLNDEDQVVVNKAAVMVHQLSKKEASRHAIMRSPQMVSAIVRTMQNTNDVETARCTAGTLHNLSHHREGLLAIFKSGGIPALVKMLGSPVDSVLFYAITTLHNLLLHQEGAKMAVRLAGGLQKMVALLNKTNVKFLAITTDCLQILAYGNQESKLIILASGGPQALVNIMRTYTYEKLLWTTSRVLKVLSVCSSNKPAIVEAGGMQALGLHLTDPSQRLVQNCLWTLRNLSDAATKQEGMEGLLGTLVQLLGSDDINVVTCAAGILSNLTCNNYKNKMMVCQVGGIEALVRTVLRAGDREDITEPAICALRHLTSRHQEAEMAQNAVRLHYGLPVVVKLLHPPSHWPLIKATVGLIRNLALCPANHAPLREQGAIPRLVQLLVRAHQDTQRRTSMGGTQQQFVEGVRMEEIVEGCTGALHILARDVHNRIVIRGLNTIPLFVQLLYSPIENIQRVAAGVLCELAQDKEAAEAIEAEGATAPLTELLHSRNEGVATYAAAVLFRMS,LGANDELISFKDEGEQEEKSSENSSAERDLADVKSSLV
1169,1GCQ,1.68e-05,GSTYVQALFDFDPQEDGELGFRRGDFIHVMDNSDPNWWKGACHGQTGMFPRNYVTPVNRNV,GSHMPKMEVFQEYYGIPPPPGAFGPFLRLNPGDIVELTKAEAEHNWWEGRNTATNEVGWFPCNRVHPYVH
1176,1F5R,6.5e-05,EAFPVDDDDKGGYTCQENSVPYQVSLNSGYHFCGGSLINDQWVVSAAHCYKSRIQVRLGEHNINVLEGNEQFVNAAKIIKHPNFDRKTLNNDIMLIKLSSPVKLNARVATVALPSSCAPAGTQCLISGWGNTLSSGVNEPDLLKCLDAPLLPQADCEASYPGKITDNMVCVGFLEGGKDSCQGDSGGPVVCNGELQGIVSWGYGCALPDNPGVYTKVCNYVDWIQDTIAAN,RPDFCLEPPYTGPCKARIIRYFYNAKAGLCQTFVYGGCRAKRNNFKSAEDCMRTCGGAIGPWENL
1177,1FY8,9e-06,EAFPVDDDDKGGYTCQENSVPYQVSLNSGYHFCGGSLINDQWVVSAAHCYKSRIQVRLGEHNINVLEGNEQFVNAAKIIKHPNFDRKTLNNDIMLIKLSSPVKLNARVATVALPSSCAPAGTQCLISGWGNTLSSGVNEPDLLQCLDAPLLPQADCEASYPGKITDNMVCVGFLEGGKDSCQGDSGGPVVCNGELQGIVSWGYGCALPDNPGVYTKVCNYVDWIQDTIAAN,RPDFCLEPPYTGPCKARIIRYFYNAKAGLCQTFVYGGCRAKRNNFKSAEDCMRTCGGA
1182,1IAR,1.5e-10,HKCDITLQEIIKTLNSLTEQKTLCTELTVTDIFAASKNTTEKETFCRAATVLRQFYSHHEKDTRCLGATAQQFHRHKQLIRFLKRLDRNLWGLAGLNSCPVKEANQSTLENFLERLKTIMREKYSKCSS,FKVLQEPTCVSDYMSISTCEWKMNGPTNCSTELRLLYQLVFLLSEAHTCIPENNGGAGCVCHLLMDDVVSADNYTLDLWAGQQLLWKGSFKPSEHVKPRAPGNLTVHTNVSDTLLLTWSNPYPPDNYLYNHLTYAVNIWSENDPADFRIYNVTYLEPSLRIAASTLKSGISYRARVRAWAQAYNTTWSEWSPSTKWHNSYREPFEQH
1306,1S1Q,0.000635,MAVSESQLKKMVSKYKYRDLTVRETVNVITLYKDLKPVLDSYVFNDGSSRELMNLTGTIPVPYRGNTYNIPICLWLLDTYPYNPPICFVKPTSSMTIKTGKHVDANGKIYLPYLHEWKHPQSDLLGLIQVMIVVFGDEPPVFSRP,MQIFVKTLTGKTITLEVEPSDTIENVKAKIQDKEGIPPDQQRLIFAGKQLEDGRTLSDYNIQKESTLHLVLRLRGG
1357,1UEA,2e-10,FRTFPGIPKWRKTHLTYRIVNYTPDLPKDAVDSAVEKALKVWEEVTPLTFSRLYEGEADIMISFAVREHGDFYPFDGPGNVLAHAYAPGPGINGDAHFDDDEQWTKDTTGTNLFLVAAHEIGHSLGLFHSANTEALMYPLYHSLTDLTRFRLSQDDINGIQSLYGPPPDSPET,CTCVPPHPQTAFCNSDLVIRAKFVGTPEVAQTTLYQRYEIKMTKMYKGFQALGDAADIRFVYTPAMESVCGYFHRSHARSEEFLIAGKLQDGLLHITTCSFVAPWNSLSLAQRRGFTKTYTVGCEECTVFPCLSIPCKLQSGTHCLWTDQLLQGSEKGFQSRHLACLPREPGLCTWQSLRSQIA
1373,2J0T,4e-10,MVLTEGNPRWEQTHLTYRIENYTPDLPRADVDHAIEKAFQLWSNVTPLTFTKVSEGQADIMISFVRGDHRDNSPFDGPGGNLAHAFQPGPGIGGDAHFDEDERWTNNFREYNLHRVAAHELGHSLGLSHSTDIGALMYPSYTFSGDVQLAQDDIDGIQAIYGRSQNPVQP,CTCVPPHPQTAFCNSDLVIRAKFVGTPEVNQTTLYQRYEIKMTKMYKGFQALGDAADIRFVYTPAMESVCGYFHRSHNRSEEFLIAGKLQDGLLHITTCSFVAPWNSLSLAQRRGFTKTYTVGCEE
1389,1MQ8,0.0015,QTSVSPSKVILPRGGSVLVTCSTSCDQPKLLGIETPLPKKELLLPGNNRKVYELSNVQEDSQPMCYSNCPDGQSTAKTFLTVYWTPERVELAPLPSWQPVGKNLTLRCQVEGGAPRANLTVVLLRGEKELKREPAVGEPAEVTTTVLVRRDHHGANFSCRTELDLRPQGLELFENTSAPYQLQTFVLPATPPQLVSPRVLEVDTQGTVVCSLDGLFPVSEAQVHLALGDQRLNPTVTYGNDSFSAKASVSVTAEDEGTQRLTCAVILGNQSQETLQTVTIYSFPAPNVILT,VDLVFLFDGSMSLQPDEFQKILDFMKDVMKKCSNTSYQFAAVQFSTSYKTEFDFSDYVKRKDPDALLKHVKHMLLLTNTFGAINYVATEVFREELGARPDATKVLIIITDGEATDSGNIDAAKDIIRYIIGIGKHFQTKESQETLHKFASKPASEFVKILDTFEKLKDLCTELQKKI
1403,1KAC,2.9e-07,TPYDPLTLWTTPDPPPNCSLIQELDAKLTLCLTKNGSIVNGIVSLVGVKGNLLNIQSTTTTVGVHLVFDEQGRLITSTPTALVPQASWGYRQGQSVSTNTVTNGLGFMPNVSAYPRPNASEAKSQMVSLTYLQGDTSKPITMKVAFNGITSLNGYSLTFMWSGLSNYINQPFSTPSCSFSYITQE,GITTPEEMIEKAKGETAYLPCKFTLSPEDQGPLDIEWLISPADNQKVDQVIILYSGDKIYDDYYPDLKGRVHFTSNDLKSGDASINVTNLQLSDIGTYQCKVKKAPGVANKKIHLVVLVKPSGA
3112,1DKG,2e-07,MSSKEQKTPEGQAPEEIIMDQHEEIEAVEPEASAEQVDPRDEKVANLEAQLAEAQTRERDGILRVKAEMENLRRRTELDIEKAHKFALEKFINELLPVIDSLDRALEVADKANPDMSAMVEDIELTLKSMLDVVRKFGVEVIAETNVPLDPNVHQAIAMVESDDVAPGNVLGIMQKGYTLNGRTIRAAMVTVAKAKA,MGKIIGIDLGTTNSCVAIMDGTTPRVLENAEGDRTTPSIIAYTQDGETLVGQPAKRQAVTNPQNTLFAIKRLIGRRFQDEEVQRDVSIMPFKIIAADNGDAWVEVKGQKMAPPQISAEVLKKMKKTAEDYLGEPVTEAVITVPAYFNDAQRQATKDAGRIAGLEVKRIINEPTAAALAYGLDKGTGNRTIAVYDLGGGTFDISIIEIDEVDGEKTFEVLATNGDTHLGGEDFDSRLINYLVEEFKKDQGIDLRNDPLAMQRLKEAAEKAKIELSSAQQTDVNLPYITADATGPKHMNIKVTRAKLESLVEDLVNRSIELLKVALQDAGLSVSDIDDVILVGGQTRMPMVQKKVAEFFGKEPRKDVNPDEAVAIGAAVQGGVLT
3128,1LFD,1.94e-06,GDCCIIRVSLDVDNGNMYKSILVTSQDKAPTVIRKAMDKHNLDEDEPEDYELLQIISEDHKLKIPENANVFYAMNSAANYDFILKKR,MTEYKLVVVGAGGVGKSALTIQLIQNHFVDKYDPTIEDSYRKQVVIDGETCLLDILDTAGQEEYSAMRDQYMRTGEGFLCVFAINNTKSFEDIHQYREQIKRVKDSDDVPMVLVGNKCDLAARTVESRQAQDLARSYGIPYIETSAKTRQGVEDAFYTLVREIRQHK
3224,1GUA,4.9e-07,MREYKLVVLGSGGVGKSALTVQFVQGIFVDEYDPTIEDSYRKQVEVDCQQCMLEILDTAGTEQFTAMRDLYMKNGQGFALVYSITAQSTFNDLQDLREQILRVKDTEDVPMILVGNKCDLEDERVVGKEQGQNLARQWCNCAFLESSAKSKINVNEIFYDLVRQINR,PSKTSNTIRVFLPNKQRTVVNVRNGMSLHDCLMKALKVRGLQPECCAVFRLLHEHKGKKARLDWNTDAASLIGEELQVDFL
3258,3KUD,8e-08,MTEYKLVVVGAGGVGKSALTIQLIQNHFVDEYDPTIEDSYRKQVVIDGETCLLDILDTAGQEEYSAMRDQYMRTGEGFLCVFAINNTKSFEDIHQYREQIKRVKDSDDVPMVLVGNKCDLAARTVESRQAQDLARSYGIPYIETSAKTRQGVEDAFYTLVREIRQH,PSKTSNTIRVFLPNKQRTVVNVRNGMSLHDCLMKKLKVRGLQPECCAVFRLLHEHKGKKARLDWNTDAASLIGEELQVDFL
3303,3N4I,1.13e-06,SPQPLEQIKLSESQLSGRVGMIEMDLASGRTLTAWRADERFPMMSTFKVVLCGAVLARVDAGDEQLERKIHYRQQDLVEYSPVSEKHLADGMTVGELCAAAITMSDNSAANLLLATVGGPAGLTAFLRQIGDNVTRLDRWETELNEALPGDARDTTTPASMAATLRKLLTSQRLSARSQRQLLQWMVDDRVAGPLIRSVLPAGWFIADKTGAGERGARGIVALLGPNNKAERIVVIYLRDTPASMAERNQQIAGIGAALIEHWQR,AGVMTGAKFTQIQFGMTRQQVLDIAGAENCETGGSFGDSIHCRGHAAGDYYAYATFGFTSAAADAKVDSKSQEKLLAPSAPTLTLAKFNQVTVGMTRAQVLATVGQGSCTTWSEYYPAYPSTAGVTLSLSCFDVDGYSSTGFYRGSAHLWFTDGVLQGKRQWDLV
3372,1TM3,1.9e-11,AQSVPYGVSQIKAPALHSQGYTGSNVKVAVIDSGIDSSHPDLKVAGGASMVPSETNPFQDNNSHGTHVAGTVAALNNSIGVLGVAPSASLYAVKVLGADGSGQYSWIINGIEWAIANNMDVINMSLGGPSGSAALKAAVDKAVASGVVVVAAAGNEGTSGSSSTVGYPGKYPSVIAVGAVDSSNQRASFSSVGPELDVMAPGVSIQSTLPGNKYGAYNGTSMASPHVAGAAALILSKHPNWTNTQVRSSLENTTTKLGDSFYYGKGLINVQAAAQHHHHHH,MKTEWPELVGKSVEEAKKVILQDKPAAQIIVLPVGTIVTKEYRIDRVRLFVDRLDNIAQVPRVG
3373,1TM4,1.3e-10,AQSVPYGVSQIKAPALHSQGYTGSNVKVAVIDSGIDSSHPDLKVAGGASMVPSETNPFQDNNSHGTHVAGTVAALNNSIGVLGVAPSASLYAVKVLGADGSGQYSWIINGIEWAIANNMDVINMSLGGPSGSAALKAAVDKAVASGVVVVAAAGNEGTSGSSSTVGYPGKYPSVIAVGAVDSSNQRASFSSVGPELDVMAPGVSIQSTLPGNKYGAYNGTSMASPHVAGAAALILSKHPNWTNTQVRSSLENTTTKLGDSFYYGKGLINVQAAAQHHHHHH,MKTEWPELVGKSVEEAKKVILQDKPAAQIIVLPVGTIVTGEYRIDRVRLFVDRLDNIAQVPRVG
3374,1TM5,1.7e-11,AQSVPYGVSQIKAPALHSQGYTGSNVKVAVIDSGIDSSHPDLKVAGGASMVPSETNPFQDNNSHGTHVAGTVAALNNSIGVLGVAPSASLYAVKVLGADGSGQYSWIINGIEWAIANNMDVINMSLGGPSGSAALKAAVDKAVASGVVVVAAAGNEGTSGSSSTVGYPGKYPSVIAVGAVDSSNQRASFSSVGPELDVMAPGVSIQSTLPGNKYGAYNGTSMASPHVAGAAALILSKHPNWTNTQVRSSLENTTTKLGDSFYYGKGLINVQAAAQHHHHHH,MKTEWPELVGKSVEEAKKVILQDKPAAQIIVLPVGTIVTAEYRIDRVRLFVDRLDNIAQVPRVG
3375,1TM7,3.3e-12,AQSVPYGVSQIKAPALHSQGYTGSNVKVAVIDSGIDSSHPDLKVAGGASMVPSETNPFQDNNSHGTHVAGTVAALNNSIGVLGVAPSASLYAVKVLGADGSGQYSWIINGIEWAIANNMDVINMSLGGPSGSAALKAAVDKAVASGVVVVAAAGNEGTSGSSSTVGYPGKYPSVIAVGAVDSSNQRASFSSVGPELDVMAPGVSIQSTLPGNKYGAYNGTSMASPHVAGAAALILSKHPNWTNTQVRSSLENTTTKLGDSFYYGKGLINVQAAAQHHHHHH,MKTEWPELVGKSVEEAKKVILQDKPAAQIIVLPVGTIVTYEYRIDRVRLFVDRLDNIAQVPRVG
3376,1TMG,1.7e-11,AQSVPYGVSQIKAPALHSQGYTGSNVKVAVIDSGIDSSHPDLKVAGGASMVPSETNPFQDNNSHGTHVAGTVAALNNSIGVLGVAPSASLYAVKVLGADGSGQYSWIINGIEWAIANNMDVINMSLGGPSGSAALKAAVDKAVASGVVVVAAAGNEGTSGSSSTVGYPGKYPSVIAVGAVDSSNQRASFSSVGPELDVMAPGVSIQSTLPGNKYGAYNGTSMASPHVAGAAALILSKHPNWTNTQVRSSLENTTTKLGDSFYYGKGLINVQAAAQHHHHHH,MKTEWPELVGKSVEEAKKVILQDKPAAQIIVLPVGTIVTFEYRIDRVRLFVDRLDNIAQVPRVG
3377,1TO1,4.6e-10,AQSVPYGVSQIKAPALHSQGYTGSNVKVAVIDSGIDSSHPDLKVAGGASMVPSETNPFQDNNSHGTHVAGTVAALNNSIGVLGVAPSASLYAVKVLGADGSGQYSWIINGIEWAIANNMDVINMSLGGPSGSAALKAAVDKAVASGVVVVAAAGNEGTSGSSSTVGYPGKYPSVIAVGAVDSSNQRASFSSVGPELDVMAPGVSIQSTLPGNKYGAYNGTSMASPHVAGAAALILSKHPNWTNTQVRSSLENTTTKLGDSFYYGKGLINVQAAAQHHHHHH,MKTEWPELVGKSVEEAKKVILQDKPAAQIIVLPVGTIVTMEARIDRVRLFVDRLDNIAQVPRVG
3437,1S0W,1.66e-07,HPETLVKVKDAEDQLGARVGYIELDLNSGKILESFRPEERFPMMSTFKVLLCGAVLSRVDAGQEQLGRRIHYSQNDLVEYSPVTEKHLTDGMTVRELCSAAITMSDNTAANLLLTTIGGPKELTAFLHNMGDHVTRLDRWEPELNEAIPNDERDTTMPAAMATTLRKLLTGELLTLASRQQLIDWMEADKVAGPLLRSALPAGWFIADKSGAGERGSRGIIAALGPDGKPSRIVVIYTTGSQATMDERNRQIAEIGASLIKHW,AGVMTGAKFTQIQFGMTRQQVLDIAGAENCETGGSFGDSIHCRGHAAGDYYAYATFGFTSAAADAKVDSKSQEKLLAPSAPTLTLAKFNQVTVGMTRAQVLATVGQGSCTTWSEYYPAYPSTAGVTLSLSCFDVDGYSSTGAYRGSAHLWFTDGVLQGKRQWDLV
3438,1XXM,2.8e-07,HPETLVKVKDAEDQLGARVGYIELDLNSGKILESFRPEERFPMMSTFKVLLCGAVLSRIDAGQEQLGRRIHYSQNDLVAASPVTEKHLTDGMTVRELCSAAITMSDNTAANLLLTTIGGPKELTAFLHNMGDHVTRLDRWEPELNEAIPNDERDTTMPAAMATTLRKLLTGELLTLASRQQLIDWMEADKVAGPLLRSALPAGWFIADKSGAGERGSRGIIAALGPDGKPSRIVVIYTTGSQATMDERNRQIAEIGASLIKHW,AGVMTGAKFTQIQFGMTRQQVLDIAGAENCETGGSFGDSIHCRGHAAGDYYAYATFGFTSAAADAKVDSKSQEALLAPSAPTLTLAKFNQVTVGMTRAQVLATVGQGSCTTWSEYYPAYPSTAGVTLSLSCFDVDGYSSTGAARGSAHLWFTDGVLQGKRQWDLV
3455,2AJF,1.62e-08,STIEEQAKTFLDKFNHEAEDLFYQSSLASWNYNTNITEENVQNMNNAGDKWSAFLKEQSTLAQMYPLQEIQNLTVKLQLQALQQNGSSVLSEDKSKRLNTILNTMSTIYSTGKVCNPDNPQECLLLEPGLNEIMANSLDYNERLWAWESWRSEVGKQLRPLYEEYVVLKNEMARANHYEDYGDYWRGDYEVNGVDGYDYSRGQLIEDVEHTFEEIKPLYEHLHAYVRAKLMNAYPSYISPIGCLPAHLLGDMWGRFWTNLYSLTVPFGQKPNIDVTDAMVDQAWDAQRIFKEAEKFFVSVGLPNMTQGFWENSMLTDPGNVQKAVCHPTAWDLGKGDFRILMCTKVTMDDFLTAHHEMGHIQYDMAYAAQPFLLRNGANEGFHEAVGEIMSLSAATPKHLKSIGLLSPDFQEDNETEINFLLKQALTIVGTLPFTYMLEKWRWMVFKGEIPKDQWMKKWWEMKREIVGVVEPVPHDETYCDPASLFHVSNDYSFIRYYTRTLYQFQFQEALCQAAKHEGPLHKCDISNSTEAGQKLFNMLRLGKSEPWTLALENVVGAKNMNVRPLLNYFEPLFTWLKDQNKNSFVGWSTDWSPYAD,CPFGEVFNATKFPSVYAWERKKISNCVADYSVLYNSTFFSTFKCYGVSATKLNDLCFSNVYADSFVVKGDDVRQIAPGQTGVIADYNYKLPDDFMGCVLAWNTRNIDATSTGNYNYKYRYLRHGKLRPFERDISNVPFSPDGKPCTPPALNCYWPLNDYGFYTTTGIGYQPYRVVVLSFE
3459,1FYT,8.53e-08,IKEEHVIIQAEFYLNPDQSGEFMFDFDGDEIFHVDMAKKETVWRLEEFGRFASFEAQGALANIAVDKANLEIMTKRSNYTPITNVPPEVTVLTNSPVELREPNVLICFIDKFTPPVVNVTWLRNGKPVTTGVSETVFLPREDHLFRKFHYLPFLPSTEDVYDCRVEHWGLDEPLLKHWEFD,GDTRPRFLWQLKFECHFFNGTERVRLLERCIYNQEESVRFDSDVGEYRAVTELGRPDAEYWNSQKDLLEQRRAAVDTYCRHNYGVGESFTVQRRVEPKVTVYPSKTQPLQHHNLLVCSVSGFYPGSIEVRWFRNGQEEKAGVVSTGLIQNGDWTFQTLVMLETVPRSGEVYTCQVEHPSVTSPLTVEWRARS
3498,1Y1K,3e-10,AQSVPYGVSQIKAPALHSQGYTGSNVKVAVIDSGIDSSHPDLKVAGGASMVPSETNPFQDNNSHGTHVAGTVAALNNSIGVLGVAPSASLYAVKVLGADGSGQYSWIINGIEWAIANNMDVINMSLGGPSGSAALKAAVDKAVASGVVVVAAAGNEGTSGSSSTVGYPGKYPSVIAVGAVDSSNQRASFSSVGPELDVMAPGVSIQSTLPGNKYGAYNGTSMASPHVAGAAALILSKHPNWTNTQVRSSLENTTTKLGDSFYYGKGLINVQAAAQHHHHHH,MKTEWPELVGKSVEEAKKVILQDKPAAQIIVLPVGTIVAMEYRIDRVRLFVDRLDNIAQVPRVG
3499,1Y33,1.7e-09,AQSVPYGVSQIKAPALHSQGYTGSNVKVAVIDSGIDSSHPDLKVAGGASMVPSETNPFQDNNSHGTHVAGTVAALNNSIGVLGVAPSASLYAVKVLGADGSGQYSWIINGIEWAIANNMDVINMSLGGPSGSAALKAAVDKAVASGVVVVAAAGNEGTSGSSSTVGYPGKYPSVIAVGAVDSSNQRASFSSVGPELDVMAPGVSIQSTLPGNKYGAYNGTSMASPHVAGAAALILSKHPNWTNTQVRSSLENTTTKLGDSFYYGKGLINVQAAAQHHHHHH,MKTEWPELVGKSVEEAKKVILQDKPAAQIIVLPVGTIVPMEYRIDRVRLFVDRLDNIAQVPRVG
3500,1Y34,5.2e-10,AQSVPYGVSQIKAPALHSQGYTGSNVKVAVIDSGIDSSHPDLKVAGGASMVPSETNPFQDNNSHGTHVAGTVAALNNSIGVLGVAPSASLYAVKVLGADGSGQYSWIINGIEWAIANNMDVINMSLGGPSGSAALKAAVDKAVASGVVVVAAAGNEGTSGSSSTVGYPGKYPSVIAVGAVDSSNQRASFSSVGPELDVMAPGVSIQSTLPGNKYGAYNGTSMASPHVAGAAALILSKHPNWTNTQVRSSLENTTTKLGDSFYYGKGLINVQAAAQHHHHHH,MKTEWPELVGKSVEEAKKVILQDKPAAQIIVLPVGTIVTMAYRIDRVRLFVDRLDNIAQVPRVG
3501,1Y3B,3.1e-10,AQSVPYGVSQIKAPALHSQGYTGSNVKVAVIDSGIDSSHPDLKVAGGASMVPSETNPFQDNNSHGTHVAGTVAALNNSIGVLGVAPSASLYAVKVLGADGSGQYSWIINGIEWAIANNMDVINMSLGGPSGSAALKAAVDKAVASGVVVVAAAGNEGTSGSSSTVGYPGKYPSVIAVGAVDSSNQRASFSSVGPELDVMAPGVSIQSTLPGNKYGAYNGTSMASPHVAGAAALILSKHPNWTNTQVRSSLENTTTKLGDSFYYGKGLINVQAAAQHHHHHH,MKTEWPELVGKSVEEAKKVILQDKPAAQIIVLPVGTIVTMSYRIDRVRLFVDRLDNIAQVPRVG
3502,1Y3C,2.5e-11,AQSVPYGVSQIKAPALHSQGYTGSNVKVAVIDSGIDSSHPDLKVAGGASMVPSETNPFQDNNSHGTHVAGTVAALNNSIGVLGVAPSASLYAVKVLGADGSGQYSWIINGIEWAIANNMDVINMSLGGPSGSAALKAAVDKAVASGVVVVAAAGNEGTSGSSSTVGYPGKYPSVIAVGAVDSSNQRASFSSVGPELDVMAPGVSIQSTLPGNKYGAYNGTSMASPHVAGAAALILSKHPNWTNTQVRSSLENTTTKLGDSFYYGKGLINVQAAAQHHHHHH,MKTEWPELVGKSVEEAKKVILQDKPAAQIIVLPVGTIVTMEYAIDRVRLFVDRLDNIAQVPRVG
3503,1Y3D,5.6e-10,AQSVPYGVSQIKAPALHSQGYTGSNVKVAVIDSGIDSSHPDLKVAGGASMVPSETNPFQDNNSHGTHVAGTVAALNNSIGVLGVAPSASLYAVKVLGADGSGQYSWIINGIEWAIANNMDVINMSLGGPSGSAALKAAVDKAVASGVVVVAAAGNEGTSGSSSTVGYPGKYPSVIAVGAVDSSNQRASFSSVGPELDVMAPGVSIQSTLPGNKYGAYNGTSMASPHVAGAAALILSKHPNWTNTQVRSSLENTTTKLGDSFYYGKGLINVQAAAQHHHHHH,MKTEWPELVGKSVEEAKKVILQDKPAAQIIVLPVGTIVTMEYRIDRVALFVDRLDNIAQVPRVG
3504,1Y48,1.7e-09,AQSVPYGVSQIKAPALHSQGYTGSNVKVAVIDSGIDSSHPDLKVAGGASMVPSETNPFQDNNSHGTHVAGTVAALNNSIGVLGVAPSASLYAVKVLGADGSGQYSWIINGIEWAIANNMDVINMSLGGPSGSAALKAAVDKAVASGVVVVAAAGNEGTSGSSSTVGYPGKYPSVIAVGAVDSSNQRASFSSVGPELDVMAPGVSIQSTLPGNKYGAYNGTSMASPHVAGAAALILSKHPNWTNTQVRSSLENTTTKLGDSFYYGKGLINVQAAAQHHHHHH,MKTEWPELVGKSVEEAKKVILQDKPAAQIIVLPVGTIVTMEYRIDAVRLFVDRLDNIAQVPRVG
3505,1Y4A,1.2e-09,AQSVPYGVSQIKAPALHSQGYTGSNVKVAVIDSGIDSSHPDLKVAGGASMVPSETNPFQDNNSHGTHVAGTVAALNNSIGVLGVAPSASLYAVKVLGADGSGQYSWIINGIEWAIANNMDVINMSLGGPSGSAALKAAVDKAVASGVVVVAAAGNEGTSGSSSTVGYPGKYPSVIAVGAVDSSNQRASFSSVGPELDVMAPGVSIQSTLPGNKYGAYNGTSMASPHVAGAAALILSKHPNWTNTQVRSSLENTTTKLGDSFYYGKGLINVQAAAQHHHHHH,MKTEWPELVGKSVEEAKKVILQDKPAAQIIVLPVGTIVTRSYRIDRVRLFVDRLDNIAQVPRVG
3537,2A9K,6e-08,GSPGISGGGGGSQNSLALHKVIMVGSGGVGKSALTLQFMYDEFVEDYEPTKADSYRKKVVLDGEEVQIDILDTAGQEDYAAIRDNYFRSGEGFLCVFSITEMESFAATADFREQILRVKEDENVPFLLVGNKSDLEDKRQVSVEEAKNRAEQWNVNYVETSAKTRANVDKVFFDLMREIRARKMEDS,GSPGISGGGGGSAYSNTYQEFTNIDQAKAWGNAQYKKYGLSKSEKEAIVSYTKSASEINGKLRQNKGVINGFPSNLIKQVELLDKSFNKMKTPENIMLFRGDDPAYLGTEFQNTLLNSNGTINKTAFEKAKAKFLNKDRLEYGYISTSLMNVSQFAGRPIITKFKVAKGSKAGYIDPISAFAGQLEMLLPRHSTYHIDDMRLSSDGKQIIITATMMGTAINPK
3538,2B0Z,0.0001,TTPLVHVASVEKGRSYEDFQKVYNAIALKLREDDEYDNYIGYGPVLVRLAWHTSGTWDKHDNTGGSYGGTYRFKKEFNDPSNAGLQNGFKFLEPIHKEFPWISSGDLFSLGGVTAVQEMQGPKIPWRCGRVDTPEDTTPDNGRLPDADKDADYVRTFFQRLNMNDREVVALMGAHALGKTHLKNSGYEGPWGAANNVFTNEFYLNLLNEDWKLEKNDANNEQWDSKSGYMMLPTDYSLIQDPKYLSIVKEYANDQDKFFKDFSKAFEKLLENGITFPKDAPSPFIFKTLEEQGL,TEFKAGSAKKGATLFKTRCLQCHTVEKGGPHKVGPNLHGIFGRHSGQAEGYSYTDANIKKNVLWDENNMSEYLTNPKKYIPGTKMAIGGLKKEKDRNDLITYLKKACE
3539,2B10,1e-05,TTPLVHVASVEKGRSYEDFQKVYNAIALKLREDDEYDNYIGYGPVLVRLAWHTSGTWDKHDNTGGSYGGTYRFKKEFNDPSNAGLQNGFKFLEPIHKEFPWISSGDLFSLGGVTAVQEMQGPKIPWRCGRVDTPEDTTPDNGRLPDADKDADYVRTFFQRLNMNDREVVALMGAHALGKTHLKNSGYEGPWGAANNVFTNEFYLNLLNEDWKLEKNDANNEQWDSKSGYMMLPTDYSLIQDPKYLSIVKEYANDQDKFFKDFSKAFEKLLENGITFPKDAPSPFIFKTLEEQGL,TEFKAGSAKKGATLFKTRCLQCHTVEKGGPHKVGPNLHGIFGRHSGQAEGYSYTDANIKKNVLWDENNMSEYLTNPKKYIPGTKMASGGLKKEKDRNDLITYLKKACE
3540,2B11,5e-06,TTPLVHVASVEKGRSYEDFQKVYNAIALKLREDDEYDNYIGYGPVLVRLAWHTSGTWDKHDNTGGSYGGTYRFKKEFNDPSNAGLQNGFKFLEPIHKEFPWISSGDLFSLGGVTAVQEMQGPKIPWRCGRVDTPEDTTPDNGRLPDADKDADYVRTFFQRLNMNDREVVALMGAHALGKTHLKNSGYEGPWGAANNVFTNEFYLNLLNEDWKLEKNDANNEQWDSKSGYMMLPTDYSLIQDPKYLSIVKEYANDQDKFFKDFSKAFEKLLENGITFPKDAPSPFIFKTLEEQGL,TEFKAGSAKKGATLFKTRCLQCHTVEKGGPHKVGPNLHGIFGRHSGQAEGYSYTDANIKKNVLWDENNMSEYLTNPKKYIPGTKMAWGGLKKEKDRNDLITYLKKACE
3541,2B12,2e-05,TTPLVHVASVEKGRSYEDFQKVYNAIALKLREDDEYDNYIGYGPVLVRLAWHTSGTWDKHDNTGGSYGGTYRFKKEFNDPSNAGLQNGFKFLEPIHKEFPWISSGDLFSLGGVTAVQEMQGPKIPWRCGRVDTPEDTTPDNGRLPDADKDADYVRTFFQRLNMNDREVVALMGAHALGKTHLKNSGYEGPWGAANNVFTNEFYLNLLNEDWKLEKNDANNEQWDSKSGYMMLPTDYSLIQDPKYLSIVKEYANDQDKFFKDFSKAFEKLLENGITFPKDAPSPFIFKTLEEQGL,TEFKAGSAKKGATLFKTRCLQCHTVEKGGPHKVGPNLHGIFGRHSGQAEGYSYTDANIKKNVLWDENNMSEYLTNPKKYIPGTKMAYGGLKKEKDRNDLITYLKKACE
3542,2B42,1.07e-09,LPVLAPVTKDPATSLYTIPFHDGASLVLDVAGPLVWSTCKGGQPPAEIPCSSPTCLLANAYPAPGCPAPSCGSDKHDKPCTAYPYNPVSGACAAGSLSHTRFVANTTDGSKPVSKVNVGVLAACAPSKLLASLPRGSTGVAGLANSGLALPAQVASAQKVANRFLLCLPTGGPGVAIFGGGPVPWPQFTQSMPYTPLVTKGGSPAHYISARSIVVGDTRVPVPEGALATGGVMLSTRLPYVLLRPDVYRPLMDAFTKALAAQHANGAPVARAVVAVAPFGVCYDTKTLGNNLGGYAVPNVQLGLDGGSDWTMTGKNSMVDVKQGTACVAFVEMKGVAAGDGRAPAVILGGAQMEDFVLDFDMEKKRLGFSRLPHFTGCGGL,ASTDYWQNWTDGGGIVNAVNGSGGNYSVNWSNTGNFVVGKGWTTGSPFRTINYNAGVWAPNGNGYLTLYGWTRSPLIEYYVVDSWGTYRPTGTYKGTVKSDGGTYDIYTTTRYNAPSIDGDRTTFTQYWSVRQSKRPTGSNATITFTNHVNAWKSHGMNLGSNWAYQVMATEGYQSSGSSNVTVW
3545,1KTZ,3.2e-07,ALDTNYCFRNLEENCCVRPLYIDFRQDLGWKWVHEPKGYYANFCSGPCPYLRSADTTHSTVLGLYNTLNPEASASPCCVPQDLEPLTILYYVGRTPKVEQLSNMVVKSCKCS,VTDNNGAVKFPQLCKFCDVRFSTCDNQKSCMSNCSITSICEKPQEVCVAVWRKNDENITLETVCHDPKLPYHDFILEDAASPKCIMKEKKKPGETFFMCSCSSDECNDNIIFSEEYNTSNPD
3567,2I26,9.5e-09,ARVDQTPQTITKETGESLTINCVLRDSNCALSSTYWYRKKSGSTNEESISKGGRYVETVNSGSKSFSLRINDLTVEDSGTYRCKPESRYGSYDAECAALNDQYGGGTVVTVNAAAHHHHHH,KVFGRCELAAAMKRHGLDNYRGYSLGNWVCAAKFESNFNTQATNRNTDGSTDYGILQINSRWWCNDGRTPGSRNLCNIPCSALLSSDITASVNCAKKIVSDGNGMNAWVAWRNRCKGTDVQAWIRGCRL
3569,2G2U,1.25e-06,SPQPLEQIKLSESQLSGRVGMIEMDLASGRTLTAWRADERFPMMSTFKVVLCGAVLARVDAGDEQLERKIHYRQQDLVDYSPVSEKHLADGMTVGELCAAAITMSDNSAANLLLATVGGPAGLTAFLRQIGDNVTRLDRWETELNEALPGDARDTTTPASMAATLRKLLTSQRLSARSQRQLLQWMVDDRVAGPLIRSVLPAGWFIADKTGAGERGARGIVALLGPNNKAERIVVIYLRDTPASMAERNQQIAGIGAALIEHWQR,AGVMTGAKFTQIQFGMTRQQVLDIAGAENCETGGSFGDSIHCRGHAAGDYYAYATFGFTSAAADAKVDSKSQEKLLAPSAPTLTLAKFNQVTVGMTRAQVLATVGQGSCTTWSEYYPAYPSTAGVTLSLSCFDVDGYSSTGFYRGSAHLWFTDGVLQGKRQWDLV
3570,2G2W,5.82e-07,SPQPLEQIKLSESQLSGRVGMIEMDLASGRTLTAWRADERFPMMSTFKVVLCGAVLARVDAGDEQLERKIHYRQQDLVKYSPVSEKHLADGMTVGELCAAAITMSDNSAANLLLATVGGPAGLTAFLRQIGDNVTRLDRWETELNEALPGDARDTTTPASMAATLRKLLTSQRLSARSQRQLLQWMVDDRVAGPLIRSVLPAGWFIADKTGAGERGARGIVALLGPNNKAERIVVIYLRDTPASMAERNQQIAGIGAALIEHWQR,AGVMTGAKFTQIQFGMTRQQVLDIAGAENCETGGSFGDSIHCRGHAAGDYYAYATFGFTSAAADAKVDSKSQEKLLAPSAPTLTLAKFNQVTVGMTRAQVLATVGQGSCTTWSEYYPAYPSTAGVTLSLSCFDVDGYSSTGFYRGSAHLWFTDGVLQGKRQWDLV
3571,2HLE,4e-08,AGHHHHHHEETLLNTKLETADLKWVTFPQVDGQWEELSGLDEEQHSVRTYEVCDVQRAPGQAHWLRTGWVPRRGAVHVYATLRFTMLECLSLPRAGRSCKETFTVFYYESDADTATALTPAWMENPYIKVDTVAAEHLTRKRPGAEATGKVNVKTLRLGPLSKAGFYLAFQDQGACMALLSLHLFYKK,IVLEPIYWNSSNSKFLPGQGLVLYPQIGDKLDIICPKVDSKTVGQYEYYKVYMVDKDQADRCTIKKENTPLLNCARPDQDVKFTIKFQEFSPNLWGLEFQKNKDYYIISTSNGSLEGLDNQEGGVCQTRAMKILMKVG
3573,2J12,2e-08,GAMGSWNPKYDTRTLWTTPDTSPNCTIAQDKDSKLTLVLTKCGSQILANVSLIVVAGKYHIINNKTNPKIKSFTIKLLFNKNGVLLDNSNLGKAYWNFRSGNSNVSTAYEKAIGFMPNLVAYPKPSNSKKYARDIVYGTIYLGGKPDQPAVIKTTFNQETGCEYSITFNFSWSKTYENVEFETTSFTFSYIAQE,MADFARSLSITTPEEMIEKAKGETAYLPCKFTLSPEDQGPLDIEWLISPADNQKVDQVIILYSGDKIYDDYYPDLKGRVHFTSNDLKSGDASINVTNLQLSDIGTYQCKVKKAPGVANKKIHLVVLVK
3574,2J1K,1.1e-09,MADFARSLSITTPEEMIEKAKGETAYLPCKFTLSPEDQGPLDIEWLISPADNQKVDQVIILYSGDKIYDDYYPDLKGRVHFTSNDLKSGDASINVTNLQLSDIGTYQCKVKKAPGVANKKIHLVVLVK,MRGSHHHHHHGSPPAAPITLWTGPGPSINGFINDTPVIRCFICLTRDSNLVTVNASFVGEGGYRIVSPTQSQFSLIMEFDQFGQLMSTGNINSTTTWGEKPWGNNTVQPRPSHTWKLCMPNREVYSTPAATISRCGLDSIAVDGAPSRSIDCMLIINKPKGVATYTLTFRFLNFNRLSGGTLFKTDVLTFTYVGENQ
3642,2JEL,3.7e-09,DVLMTQTPLSLPVSLGDQASISCRSSQSIVHGNGNTYLEWYLQKPGQSPKLLIYKISNRFSGVPDRFSGSGSGTDFTLKISRVEAEDLGVYYCFQGSHVPYTFGGGTKLEIKRADAAPTVSIFPPSSEQLTSGGASVVCFLNNFYPKDINVKWKIGDGARQNGVLNSWTDQDSKDSTYSMSSTLTLTKDEYERHNSYTCEATHKTSDSPIVKSFNRN,QVQLAQSGPELVRPGVSVKISCKGSGYTFTTYAMHWVKQSHAKSLEWIGLISTYSGYTNYNQKFKGKATMTVDKSSSTAYMELARLTSEDSAIYYCARVMGEQYFDVWGAGTTVIVSSAATTPPSVYPLAPGSGGQGNSMVTLGCLVKGYFPEPVTVTWNSGSLSSGVHTFPAVLAADLYTLSSSVTVPSSPRPSETVTCNVAHPASSTKVDKKIAPG
3683,2O3B,3.2e-12,GSISVHLLLGNPSGATPTKLTPDNYLMVKNQYALSYNNSKGTANWVAWQLNSSWLGNAERQDNFRPDKTLPAGWVRVTPSMYSGSGYARGHIAPSADRTKTTEDNAATFLMTNMMPQTPDNNRNTWGNLEDYCRELVSQGKELYIVAGPNGSLGKPLKGKVTVPKSTWKIVVVLDSPGSGLEGITANTRVIAVNIPNDPELNNDWRAYKVSVDELESLTGYDFLSNVSPNIQTSIESKVDN,GSTKTNSEILEQLKQASDGLLFMSESEYPFEVFLWEGSAPPVTHEIVLQQTGHGQDAPFKVVDIDSFFSRATTPQDWYEDEENAVVAKFQKLLEVIKSNLKNPQVYRLGEVELDVYVIGETPAGNLAGISTKVVET
3691,2C0L,1.09e-07,HPQPFEEGLRRLQEGDLPNAVLLFEAAVQQDPKHMEAWQYLGTTQAENEQELLAISALRRCLELKPDNQTALMALAVSFTNESLQRQACEILRDWLRYTPAYAHLVTPAEEGAGGAGLGPSKRILGSLLSDSLFLEVKELFLAAVRLDPTSIDPDVQCGLGVLFNLSGEYDKAVDCFTAALSVRPNDYLLWNKLGATLANGNQSEEAVAAYRRALELQPGYIRSRYNLGISCINLGAHREAVEHFLEALNMQRKSRGPRGEGGAMSENIWSTLRLALSMLGQSDAYGAADARDLSTLLTMFGLPQ,SASDGFKANLVFKEIEKKLEEEGEQFVKKIGGIFAFKVKDGPGGKEATWVVDVKNGKGSVLPNSDKKADCTITMADSDFLALMTGKMNPQSAFFQGKLKITGNMGLAMKLQNLQLQPGNAKL
3694,2NYY,1.55e-10,PFVNKQFNYKDPVNGVDIAYIKIPNVGQMQPVKAFKIHNKIWVIPERDTFTNPEEGDLNPPPEAKQVPVSYYDSTYLSTDNEKDNYLKGVTKLFERIYSTDLGRMLLTSIVRGIPFWGGSTIDTELKVIDTNCINVIQPDGSYRSEELNLVIIGPSADIIQFECKSFGHEVLNLTRNGYGSTQYIRFSPDFTFGFEESLEVDTNPLLGAGKFATDPAVTLAHELIHAGHRLYGIAINPNRVFKVNTNAYYEMSGLEVSFEELRTFGGHDAKFIDSLQENEFRLYYYNKFKDIASTLNKAKSIVGTTASLQYMKNVFKEKYLLSEDTSGKFSVDKLKFDKLYKMLTEIYTEDNFVKFFKVLNRKTYLNFDKAVFKINIVPKVNYTIYDGFNLRNTNLAANFNGQNTEINNMNFTKLKNFTGLFEFYKLLCVRGIITSKTKSLDKGYNKALNDLCIKVNNWDLFFSPSEDNFTNDLNKGEEITSDTNIEAAEENISLDLIQQYYLTFNFDNEPENISIENLSSDIIGQLELMPNIERFPNGKKYELDKYTMFHYLRAQEFEHGKSRIALTNSVNEALLNPSRVYTFFSSDYVKKVNKATEAAMFLGWVEQLVYDFTDETSEVSTTDKIADITIIIPYIGPALNIGNMLYKDDFVGALIFSGAVILLEFIPEIAIPVLGTFALVSYIANKVLTVQTIDNALSKRNEKWDEVYKYIVTNWLAKVNTQIDLIRKKMKEALENQAEATKAIINYQYNQYTEEEKNNINFNIDDLSSKLNESINKAMININKFLNQCSVSYLMNSMIPYGVKRLEDFDASLKDALLKYIYDNRGTLIGQVDRLKDKVNNTLSTDIPFQLSKYVDNQRLLSTFTEYIKNIINTSILNLRYESNHLIDLSRYASKINIGSKVNFDPIDKNQIQLFNLESSKIEVILKNAIVYNSMYENFSTSFWIRIPKYFNSISLNNEYTIINCMENNSGWKVSLNYGEIIWTLQDTQEIKQRVVFKYSQMINISDYINRWIFVTITNNRLNNSKIYINGRLIDQKPISNLGNIHASNNIMFKLDGCRDTHRYIWIKYFNLFDKELNEKEIKDLYDNQSNSGILKDFWGDYLQYDKPYYMLNLYDPNKYVDVNNVGIRGYMYLKGPRGSVMTTNIYLNSSLYRGTKFIIKKYASGNKDNIVRNNDRVYINVVVKNKEYRLATNASQAGVEKILSALEIPDVGNLSQVVVMKSKNDQGITNKCKMNLQDNNGNDIGFIGFHQFNNIAKLVASNWYNRQIERSSRTLGCSWEFIPVDDGWGERPL,EIVLTQSPATLSLSPGERATISCRASESVDSYGHSFMQWYQQKPGQAPRLLIYRASNLEPGIPARFSGSGSGTDFTLTISSLEPEDFAVYYCQQGNEVPFTFGQGTKVEIKRTVAAPSVFIFPPSDEQLKSGTASVVCLLNNFYPREAKVQWKVDNALQSGNSQESVTEQDSKDSTYSLSSTLTLSKADYEKHKVYACEVTHQGLSSPVTKSFNRGEC
3703,1UUZ,1e-09,EEQPRLFELLGQPGYKATWHAMFKGESDVPKWVSDASGPSSPSTSLSLEGQPYVLANSCKPHDCGNNRLLVAFRGDKSAAYGLQVSLPDEPAEVMQTPSKYATYRWYGEPSRQVRELLMKQLESDPNWKLEHHHHHH,KVFGRCELAAAMKRHGLDNYRGYSLGNWVCAAKFESNFNTQATNRNTDGSTDYGILQINSRWWCNDGRTPGSRNLCNIPCSALLSSDITASVNCAKKIVSDGNGMNAWVAWRNRCKGTDVQAWIRGCRL
3708,1C4Z,5e-06,QLNPYLRLKVRRDHIIDDALVRLEMIAMENPADLKKQLYVEFEGEQGVDEGGVSKEFFQLVVEEIFNPDIGMFTYDESTKLFWFNPSSFETEGQFTLIGIVLGLAIYNNCILDVHFPMVVYRKLMGKKGTFRDLGDSHPVLYQSLKDLLEYEGNVEDDMMITFQISQTDLFGNPMMYDLKENGDKIPITNENRKEFVNLYSDYILNKSVEKQFKAFRRGFHMVTNESPLKYLFRPEEIELLICGSRNLDFQALEETTEYDGGYTRDSVLIREFWEIVHSFTDEQKRLFLQFTTGTDRAPVGGLGKLKMIIAKNGPDTERLPTSHTCFNVLLLPEYSSKEKLKERLLKAITYAKGFGML,MAASRRLMKELEEIRKCGMKNFRNIQVDEANLLTWQGLIVPDNPPYDKGAFRIEINFPAEYPFKPPKITFKTKIYHPNIDEKGQVCLPVISAENWKPATKTDQVIQSLIALVNDPQPEHPLRADLAEEYSKDRKKFCKNAEEFTKKYGEKRPVD
3757,1EAW,4.97e-11,VVGGTDADEGEWPWQVSLHALGQGHICGASLISPNWLVSAAHCYIDDRGFRYSDPTQWTAFLGLHDQSQRSAPGVQERRLKRIISHPFFNDFTFDYDIALLELEKPAEYSSMVRPICLPDASHVFPAGKAIWVTGWGHTQYGGTGALILQKGEIRVINQTTCENLLPQQITPRMMCVGFLSGGVDSCQGDSGGPLSSVEADGRIFQAGVVSWGDGCAQRNKPGVYTRLPLFRDWIKENTGV,RPDFCLEPPYTGPCKARIIRYFYNAKAGLCQTFVYGGCRAKRNNFKSAEDCMRTCGGA
3784,3BN9,1.23e-11,VVGGTDADEGEWPWQVSLHALGQGHICGASLISPNWLVSAAHCYIDDRGFRYSDPTQWTAFLGLHDQSQRSAPGVQERRLKRIISHPFFNDFTFDYDIALLELEKPAEYSSMVRPISLPDASHVFPAGKAIWVTGWGHTQYGGTGALILQKGEIRVINQTTCENLLPQQITPRMMCVGFLSGGVDSCQGDSGGPLSSVEADGRIFQAGVVSWGDGCAQRNKPGVYTRLPLFRDWIKENTGV,DIQMTQSPSSLSASVGDRVTITCRASQGISSYLAWYQQKPGKAPKLLIYAASSLQSGVPSRFSGSGSGTDFTLTISSLQPEDFAVYYCQQHGNLPYTFGDGTKVEIKRTVAAPSVFIFPPSDEQLKSGTASVVCLLNNFYPREAKVQWKVDNALQSGNSQESVTEQDSKDSTYSLSSTLTLSKADYEKHKVYACEVTHQGLSSPVTKSFNRGEC
3809,3NPS,7.04e-11,VVGGTDADEGEWPWQVSLHALGQGHICGASLISPNWLVSAAHCYIDDRGFRYSDPTQWTAFLGLHDQSQRSAPGVQERRLKRIISHPFFNDFTFDYDIALLELEKPAEYSSMVRPISLPDASHVFPAGKAIWVTGWGHTQYGGTGALILQKGEIRVINQTTCENLLPQQITPRMMCVGFLSGGVDSCQGDSGGPLSSVEADGRIFQAGVVSWGDGCAQRNKPGVYTRLPLFRDWIKENTGV,EVQLVQSGAEVKKPGSSVKVSCKASGGTFSSYAISWVRQAGQGLEWMGGIIPIFGTANYAQKFQGRVTITADESTSTAYMELSSLRSEDTAVYYCARTFHIRRYRSGYYDKMDHWGQGTLVTVSSASTKGPSVFPLAPSSKSTSGGTAALGCLVKDYFPEPVTVSWNSGALTSGVHTFPAVLESSGLYSLSSVVTVPSSSLGTQTYICNVNHKPSNTKVDKKVEPK
3836,2NOJ,1.8e-10,GSRSTDAERLKHLIVTPSGAGEQNMIGMTPTVIAVHYLDETEQWEKFGLEKRQGALELIKKGYTQQLAFRQPSSAFAAFVKRAPSTWLTAYVVKVFSLAVNLIAIDSQVLCGAVKWLILEKQKPDGVFQEDAPVIHQEMIGGLRNNNEKDMALTAFVLISLQEAKDICEEQVNSLPGSITKAGDFLEANYMNLQRSYTVAIAGYALAQMGRLKGPLLNKFLTTAKDKNRWEDPGKQLYNVEATSYALLALLQLKDFDFVPPVVRWLNEQRYYGGGYGSTQATFMVFQALAQYQKDAP,QTKNVEAAKKYDQYQTNFKKQVNKKVVDAQKAVELFKRTRTVATHRKAQRAVNLIHFQHSYEKKKLQRQIDLVLKYNTLK
3840,2HRK,5.3e-08,MTKLFSKVKESIEGIKMPSTLTINGKAPIVAYAELIAARIVNALAPNSIAIKLVDDKKAPAAKLDDATEDVFNKITSKFAAIFDNGDKEQVAKWVNLAQKELVIKNFAKLSQSLETLDSQLNLRTFILGGLKYSAADVACWGALRSNGMCGSIIKNKVDVNVSRWYTLLEMDPIFGEAHDFLSKSLLELKKSANVGKKKETHKANFE,MSDLVTKFESLIISKYPVSFTKEQSAQAAQWESVLKSGQIQPHLDQLNLVLRDNTFIVSTLYPTSTDVHVFEVALPLIKDLVASSKDVKSTYTTYRHILRWIDYMQNLLEVSSTDKLEINHD
3846,2QJ9,2.4e-09,MAQAKHKQRKRLKSSCKRHPLYVDFSDVGWNDWIVAPPGYHAFYCHGECPFPLADHLNSTNHAIVQTLVNSVNSKIPKACCVPTELSAISMLYLDENEKVVLKNYQDMVVEGCGCR,GSGAMAQNLDSMLHGTGMKSDSDQKKSENGVTLAPEDTLPFLKCYCSGHCPDDAINNTCITNGHCFAIIEEDDQGETTLASGCMKYEGSDFQCRDTPIPHQRRSIECCRTNLCNQYLQPTLPPVVIGPFFDGSIR
3849,2QJA,1.1e-09,MAQAKHKQRKRLKSSCKRHPLYVDFSDVGWNDWIVAPPGYHAFYCHGECPFPLADHLNSTNHAIVQTLVNSVNSKIPKACCVPTELSAISMLYLDENEKVVLKNYQDMVVEGCGCR,GSGAMAQNLDSMLHGTGMKSDSDQKKSENGVTLAPEDTLPFLKCYCSGHCPDDAINNTCITNGHCFAIIEEDDQGETTLTSGCLGLEGSDFQCRDTPIPHQRRSIECCRTNLCNQYLQPTLPPVVIGPFFDGSIR
3852,2QJB,4.9e-09,MAQAKHKQRKRLKSSCKRHPLYVDFSDVGWNDWIVAPPGYHAFYCHGECPFPLADHLNSTNHAIVQTLVNSVNSKIPKACCVPTELSAISMLYLDENEKVVLKNYQDMVVEGCGCR,GSGAMAQNLDSMLHGTGMKSDSDQKKSENGVTLAPEDTLPFLKCYCSHHCPEDAINNTCITNGHCFTMIEEDDQGETTLTSGCLGLEGSDFQCRDTPIPHQRRSIECCRTNLCNQYLQPTLPPVVIGPFFDGSIR
3855,2VLJ,5.2e-06,GSHSMRYFFTSVSRPGRGEPRFIAVGYVDDTQFVRFDSDAASQRMEPRAPWIEQEGPEYWDGETRKVKAHSQTHRVDLGTLRGYYNQSEAGSHTVQRMYGCDVGSDWRFLRGYHQYAYDGKDYIALKEDLRSWTAADMAAQTTKHKWEAAHVAEQLRAYLEGTCVEWLRRYLENGKETLQRTDAPKTHMTHHAVSDHEATLRCWALSFYPAEITLTWQRDGEDQTQDTELVETRPAGDGTFQKWAAVVVPSGQEQRYTCHVQHEGLPKPLTLRWEP,MIQRTPKIQVYSRHPAENGKSNFLNCYVSGFHPSDIEVDLLKNGERIEKVEHSDLSFSKDWSFYLLYYTEFTPTEKDEYACRVNHVTLSQPKIVKWDRDM
3870,3BP8,4.14e-09,MVAENQPGHIDQIKQTNAGAVYRLIDQLGPVSRIDLSRLAQLAPASITKIVREMLEAHLVQELEIKEAGNRGRPAVGLVVETEAWHYLSLRISRGEIFLALRDLSSKLVVEESQELALKDDSPLLDRIISHIDQFFIRHQKKLERLTSIAITLPGIIDTENGIVHRMPFYEDVKEMPLGEALEQHTGVPVYIQHDISAWTMAEALFGASRGARDVIQVVIDHNVGAGVITDGHLLHAGSSSLVEIGHTQVDPYGKRCYCGNHGCLETIASVDSILELAQLRLNQSMSSMLHGQPLTVDSLCQAALRGDLLAKDIITGVGAHVGRILAIMVNLFNPQKILIGSPLSKAADILFPVISDSIRQQALPAYSQHISVESTQFSNQGTMAGAALVKDAMYNGSLLIRLLQG,MAPALVAAFGGKENITNLDACITRLRVSVADVSKVDQAGLKKLGAAGVVVAGSGVQAIFGTKSDNLKTEMDEYIR
3873,1EMV,3.26e-14,MELKHSISDYTEAEFLQLVTTICNADTSSEEELVKLVTHFEEMTEHPSGSDLIYYPKEGDDDSPSGIVNTVKQWRAANGKSGFKQG,MESKRNKPGKATGKGKPVGDKWLDDAGKDSGAPIPDRIADKLRDKEFKSFDDFRKAVWEEVSKDPELSKNLNPSNKSSVSKGYSPFTPKNQQVGGRKVYELHHDKPISQGGEVYDMDNIRVTTPKRHIDIHRGK
3890,2VLN,1.68e-12,MELKHSISDYTEAEFLQLVTTICNADTSSEEELVKLVTHFEEMTEHPSGSDLIYYPKEGDDDSPSGIVNTVKQWRAANGKSGFKQG,MESKRNKPGKATGKGKPVGDKWLDDAGKDSGAPIPDRIADKLRDKEFKSFDDFRKAVWEEVSKDPELSKNLNPSAKSSVSKGYSPFTPKNQQVGGRKVYELHHDKPISQGGEVYDMDNIRVTTPKRHIDIHRGK
3891,2VLO,8.92e-13,MELKHSISDYTEAEFLQLVTTICNADTSSEEELVKLVTHFEEMTEHPSGSDLIYYPKEGDDDSPSGIVNTVKQWRAANGKSGFKQGLEHHHHH,MESKRNKPGKATGKGKPVGDKWLDDAGKDSGAPIPDRIADKLRDKEFKSFDDFRKAVWEEVSKDPELSKNLNPSNKSSVSKGYSPFTPKNQQVGGRAVYELHHDKPISQGGEVYDMDNIRVTTPKRHIDIHRGK
3892,2VLP,5.43e-13,MELKHSISDYTEAEFLQLVTTICNADTSSEEELVKLVTHFEEMTEHPSGSDLIYYPKEGDDDSPSGIVNTVKQWRAANGKSGFKQG,MESKRNKPGKATGKGKPVGDKWLDDAGKDSGAPIPDRIADKLRDKEFKSFDDFAKAVWEEVSKDPELSKNLNPSNKSSVSKGYSPFTPKNQQVGGRKVYELHHDKPISQGGEVYDMDNIRVTTPKRHIDIHRGK
3893,2VLQ,2.28e-11,MELKHSISDYTEAEFLQLVTTICNADTSSEEELVKLVTHFEEMTEHPSGSDLIYYPKEGDDDSPSGIVNTVKQWRAANGKSGFKQG,MESKRNKPGKATGKGKPVGDKWLDDAGKDSGAPIPDRIADKLRDKEFKSFDDFRKAVWEEVSKDPELSKNLNPSNKSSVSKGYSPATPKNQQVGGRKVYELHHDKPISQGGEVYDMDNIRVTTPKRHIDIHRGK
3894,2WPT,1.3e-08,MELKHSISDYTEAEFLEFVKKIARAEGATECDDNKLVREFERLTEHPDGSDLIYYPRDDREDSPEGIVKEIKEWRAANGKSGFKQG,MESKRNKPGKATGKGKPVGDKWLDDAGKDSGAPIPDRIADKLRDKEFKSFDDFRKAVWEEVSKDPELSKNLNPSNKSSVSKGYSPFTPKNQQVGCRKVYELHHDKPISQGGEVYDMDNIRVTTPKRHIDIHRGK
3921,3BK3,2.2e-08,QAKHKQRKRLKSSCKRHPLYVDFSDVGWNDWIVAPPGYHAMYCHGECPFPLADHLNSTNHAIVQTLVNSVNSKIPKACCVPTELSAISMLMLDENEKVVLKNYQDMVVEGCGCR,WLITGTEASCENEGEVLHIPNITDNPCISCVCLNQKAECKQEKCAPLAEDCALVVKQTGACCEKCKG
3936,2OOB,5.31e-05,GSGPEAALENVDAKIAKLMGEGYAFEEVKRALEIAQNNVEVARSILREFAFP,MQIFVKTLTGKTITLEVEPSDTIENVKAKIQDKEGIPPDQQRLIFAGKQLEDGRTLSDYNIQKESTLHLVLRLRGG
3940,2GOX,1.4e-09,GSRSTDAERLKHLIVTPSGAGEQNMIGMTPTVIAVHYLDETEQWEKFGLEKRQGALELIKKGYTQQLAFRQPSSAFAAFVKRAPSTWLTAYVVKVFSLAVNLIAIDSQVLCGAVKWLILEKQKPDGVFQEDAPVIHQEMIGGLRNNNEKDMALTAFVLISLQEAKDICEEQVNSLPGSITKAGDFLEANYMNLQRSYTVAIAGYALAQMGRLKGPLLNKFLTTAKDKNRWEDPGKQLYNVEATSYALLALLQLKDFDFVPPVVRWLNEQRYYGGGYGSTQATFMVFQALAQYQKDAP,TDATIKKEQKLIQAQNLVREFEKTHTVSAHRKAQKAVNLVSFEYKVKKMVLQERIDNVLKQGLVR
3944,3D5R,1.98e-08,GSRSTDAERLKHLIVTPSGAGEQNMIGMTPTVIAVHYLDETEQWEKFGLEKRQGALELIKKGYTQQLAFRQPSSAFAAFVKRAPSTWLTAYVVKVFSLAVNLIAIDSQVLCGAVKWLILEKQKPDGVFQEDAPVIHQEMIGGLRNNNEKDMALTAFVLISLQEAKDICEEQVNSLPGSITKAGDFLEANYMNLQRSYTVAIAGYALAQMGRLKGPLLNKFLTTAKDKNRWEDPGKQLYNVEATSYALLALLQLKDFDFVPPVVRWLNEQRYYGGGYGSTQATFMVFQALAQYQKDAP,TDATIKKEQKLIQAQNLVREFEKTHTVSAHRKAQKAVALVSFEYKVKKMVLQERIDNVLKQGLVR
3946,3D5S,6.21e-08,GSRSTDAERLKHLIVTPSGAGEQNMIGMTPTVIAVHYLDETEQWEKFGLEKRQGALELIKKGYTQQLAFRQPSSAFAAFVKRAPSTWLTAYVVKVFSLAVNLIAIDSQVLCGAVKWLILEKQKPDGVFQEDAPVIHQEMIGGLRNNNEKDMALTAFVLISLQEAKDICEEQVNSLPGSITKAGDFLEANYMNLQRSYTVAIAGYALAQMGRLKGPLLNKFLTTAKDKNRWEDPGKQLYNVEATSYALLALLQLKDFDFVPPVVRWLNEQRYYGGGYGSTQATFMVFQALAQYQKDAP,TDATIKKEQKLIQAQNLVREFEKTHTVSAHAKAQKAVNLVSFEYKVKKMVLQERIDNVLKQGLVR
3948,3C4P,1.72e-06,SPQPLEQIKLSESQLSGRVGMIEMDLASGRTLTAWRADERFPMMSTFKVVLCGAVLARVDAGDEQLERKIHYRQQDLVDYSPVSEKHLADGMTVGELCAAAITMSDNSAANLLLATVGGPAGLTAFLRQIGDNVTRLDRWETELNEALPGDARDTTTPASMAATLRKLLTSQRLSARSQRQLLQWMVDDRVAGPLIRSVLPAGWFIADKTGAGERGARGIVALLGPNNKAERIVVIYLRDTPASMAERNQQIAGIGAALIEHWQR,AGVMTGAKFTQIQFGMTRQQVLDIAGAENCETGGSFGDSIHCRGHAAGDYYAYATFGFTSAAADAKVDSKSQMKLLAPSAPTLTLAKFNQVTVGMTRAQVLATVGQGSCTTWSEYYPAYPSTAGVTLSLSCFDVDGYSSTGFYRGSAHLWFTDGVLQGKRQWDLV
3961,1SBN,5.4e-11,AQSVPYGVSQIKAPALHSQGYTGSNVKVAVIDSGIDSSHPDLKVAGGASMVPSETNPFQDNNSHGTHVAGTVAALNNSIGVLGVAPSASLYAVKVLGADGSGQYSWIINGIEWAIANNMDVINMSLGGPSGSAALKAAVDKAVASGVVVVAAAGNEGTSGSSSTVGYPGKYPSVIAVGAVDSSNQRASFSSVGPELDVMAPGVSIQSTLPGNKYGAYNGTSMASPHVAGAAALILSKHPNWTNTQVRSSLENTTTKLGDSFYYGKGLINVQAAAQ,TEFGSELKSFPEVVGKTVDQAREYFTLHYPQYNVYFLPEGSPVTRDLRYNRVRVFYNPGTNVVNHVPHVG
3962,1SIB,1.1e-10,AQSVPYGVSQIKAPALHSQGYTGSNVKVAVIDSGIDSSHPDLKVAGGASMVPSETNPFQDNNSHGTHVAGTVAALNNSIGVLGVAPSASLYAVKVLGADGSGQYSWIINGIEWAIANNMDVINMSLGGPSGSAALKAAVDKAVASGVVVVAAAGNEGTSGSSSTVGYPGKYPSVIAVGAVDSSNQRASFSSVGPELDVMAPGVSIQSTLPGNKYGAYNGTSMASPHVAGAAALILSKHPNWTNTQVRSSLENTTTKLGDSFYYGKGLINVQAAAQ,TEFGSELKSFPEVVGKTVDQAREYFTLHYPQYDVYFLPEGSPVTLDLRYNRVKVFYNPGTNVVNHVPHVG
3963,1A22,4.6e-10,FPTIPLSRLFDNAMLRAHRLHQLAFDTYQEFEEAYIPKEQKYSFLQNPQTSLCFSESIPTPSNREETQQKSNLELLRISLLLIQSWLEPVQFLRSVFANSLVYGASDSNVYDLLKDLEERIQTLMGRLEDGSPRTGQIFKQTYSKFDTNSHNDDALLKNYGLLYCFRKDMDKVETFLRIVQCRSVEGSCGF,FSGSEATAAILSRAPWSLQSVNPGLKTNSSKEPKFTKCRSPERETFSCHWTDEVHHGTKNLGPIQLFYTRRNTQEWTQEWKECPDYVSAGENSCYFNSSFTSIWIPYCIKLTSNGGTVDEKCFSVDEIVQPDPPIALNWTLLNVSLTGIHADIQVRWEAPRNADIQKGWMVLEYELQYKEVNETKWKMMDPILTTSVPVYSLKVDKEYEVRVRSKQRNSGNYGEFSEVLYVTLPQMSQ
4008,1BP3,3.3e-11,FPTIPLSRLFDNAMLRAHRLHQLAFDTYQEFEEAYIPKEQKYSFLQNPQTSLCFSESIPTPSNREETQQKSNLELLRISLLLIQSWLEPVQFLRSVFANSLVYGASDSNVYDLLKDLEERIQTLMGRLEDGSPRTGQIFKQTYSKFDTNSHNDDALLKNYGLLYCFRKDMDKVETFLRIVQCRSVEGSCGF,QLPPGKPEIFKCRSPNKETFTCWWRPGTDGGLPTNYSLTYHREGETLMHECPDYITGGPNSCHFGKQYTSMWRTYIMMVNATNQMGSSFSDELYVDVTYIVQPDPPLELAVEVKQPEDRKPYLWIKWSPPTLIDLKTGWFTLLYEIRLKPEKAAEWEIHFAGQQTEFKILSLHPGQKYLVQVRCKPDHGYWSAWSPATFIQIPSDFTMNDT
4128,2B5I,5.4e-11,APTSSSTKKTQLQLEHLLLDLQMILNGINNYKNPKLTRMLTFKFYMPKKATELKHLQCLEEELKPLEEVLNLAQSKNFHLRPRDLISNINVIVLELKGSETTFMCEYADETATIVEFLNRWITFCQSIISTLT,AVQGTSQFTCFYNSRAQISCVWSQDGALQDTSCQVHAWPDRRRWQQTCELLPVSQASWACNLILGAPDSQKLTTVDIVTLRVLCREGVRWRVMAIQDFKPFENLRLMAPISLQVVHVETHRCNISWEISQASHYFERHLEFEARTLSPGHTWEEAPLLTLKQKQEWICLETLTPDTQYEFQVRVKPLQGEFTTWSPWSQPLAFRTKPAALGKDT
4132,3NGB,5.76e-09,VWKDADTTLFCASDAKAHETEVHNVWATHACVPTDPNPQEIHLENVTENFNMWKNNMVEQMQEDVISLWDQSLQPCVKLTGGSVIKQACPKISFDPIPIHYCTPAGYVILKCNDKNFNGTGPCKNVSSVQCTHGIKPVVSTQLLLNGSLAEEEIIIRSENLTNNAKTIIVHLNKSVEINCTRPSNGGSGSGGDIRKAYCEINGTKWNKVLKQVTEKLKEHFNNKTIIFQPPSGGDLEITMHHFNCRGEFFYCNTTQLFNNTCIGNETMKGCNGTITLPCKIKQIINMWQGTGQAMYAPPIDGKINCVSNITGILLTRDGGANNTSNETFRPGGGNIKDNWRSELYKYKVVQIE,QVQLVQSGGQMKKPGESMRISCRASGYEFIDCTLNWIRLAPGKRPEWMGWLKPRGGAVNYARPLQGRVTMTRDVYSDTAFLELRSLTVDDTAVYFCTRGKNCDYNWDFEHWGRGTPVIVSSPSTKGPSVFPLAPSSKSTSGGTAALGCLVKDYFPEPVTVSWNSGALTSGVHTFPAVLQSSGLYSLSSVVTVPSSSLGTQTYICNVNHKPSNTKVDKKAEPKSC
4147,1AO7,2.1e-06,GSHSMRYFFTSVSRPGRGEPRFIAVGYVDDTQFVRFDSDAASQRMEPRAPWIEQEGPEYWDGETRKVKAHSQTHRVDLGTLRGYYNQSEAGSHTVQRMYGCDVGSDWRFLRGYHQYAYDGKDYIALKEDLRSWTAADMAAQTTKHKWEAAHVAEQLRAYLEGTCVEWLRRYLENGKETLQRTDAPKTHMTHHAVSDHEATLRCWALSFYPAEITLTWQRDGEDQTQDTELVETRPAGDGTFQKWAAVVVPSGQEQRYTCHVQHEGLPKPLTLRWE,MIQRTPKIQVYSRHPAENGKSNFLNCYVSGFHPSDIEVDLLKNGERIEKVEHSDLSFSKDWSFYLLYCTEFTPTEKDEYACRVNHVTLSQPCIVKWDRDM
4170,3BDY,3.3e-09,EISEVQLVESGGGLVQPGGSLRLSCAASGFNIKDTYIHWVRQAPGKGLEWVARIYPTNGYTRYADSVKGRFTISADTSKNTAYLQMNSLRAEDTAVYYCSRWGGDGFYAMDYWGQGTLVTVSSASTKGPSVFPLAPSSKSTSGGTAALGCLVKDYFPEPVTVSWNSGALTSGVHTFPAVLQSSGLYSLSSVVTVPSSSLGTQTYICNVNHKPSNTKVDKKVEPKSCDKTH,DIQMTQSPSSLSASVGDRVTITCRASQDIPRSISGYVAWYQQKPGKAPKLLIYWGSYLYSGVPSRFSGSGSGTDFTLTISSLQPEDFATYYCQQHYTTPPTFGQGTKVEIKRTVAAPSVFIFPPSDEQLKSGTASVVCLLNNFYPREAKVQWKVDNALQSGNSQESVTEQDSKDSTYSLSSTLTLSKADYEKHKVYACEVTHQGLSSPVTKSFNRGEC
4171,3BE1,2e-10,TQVCTGTDMKLRLPASPETHLDMLRHLYQGCQVVQGNLELTYLPTNASLSFLQDIQEVQGYVLIAHNQVRQVPLQRLRIVRGTQLFEDNYALAVLDNGDPLNNTTPVTGASPGGLRELQLRSLTEILKGGVLIQRNPQLCYQDTILWKDIFHKNNQLALTLIDTNRSRACHPCSPMCKGSRCWGESSEDCQSLTRTVCAGGCARCKGPLPTDCCHEQCAAGCTGPKHSDCLACLHFNHSGICELHCPALVTYNTDTFESMPNPEGRYTFGASCVTACPYNYLSTDVGSCTLVCPLHNQEVTAEDGTQRCEKCSKPCARVCYGLGMEHLREVRAVTSANIQEFAGCKKIFGSLAFLPESFDGDPASNTAPLQPEQLQVFETLEEITGYLYISAWPDSLPDLSVFQNLQVIRGRILHNGAYSLTLQGLGISWLGLRSLRELGSGLALIHHNTHLCFVHTVPWDQLFRNPHQALLHTANRPEDECVGEGLACHQLCARGHCWGPGPTQCVNCSQFLRGQECVEECRVLQGLPREYVNARHCLPCHPECQPQNGSVTCFGPEADQCVACAHYKDPPFCVARCPSGVKPDLSYMPIWKFPDEEGACQPCPINCTHSCVDLDDKGCPAEQ,EISEVQLVESGGGLVQPGGSLRLSCAASGFNIKDTYIHWVRQAPGKGLEWVARIYPTNGYTRYADSVKGRFTISADTSKNTAYLQMNSLRAEDTAVYYCSRWGGDGFYAMDYWGQGTLVTVSSASTKGPSVFPLAPSSKSTSGGTAALGCLVKDYFPEPVTVSWNSGALTSGVHTFPAVLQSSGLYSLSSVVTVPSSSLGTQTYICNVNHKPSNTKVDKKVEPKSCDKTH
4173,1FFW,1.7e-07,ADKELKFLVVDDFSTMRRIVRNLLKELGFNNVEEAEDGVDALNKLQAGGYGFVISDWNMPNMDGLELLKTIRADGAMSALPVLMVTAEAKKENIIAAAQAGASGYVVKPFTAATLEEKLNKIFEKLGM,RQLALEAKGETPSAVTRLSVVAKSEPQDEQSRSQSARRIILSRLKAGEVDLLEEELGHLTTLTDVVKGADSLSAILPGDIAEDDITAVLCFVIEADQITFETVEVSPKISTPPVLKLAAEQAPTGRVEREKTTR
4184,1GC1,3.6e-09,GARSEVVLVNVTENFNMWKNDMVEQMHEDIISLWDQSLKPCVKLTPLCVGAGSCNTSVITQACPKVSFEPIPIHYCAPAGFAILKCNNKTFNGTGPCTNVSTVQCTHGIRPVVSTQLLLNGSLAEEEVVIRSVNFTDNAKTIIVQLNTSVEINCTGAGHCNISRAKWNNTLKQIASKLREQFGNNKTIIFKQSSGGDPEIVTHSFNCGGEFFYCNSTQLFNSTWFNSTWSTKGSNNTEGSDTITLPCRIKQIINMWQKVGKAMYAPPISGQIRCSSNITGLLLTRDGGNSNNESEIFRPGGGDMRDNWRSELYKYKVVKIE,KKVVLGKKGDTVELTCTASQKKSIQFHWKNSNQIKILGNQGSFLTKGPSKLNDRADSRRSLWDQGNFPLIIKNLKIEDSDTYICEVEDQKEEVQLLVFGLTANSDTHLLQGQSLTLTLESPPGSSPSVQCRSPRGKNIQGGKTLSVSQLELQDSGTWTCTVLQNQKKVEFKIDIVVLAFQKASNT
4245,1YY9,1.31e-09,LEEKKVCQGTSNKLTQLGTFEDHFLSLQRMFNNCEVVLGNLEITYVQRNYDLSFLKTIQEVAGYVLIALNTVERIPLENLQIIRGNMYYENSYALAVLSNYDANKTGLKELPMRNLQEILHGAVRFSNNPALCNVESIQWRDIVSSDFLSNMSMDFQNHLGSCQKCDPSCPNGSCWGAGEENCQKLTKIICAQQCSGRCRGKSPSDCCHNQCAAGCTGPRESDCLVCRKFRDEATCKDTCPPLMLYNPTTYQMDVNPEGKYSFGATCVKKCPRNYVVTDHGSCVRACGADSYEMEEDGVRKCKKCEGPCRKVCNGIGIGEFKDSLSINATNIKHFKNCTSISGDLHILPVAFRGDSFTHTPPLDPQELDILKTVKEITGFLLIQAWPENRTDLHAFENLEIIRGRTKQHGQFSLAVVSLNITSLGLRSLKEISDGDVIISGNKNLCYANTINWKKLFGTSGQKTKIISNRGENKCKATGQVCHALCSPEGCWGPEPRDCVSCRNVSRGRECVDKCKLLEGEPREFVENSECIQCHPECLPQAMNITCTGRGPDNCIQCAHYIDGPHCVKTCPAGVMGENNTLVWKYADAGHVCHLCHPNCTYGCTGPGLRGCPTNGPKHHHHHH,DILLTQSPVILSVSPGERVSFSCRASQSIGTNIHWYQQRTNGSPRLLIKYASESISGIPSRFSGSGSGTDFTLSINSVESEDIADYYCQQNNNWPTTFGAGTKLELKRTVAAPSVFIFPPSDEQLKSGTASVVCLLNNFYPREAKVQWKVDNALQSGNSQESVTEQDSKDSTYSLSSTLTLSKADYEKHKVYACEVTHQGLSSPVTKSFNRGA
4256,3VR6,1.6e-09,GSSGSSGMQIGKIIKVSGPLVMAENMSEASIQDMCLVGDLGVIGEIIEMRQDVASIQVYEETSGIGPGEPVRSTGEALSVELGPGIISQMFDGIQRPLDTFMEVTQSNFLGRGVQLPALDHEKQWWFEATIEEGTEVSAGDIIGYVDETKIIQHKIMVPNGIKGTVQKIESGSFTIDDPICVIETEQGLKELTMMQKWPVRRGRPIKQKLNPDVPMITGQRVIDTFFPVTKGGAAAVPGPFGAGKTVVQHQIAKWSDVDLVVYVGCGERGNEMTDVVNEFPELIDPNTGESLMERTVLIANTSNMPVAAREASIYTGITIAEYFRDMGYDVAIMADSTSRWAEALREMSGRLEEMPGDEGYPAYLGSRLAEYYERSGRVIALGSDQREGSITAISAVSPSGGDISEPVTQNTLRVVKVFWGLDSSLAQKRHFPSINWIQSYSLYSTEVGRYMDQILQQDWSDMVTEGMRILQEEEQLNEIVRLVGIDSLSDNDRLTLEVAKSIREDYLQQNAFDDVDTFTSREKQFNMLKVILTFGKEARKALSLGAYFNEIMEGTVAVRERISRSKYIPEEELAKISSINEEIKETIQLIVSEGGMTDD,GSSGSSGMIKEYRTIKEVVGPLMAVEKVSGVKYEELIEVRMQNGEIRRGQVLEVQEDKAMVQIFEGTSGINLKNSSVRFLGHPLQLGVSEDMIGRVFDGLGRPKDNGPEILPEKYLDINGEVINPIARDYPDEFIQTGISAIDHLNTLVRGQKLPVFSGSGLPHKELAAQIARQATVLDSSDDFAVVFAAIGITFEEAEFFMEDFRQTGAIDRSVMFMNLANDPAIERIATPRMALTAAEYLAYEKGMHVLVIMTDMTNYAEALREISAARREVPGRRGYPGYLYTNLATLFERAGRIRGLKGSVTQIPILTMPEDDKTHPIPDLTGYITEGQIILTRELYKSGIQPPIDVLPSLSRLKDKGTGAGKTREDHAATMNQLFAAYAQGKQAKELAVVLGESALSDIDKIYAKFAERFENEYVNQGFYTNRTITETLDLGWELLAMLPRTELKRIKDDLLDKYLPEGK
4260,2BDN,8e-10,QPDAINAPVTCCYNFTNRKISVQRLASYRRITSSKCPKEAVIFKTIVAKEICADPKQKWVQDSMDHLDKQTQTPKT,DIQMTQSSSSFSVSLGDRVTITCKATEDIYNRLAWYQQKPGSAPRLLISGATSLETGVPSRFSGSGSGKDYTLSITSLQTEDVATYYCQQFWSAPYTFGGGTKLEIKRADAAPTVSIFPPSSEQLTSGGASVVCFLNNFYPKDINVKWKIDGSERQNGVLNSWTDQDSKDSTYSMSSTLTLTKDEYERHNSYTCEATHKTSTSPIVKSFNRNEC
4282,1FSS,3.7e-10,DDHSELLVNTKSGKVMGTRVPVLSSHISAFLGIPFAEPPVGNMRFRRPEPKKPWSGVWNASTYPNNCQQYVDEQFPGFSGSEMWNPNREMSEDCLYLNIWVPSPRPKSTTVMVWIYGGGFYSGSSTLDVYNGKYLAYTEEVVLVSLSYRVGAFGFLALHGSQEAPGNVGLLDQRMALQWVHDNIQFFGGDPKTVTIFGESAGGASVGMHILSPGSRDLFRRAILQSGSPNCPWASVSVAEGRRRAVELGRNLNCNLNSDEELIHCLREKKPQELIDVEWNVLPFDSIFRFSFVPVIDGEFFPTSLESMLNSGNFKKTQILLGVNKDEGSFFLLYGAPGFSKDSESKISREDFMSGVKLSVPHANDLGLDAVTLQYTDWMDDNNGIKNRDGLDDIVGDHNVICPLMHFVNKYTKFGNGTYLYFFNHRASNLVWPEWMGVIHGYEIEFVFGLPLVKELNYTAEEEALSRRIMHYWATFAKTGNPNEPHSQESKWPLFTTKEQKFIDLNTEPMKVHQRLRVQMCVFWNQFLPKLLNATAC,TMCYSHTTTSRAILTNCGENSCYRKSRRHPPKMVLGRGCGCPPGDDNLEVKCCTSPDKCNY
4304,1B41,9.4e-11,DAELLVTVRGGRLRGIRLKTPGGPVSAFLGIPFAEPPMGPRRFLPPEPKQPWSGVVDATTFQSVCYQYVDTLYPGFEGTEMWNPNRELSEDCLYLNVWTPYPRPTSPTPVLVWIYGGGFYSGASSLDVYDGRFLVQAERTVLVSMNYRVGAFGFLALPGSREAPGNVGLLDQRLALQWVQENVAAFGGDPTSVTLFGESAGAASVGMHLLSPPSRGLFHRAVLQSGAPNGPWATVGMGEARRRATQLAHLVGCPPGGTGGNDTELVACLRTRPAQVLVNHEWHVLPQESVFRFSFVPVVDGDFLSDTPEALINAGDFHGLQVLVGVVKDEGSYFLVYGAPGFSKDNESLISRAEFLAGVRVGVPQVSDLAAEAVVLHYTDWLHPEDPARLREALSDVVGDHNVVCPVAQLAGRLAAQGARVYAYVFEHRASTLSWPLWMGVPHGYEIEFIFGIPLDPSRNYTAEEKIFAQRLMRYWANFARTGDPNEPRDPKAPQWPPYTAGAQQYVSLDLRPLEVRRGLRAQACAFWNRFLPKLLSAT,TMCYSHTTTSRAILTNCGENSCYRKSRRHPPKMVLGRGCGCPPGDDNLEVKCCTSPDKCNY
4379,4OZ1,5.8e-08,GSVQPLATQCFQLSNMFNPQTEEEVGWDTEIKDDVIEECNKHGGVIHIYVDKNSAQGNVYVKCPSIAAAIAAVNALHGRWFAGKMITAAYVPLPTYHNLFPDSMTATQLLVPSRR,KRKSRWDETP
4393,1JTD,1.5e-12,HPETLVKVKDAEDQLGARVGYIELDLNSGKILESFRPEERFPMMSTFKVLLCGAVLSRVDAGQEQLGRRIHYSQNDLVEYSPVTEKHLTDGMTVRELCSAAITMSDNTAANLLLTTIGGPKELTAFLHNMGDHVTRLDRWEPELNEAIPNDERDTTMPVAMATTLRKLLTGELLTLASRQQLIDWMEADKVAGPLLRSALPAGWFIADKSGAGERGSRGIIAALGPDGKPSRIVVIYTTGSQATMDERNRQIAEIGASLIKHW,VAATSVVAWGGNNDWGEATVPAEAQSGVDAIAGGYFHGLALKGGKVLGWGANLNGQLTMPAATQSGVDAIAAGNYHSLALKDGEVIAWGGNEDGQTTVPAEARSGVDAIAAGAWASYALKDGKVIAWGDDSDGQTTVPAEAQSGVTALDGGVYTALAVKNGGVIAWGDNYFGQTTVPAEAQSGVDDVAGGIFHSLALKDGKVIAWGDNRYKQTTVPTEALSGVSAIASGEWYSLALKNGKVIAWGSSRTAPSSVQSGVSSIEAGPNAAYALKG
4404,2DVW,6.73e-08,MEGCVSNIMICNLAYSGKLDELKERILADKSLATRTDQDSRTALHWACSAGHTEIVEFLLQLGVPVNDKDDAGWSPLHIAASAGRDEIVKALLVKGAHVNAVNQNGCTPLHYAASKNRHEIAVMLLEGGANPDAKDHYDATAMHRAAAKGNLKMVHILLFYKASTNIQDTEGNTPLHLACDEERVEEAKFLVTQGASIYIENKEEKTPLQVAKGGLGLILKRLAEGEEASM,MDRRQKRLIFSTITSKMNLSEEVDLEDYVARPDKISGADINSICQESGMLAVRENRYIVLAKDFEKAYKTVIKKDEQEHEFYK
4414,3WWN,6.62e-06,MIVVKVGGAEGINYEAVAKDAASLWKEGVKLLLVHGGSAETNKVAEALGHPPRFLTHPGGQVSRLTDRKTLEIFEMVYCGLVNKRLVELLQKEGANAIGLSGLDGRLFVGRRKTAVKYVENGKVKVHRGDYTGTVEEVNKALLDLLLQAGYLPVLTPPALSYENEAINTDGDQIAALLATLYGAEALVYLSNVPGLLARYPDEASLVREIPVERIEDPEYLALAQGRMKRKVMGAVEAVRGGVKRVVFADARVENPIRRALSGEGTVVR,MVGTCPECGAELRLENPELGELVVCEDCGAELEVVGLDPLRLEPAPEEAEDWGE
4417,2KWI,2.16e-07,GQSSLALHKVIMVGSGGVGKSALTLQFMYDEFVEDYEPTKADSYRKKVVLDGEEVQIDILDTAGLEDYAAIRDNYFRSGEGFLLVFSITEHESFTATAEFREQILRVKAEEDKIPLLVVGNKSDLEERRQVPVEEARSKAEEWGVQYVETSAKTRANVDKVFFDLMREIRTKKMSENK,GSETQAGIKEEIRRQEFLLNSLHRDLQGGIKDLSKEERLWEVQRILTALKRKLREA
4455,3F1S,2.1e-09,ASEEEKAWLMASRQQLAKETSNFGFSLLRKISMRHDGNMVFSPFGMSLAMTGLMLGATGPTETQIKRGLHLQALKPTKPGLLPSLFKGLRETLSRNLELGLTQGSFAFIHKDFDVKETFFNLSKRYFDTECVPMNFRNASQAKRLMNHYINKETRGKIPKLFDEINPETKLILVDYILFKGKWLTPFDPVFTEVDTFHLDKYKTIKVPMMYGAGKFASTFDKNFRCHVLKLPYQGNATMLVVLMEKMGDHLALEDYLTTDLVETWLRNMKTRNMEVFFPKFKLDQKYEMHELLRQMGIRRIFSPFADLSELSATGRNLQVSRVLQRTVIEVDERGTEAVAGILSEITAYSMPPVIKVDRPFHFMIYEETSGMLLFLGRVVNPTLL,AKNECHPERTDGCQHFCLPGQESYTCSCAQGYRLGEDHKQCVPHDQCACGVLTSEKRAPDLQDLPWQVKLTNSEGKDFCGGVIIRENFVLTTAKCSLLHRNITVKTYFNRTSQDPLMIKITHVHVHMRYDADAGENDLSLLELEWPIQCPGAGLPVCTPEKDFAEHLLIPRTRGLLSGWARNGTDLGNSLTTRPVTLVEGEECGQVLNVTVTTRTYCERSSVAAMHWMDGSVVTREHRGSWFLTGVLGSQPVGGQAHMVLVTKVSRYSLWFKQIMNAHHHHHH
4465,1KNE,1.7e-05,MKKHHHHHHAEEEEEEYAVEKIIDRRVRKGMVEYYLKWKGYPETENTWEPENNLDCQDLIQQYEASRKD,ARTKQTARKSTGGKAY
4512,4E6K,3.3e-06,MKGDKKVIQHLNKILGNELIAINQYFLHSRMWNDWGLKRLGAHEYHESIDEMKHADKLIERILFLEGLPNLQDLGKLLIGENTQEMLQCDLNLELKATKDLREAIVHCEQVHDYVSRDLLKDILESEEEHIDYLETQLGLIQKVGLENYLQSHMHEDD,MYVCLCQGVTDNQIRDAIYEGCCSYREVREATGVGTQCGKCASLAKQVVRETLNDLQSAQPVPAFGTTAFVAA
4587,1FFG,1.5e-06,ADKELKFLVVDDFSTMRRIVRNLLKELGFNNVEEAEDGVDALNKLQAGGYGFVISDWNMPNMDGLELLKTIRADGAMSALPVLMVTAEAKKENIIAAAQAGASGYVVKPFTAATLEEKLNKIFEKLGM,RQLALEAKGETPSAVTRLSVVAKSEPQDEQSRSQSPRRIILSRLKAGEVDLLEEELGHLTTLTDVVKGADSLSAILPGDIAEDDITAVLCFVIEADQITFETVEVSPKISTPPVLKLAAEQAPTGRVEREKTTR
4610,1DAN,6.16e-09,ANAFLEELRPGSLERECKEEQCSFEEAREIFKDAERTKLFWISYSDGDQCASSPCQNGGSCKDQLQSYICFCLPAFEGRNCETHKDDQLICVNENGGCEQYCSDHTGTKRSCRCHEGYSLLADGVSCTPTVEYPCGKIPILEKRNASKPQGR,IVGGKVCPKGECPWQVLLLVNGAQLCGGTLINTIWVVSAAHCFDKIKNWRNLIAVLGEHDLSEHDGDEQSRRVAQVIIPSTYVPGTTNHDIALLRLHQPVVLTDHVVPLCLPERTFSERTLAFVRFSLVSGWGQLLDRGATALELMVLNVPRLMTQDCLQQSRKVGDSPNITEYMFCAGYSDGSKDSCKGDSGGPHATHYRGTWYLTGIVSWGQGCATVGHFGVYTRVSQYIEWLQKLMRSEPRPGVLLRAPFP
4732,1FC2,1.5e-08,ADNKFNKEQQNAFYEILHLPNLNEEQRNGFIQSLKDDPSQSANLLAEAKKLNDAQXXK,THTCPPCPAPELLGGPSVFLFPPKPKDTLMISRTPEVTCVVVDVSHEDPQVKFNWYVDGVQVHNAKTKPREQQYNSTYRVVSVLTVLHQNWLDGKEYKCKVSNKALPAPIEKTISKAKGQPREPQVYTLPPSREEMTKNQVSLTCLVKGFYPSDIAVEWESNGQPENNYKTTPPVLDSDGSFFLYSKLTVDKSRWQQGNVFSCSVMHEALHNHYTQKSLSLSPG
4736,1B2S,1.57e-10,AQVINTFDGVADYLQTYHKLPDNYITASEAQALGWVASKGNLADVAPGKSIGGDIFSNREGKLPGKSGRTWREADINYTSGFRNSDRILYSSDWLIYKTTDHYQTFTKIR,MKKAVINGEQIRSISDLHQTLKKELALPEYYGENLDALWDCLAGWVEYPLVLEWRQFEQSKQLTENGAESVLQVFREAKAEGCDITIILS
4739,1B2U,1e-07,AQVINTFDGVADYLQTYHKLPDNYITASEAQALGWVASKGNLADVAPGKSIGGDIFSNREGKLPGKSGRTWREADINYTSGFRNSDRILYSSDWLIYKTTDHYQTFTKIR,MKKAVINGEQIRSISDLHQTLKKELALPEYYGENLAALWDCLTGWVEYPLVLEWRQFEQSKQLTENGAESVLQVFREAKAEGCDITIILS
4742,1B3S,1.17e-10,AQVINTFDGVADYLQTYHKLPDNYITKSEAQALGWVASKGNLADVAPGKSIGGDIFSNREGKLPGKSGRTWREADINYTSGFRNSDRILYSSDWLIYKTTDAYQTFTKIR,MKKAVINGEQIRSISDLHQTLKKELALPEFYGENLDALWDCLTGWVEYPLVLEWRQFEQSKQLTENGAESVLQVFREAKAEGCDITIILS
4745,1BRS,1e-14,AQVINTFDGVADYLQTYHKLPDNYITKSEAQALGWVASKGNLADVAPGKSIGGDIFSNREGKLPGKSGRTWREADINYTSGFRNSDRILYSSDWLIYKTTDHYQTFTKIR,KKAVINGEQIRSISDLHQTLKKELALPEYYGENLDALWDALTGWVEYPLVLEWRQFEQSKQLTENGAESVLQVFREAKAEGADITIILS
4817,4OGA,1.41e-09,GIVEQCCTSICSLYQLENYCN,FVNQHLCGSHLVEALYLVCGERGFFYTPKT
4873,1ILQ,3.03e-09,SAKELRCQCIKTYSKPFHPKFIKELRVIESGPHCANTEIIVKLSDGRELCLDPKENWVQRVVEKFLKRAENS,XMWDFDDXMPPADEDYSPX
4921,1KU6,2.3e-12,EGREDPQLLVRVRGGQLRGIRLKAPGGPVSAFLGIPFAEPPVGSRRFMPPEPKRPWSGVLDATTFQNVCYQYVDTLYPGFEGTEMWNPNRELSEDCLYLNVWTPYPRPASPTPVLIWIYGGGFYSGAASLDVYDGRFLAQVEGAVLVSMNYRVGTFGFLALPGSREAPGNVGLLDQRLALQWVQENIAAFGGDPMSVTLFGESAGAASVGMHILSLPSRSLFHRAVLQSGTPNGPWATVSAGEARRRATLLARLVGCPPGGAGGNDTELIACLRTRPAQDLVDHEWHVLPQESIFRFSFVPVVDGDFLSDTPEALINTGDFQDLQVLVGVVKDEGSYFLVYGVPGFSKDNESLISRAQFLAGVRIGVPQASDLAAEAVVLHYTDWLHPEDPTHLRDAMSAVVGDHNVVCPVAQLAGRLAAQGARVYAYIFEHRASTLTWPLWMGVPHGYEIEFIFGLPLDPSLNYTTEERIFAQRLMKYWTNFARTGDPNDPRDSKSPQWPPYTTAAQQYVSLNLKPLEVRRGLRAQTCAFWNRFLPKLLSATDTLDEA,TMCYSHTTTSRAILTNCGENSCYRKSRRHPPKMVLGRGCGCPPGDDNLEVKCCTSPDKCNY
4978,2SIC,1.8e-11,AQSVPYGVSQIKAPALHSQGYTGSNVKVAVIDSGIDSSHPDLKVAGGASMVPSETNPFQDNNSHGTHVAGTVAALNNSIGVLGVAPSASLYAVKVLGADGSGQYSWIINGIEWAIANNMDVINMSLGGPSGSAALKAAVDKAVASGVVVVAAAGNEGTSGSSSTVGYPGKYPSVIAVGAVDSSNQRASFSSVGPELDVMAPGVSIQSTLPGNKYGAYNGTSMASPHVAGAAALILSKHPNWTNTQVRSSLENTTTKLGDSFYYGKGLINVQAAAQ,YAPSALVLTVGKGVSATTAAPERAVTLTCAPGPSGTHPAAGSACADLAAVGGDLNALTRGEDVMCPMVYDPVLLTVDGVWQGKRVSYERVFSNECEMNAHGSSVFAF
5114,1DVF,1.08e-08,DIVLTQSPASLSASVGETVTITCRASGNIHNYLAWYQQKQGKSPQLLVYYTTTLADGVPSRFSGSGSGTQYSLKINSLQPEDFGSYYCQHFWSTPRTFGGGTKLEIKR,QVQLQESGPGLVAPSQSLSITCTVSGFSLTGYGVNWVRQPPGKGLEWLGMIWGDGNTDYNSALKSRLSISKDNSKSQVFLKMNSLHTDDTARYYCARERDYRLDYWGQGTTLTVSS
5130,1VFB,2e-08,DIVLTQSPASLSASVGETVTITCRASGNIHNYLAWYQQKQGKSPQLLVYYTTTLADGVPSRFSGSGSGTQYSLKINSLQPEDFGSYYCQHFWSTPRTFGGGTKLEIK,QVQLQESGPGLVAPSQSLSITCTVSGFSLTGYGVNWVRQPPGKGLEWLGMIWGDGNTDYNSALKSRLSISKDNSKSQVFLKMNSLHTDDTARYYCARERDYRLDYWGQGTTLTVSS
5149,1T7C,1.1e-08,CGVPAIQPVLSGLSRIVNGEEAVPGSWPWQVSLQDKTGFHFCGGSLINENWVVTAAHCGVTTSDVVVAGEFDQGSSSEKIQKLKIAKVFKNSKYNSLTINNDITLLKLSTAASFSQTVSAVCLPSASDDFAAGTTCVTTGWGLTRYTNANTPDRLQQASLPLLSNTNCKKYWGTKIKDAMICAGASGVSSCMGDSGGPLVCKKNGAWTLVGIVSWGSSTCSTSTPGVYARVTALVNWVQQTLAAN,RPDFCLEPPYTGPCEARIIRYFYNAKAGLCQTFVYGGCRAKRNNFKSAEDCLRTCGGA
5164,4Y0Y,5e-14,IVGGYTCGANTVPYQVSLNSGYHFCGGSLINSQWVVSAAHCYKSGIQVRLGEDNINVVEGNEQFISASKSIVHPSYNSNTLNNDIMLIKLKSAASLNSRVASISLPTSCASAGTQCLISGWGNTKSSGTSYPDVLKCLKAPILSDSSCKSAYPGQITSNMFCAGYLEGGKDSCQGDSGGPVVCSGKLQGIVSWGSGCAQKNKPGVYTKVCNYVSWIKQTIASN,RPDFCLEPPYTGPCKARIIRYFYNAKAGLCQTFVYGGCRAKRNNFKSAEDCMRTCGGA
5179,1KIP,1.43e-08,DIVLTQSPASLSASVGETVTITCRASGNIHNYLAWYQQKQGKSPQLLVYYTTTLADGVPSRFSGSGSGTQYSLKINSLQPEDFGSYYCQHFWSTPRTFGGGTKLEIK,QVQLQESGPGLVAPSQSLSITCTVSGFSLTGAGVNWVRQPPGKGLEWLGMIWGDGNTDYNSALKSRLSISKDNSKSQVFLKMNSLHTDDTARYYCARERDYRLDYWGQGTTLTVSS
5180,1KIQ,2.5e-07,DIVLTQSPASLSASVGETVTITCRASGNIHNYLAWYQQKQGKSPQLLVYYTTTLADGVPSRFSGSGSGTQYSLKINSLQPEDFGSYYCQHFWSTPRTFGGGTKLEIK,QVQLQESGPGLVAPSQSLSITCTVSGFSLTGYGVNWVRQPPGKGLEWLGMIWGDGNTDYNSALKSRLSISKDNSKSQVFLKMNSLHTDDTARYYCARERDFRLDYWGQGTTLTVSS
5181,1KIR,3.85e-08,DIVLTQSPASLSASVGETVTITCRASGNIHNYLAWYQQKQGKSPQLLVYSTTTLADGVPSRFSGSGSGTQYSLKINSLQPEDFGSYYCQHFWSTPRTFGGGTKLEIK,QVQLQESGPGLVAPSQSLSITCTVSGFSLTGYGVNWVRQPPGKGLEWLGMIWGDGNTDYNSALKSRLSISKDNSKSQVFLKMNSLHTDDTARYYCARERDYRLDYWGQGTTLTVSS
5273,2NU0,1.79e-11,ISGGDAIYSSTGRCSLGFNVRSGSTYYFLTAGHCTDGATTWWANSARTTVLGTTSGSSFPNNDYGIVRYTNTTIPKDGTVGGQDITSAANATVGMAVTRRGSTTGTHSGSVTALNATVNYGGGDVVYGMIRTNVCAEPGDSGGPLYSGTRAIGLTSGGSGNCSSGGTTFFQPVTEALSAYGVSVY,VDCSEYPKPACTWEYRPLCGSDNKTYGNKCNFCNAVVESNGTLTLSHFGKC
5329,1ACB,1.49e-12,CGVPAIQPVLSGLSRIVNGEEAVPGSWPWQVSLQDKTGFHFCGGSLINENWVVTAAHCGVTTSDVVVAGEFDQGSSSEKIQKLKIAKVFKNSKYNSLTINNDITLLKLSTAASFSQTVSAVCLPSASDDFAAGTTCVTTGWGLTRYTNANTPDRLQQASLPLLSNTNCKKYWGTKIKDAMICAGASGVSSCMGDSGGPLVCKKNGAWTLVGIVSWGSSTCSTSTPGVYARVTALVNWVQQTLAAN,TEFGSELKSFPEVVGKTVDQAREYFTLHYPQYDVYFLPEGSPVTLDLRYNRVRVFYNPGTNVVNHVPHVG
5335,1CSE,1.12e-12,AQTVPYGIPLIKADKVQAQGFKGANVKVAVLDTGIQASHPDLNVVGGASFVAGEAYNTDGNGHGTHVAGTVAALDNTTGVLGVAPSVSLYAVKVLNSSGSGSYSGIVSGIEWATTNGMDVINMSLGGASGSTAMKQAVDNAYARGVVVVAAAGNSGNSGSTNTIGYPAKYDSVIAVGAVDSNSNRASFSSVGAELEVMAPGAGVYSTYPTNTYATLNGTSMASPHVAGAAALILSKHPNLSASQVRNRLSSTATYLGSSFYYGKGLINVEAAAQ,TEFGSELKSFPEVVGKTVDQAREYFTLHYPQYNVYFLPEGSPVTLDLRYNRVRVFYNPGTNVVNHVPHVG
5381,1Z7X,3.1e-14,MKESRAKKFQRQHMDSDSSPSSSSTYCNQMMRRRNMTQGRCKPVNTFVHEPLVDVQNVCFQEKVTCKNGQGNCYKSNSSMHITDCRLTNGSRYPNCAYRTSPKERHIIVACEGSPYVPVHFDASVEDST,MSLDIQSLDIQCEELSDARWAELLPLLQQCQVVRLDDCGLTEARCKDISSALRVNPALAELNLRSNELGDVGVHCVLQGLQTPSCKIQKLSLQNCCLTGAGCGVLSSTLRTLPTLQELHLSDNLLGDAGLQLLCEGLLDPQCRLEKLQLEYCSLSAASCEPLASVLRAKPDFKELTVSNNDINEAGVRVLCQGLKDSPCQLEALKLESCGVTSDNCRDLCGIVASKASLRELALGSNKLGDVGMAELCPGLLHPSSRLRTLWIWECGITAKGCGDLCRVLRAKESLKELSLAGNELGDEGARLLCETLLEPGCQLESLWVKSCSFTAACCSHFSSVLAQNRFLLELQISNNRLEDAGVRELCQGLGQPGSVLRVLWLADCDVSDSSCSSLAATLLANHSLRELDLSNNCLGDAGILQLVESVRQPGCLLEQLVLYDIYWSEEMEDRLQALEKDKPSLRVIS
5387,4NFG,1e-05,MKTLVHVASVEKGRSYEDFQKVYNAIALKLREDDEYDNYIGYGPVLVRLAWHTSGTWDKHDNTGGSYGGTYRFKKEFNDPSNAGLQNGFKFLEPIHKEFPWISSGDLFSLGGVTAVQEMQGPKIPWRAGRVDTPEDTTPDNGRLPDADKDADYVRTFFQRLNMNDREVVALMGAHALGKTHLKNSGYEGPWGAANNVFTNEFYLNLLNEDWKLEKNDANNEQWDSKSGYMMLPTDYSLIQDPKYLSIVKEYANDQDKFFKDFSKAFEKLLENGITFPKDAPSPFIFKTLEEQGL,GDVEKGKKIFVQRCAQCHTVEKGGKNKTGPNLNGLFGRKTGQAPGFTYTDANKNKGITWKEETLMEYLENPKKYIPGTKMIFAGIKKKTEREDLIAYLKKATNE
5523,1BJ1,3.41e-09,DIQMTQSPSSLSASVGDRVTITCSASQDISNYLNWYQQKPGKAPKVLIYFTSSLHSGVPSRFSGSGSGTDFTLTISSLQPEDFATYYCQQYSTVPWTFGQGTKVEIKRTVAAPSVFIFPPSDEQLKSGTASVVCLLNNFYPREAKVQWKVDNALQSGNSQESVTEQDSKDSTYSLSSTLTLSKADYEKHKVYACEVTHQGLSSPVTKSFNRGEC,EVQLVESGGGLVQPGGSLRLSCAASGYTFTNYGMNWVRQAPGKGLEWVGWINTYTGEPTYAADFKRRFTFSLDTSKSTAYLQMNSLRAEDTAVYYCAKYPHYYGSSHWYFDVWGQGTLVTVSSASTKGPSVFPLAPSSKSTSGGTAALGCLVKDYFPEPVTVSWNSGALTSGVHTFPAVLQSSGLYSLSSVVTVPSSSLGTQTYICNVNHKPSNTKVDKKVEPKSCDKTHT
5554,1AK4,1.2e-06,MVNPTVFFDIAVDGEPLGRVSFELFADKVPKTAENFRALSTGEKGFGYKGSCFHRIIPGFMCQGGDFTRHNGTGGKSIYGEKFEDENFILKHTGPGILSMANAGPNTNGSQFFICTAKTEWLDGKHVVFGKVKEGMNIVEAMERFGSRNGKTSKKITIADCGQLE,PIVQNLQGQMVHQAISPRTLNAWVKVVEEKAFSPEVIPMFSALSEGATPQDLNTMLNTVGGHQAAMQMLKETINEEAAEWDRLHPVHAGPIAPGQMREPRGSDIAGTTSTLQEQIGWMTHNPPIPVGEIYKRWIILGLNKIVRMY
5569,1M9E,6.6e-05,MVNPTVFFDIAVDGEPLGRVSFELFADKVPKTAENFRALSTGEKGFGYKGSCFHRIIPGFMCQGGDFTRHNGTGGKSIYGEKFEDENFILKHTGPGILSMANAGPNTNGSQFFICTAKTEWLDGKHVVFGKVKEGMNIVEAMERFGSRNGKTSKKITIADCGQL,PIVQNLQGQMVHQAISPRTLNAWVKVVEEKAFSPEVIPMFSALSEGATPQDLNTMLNTVGGHQAAMQMLKETINEEAAEWDRLHPVAAGPIAPGQMREPRGSDIAGTTSTLQEQIGWMTHNPPIPVGEIYKRWIILGLNKIVRMYS
5570,1E96,1.24e-07,PQAIKCVVVGDGAVGKTCLLISYTTNAFPGEYIPTVFDNYSANVMVDGKPVNLGLWDTAGLEDYDRLRPLSYPQTDVFLICFSLVSPASFENVRAKWYPEVRHHCPNTPIILVGTKLDLRDDKDTIEKLKEKKLTPITYPQGLAMAKEIGAVKYLECSALTQRGLKTVFDEAIRAVLCPPPVKKRKRKCLLL,MSLVEAISLWNEGVLAADKKDWKGALDAFSAVQDPHSRICFNIGCMYTILKNMTEAEKAFTRSINRDKHLAVAYFQRGMLYYQTEKYDLAIKDLKEALIQLRGNQLIDYKILGLQFKLFACEVLYNIAFMYAKKEEWKKAEEQLALATSMKSEPRHSKIDKAMECVWKQKLYEPVVIPVGKLFRPNERQVAQLAKKDYLGKAT
5643,1FR2,5.46e-13,MELKHSISDYTEAEFLQLVTTICNADTSSEEELVKLVTHFAEMTEHPSGSDLIYYPKEGDDDSPSGIVNTVKQWRAANGKSGFKQG,MESKRNKPGKATGKGKPVGDKWLDDAGKDSGAPIPDRIADKLRDKEFKSFDDFRKAVWEEVSKDPELSKNLNPSNKSSVSKGYSPFTPKNQQVGGRKVYELHHDKPISQGGEVYDMDNIRVTTPKRHIDIHRGK
5644,2GYK,3.53e-10,MELKHSISDYTEAEFLQLVTTICNADTSSEEELVKLVTHFEEMTEHPSGSALIYYPKEGDDDSPSGIVNTVKQWRAANGKSGFKQG,MESKRNKPGKATGKGKPVGDKWLDDAGKDSGAPIPDRIADKLRDKEFKSFDDFRKAVWEEVSKDPELSKNLNPSNKSSVSKGYSPFTPKNQQVGGRKVYELHHDKPISQGGEVYDMDNIRVTTPKRHIDIHRGK
5645,1AHW,3.4e-09,DIKMTQSPSSMYASLGERVTITCKASQDIRKYLNWYQQKPWKSPKTLIYYATSLADGVPSRFSGSGSGQDYSLTISSLESDDTATYYCLQHGESPYTFGGGTKLEINRADAAPTVSIFPPSSEQLTSGGASVVCFLNNFYPKDINVKWKIDGSERQNGVLNSWTDQDSKDSTYSMSSTLTLTKDEYERHNSYTCEATHKTSTSPIVKSFNRNEC,EIQLQQSGAELVRPGALVKLSCKASGFNIKDYYMHWVKQRPEQGLEWIGLIDPENGNTIYDPKFQGKASITADTSSNTAYLQLSSLTSEDTAVYYCARDNSYYFDYWGQGTTLTVSSAKTTPPSVYPLAPGSAAQTNSMVTLGCLVKGYFPEPVTVTWNSGSLSSGVHTFPAVLQSDLYTLSSSVTVPSSTWPSETVTCNVAHPASSTKVDKKI
5663,1SBB,0.00014,AVTQSPRNKVAVTGGKVTLSCQQTNNHNNMYWYRQDTGHGLRLIHYSYGAGSTEKGDIPDGYKASRPSQEQFSLILELATPSQTSVYFCASGGGRGSYAEQFFGPGTRLTVLEDLRQVTPPKVSLFEPSKAEIANKQKATLVCLARGFFPDHVELSWWVNGKEVHSGVSTDPQAYKESNYSYCLSSRLRVSATFWHNPRNHFRCQVQFHGLSEEDKWPEGSPKPVTQNISAEAWGRAD,ESQPDPKPDELHKSSKFTGLMENMKVLYDDNHVSAINVKSIDQFLYFDLIYSIKDTKLGNYDNVRVEFKNKDLADKYKDKYVDVFGANYYYQCYFSKKTNDINSHQTDKRKTCMYGGVTEHNGNQLDKYRSITVRVFEDGKNLLSFDVQTNKKKVTAQELDYLTRHYLVKNKKLYEFNNSPYETGYIKFIENENSFWYDMMPAPGDKFDQSKYLMMYNDNKMVDSKDVKIEVYLTTKKK
5726,1NMB,4.55e-08,MNPNQKILCTSATALVIGTIAVLIGIVNLGLNIGLHLKPSCNCSRSQPEATNASQTIINNYYNETNITQISNTNIQVEERASREFNNLTKGLCTINSWHIYGKDNAVRIGEDSDVLVTREPYVSCDPDECRFYALSQGTTIRGKHSNGTIHDRSQYRDLISWPLSSPPTVYNSRVECIGWSSTSCHDGRARMSICISGPNNNASAVIWYNRRPVTEINTWARNILRTQESECVCQNGVCPVVFTDGSATGPAETRIYYFKEGKILKWEPLTGTAKHIEECSCYGEQAGVTCTCRDNWQGSNRPVIQIDPVAMTHTSQYICSPVLTDNPRPNDPTVGKCNDPYPGNNNNGVKGFSYLDGGNTWLGRTISIASRSGYEMLKVPNALTDDRSKPTQGQTIVLNTDWSGYSGSFMDYWAEGECYRACFYVELIRGRPKEDKVWWTSNSIVSMCSSTEFLGQWNWPDGAKIEYFL,DIQMTQTTSSLSASLGDRVTISCRASQDISNYLNWYQQNPDGTVKLLIYYTSNLHSEVPSRFSGSGSGTDYSLTISNLEQEDIATYFCQQDFTLPFTFGGGTKLEIRRA
5768,1GRN,2.9e-06,MQTIKCVVVGDGAVGKTCLLISYTTNKFPSEYVPTVFDNYAVTVMIGGEPYTLGLFDTAGQEDYDRLRPLSYPQTDVFLVCFSVVSPSSFENVKEKWVPEITHHCPKTPFLLVGTQIDLRDDPSTIEKLAKNKQKPITPETAEKLARDLKAVKYVECSALTQKGLKNVFDEAILAALEPPEPKKSRRCVLL,LPNQQFGVSLQHLQEKNPEQEPIPIVLRETVAYLQAHALTTEGIFRRSANTQVVREVQQKYNMGLPVDFDQYNELHLPAVILKTFLRELPEPLLTFDLYPHVVGFLNIDESQRVPATLQVLQTLPEENYQVLRFLTAFLVQISAHSDQNKMTNTNLAVVFGPNLLWAKDAAITLKAINPINTFTKFLLDHQGELFPSPDPSGL
5769,1NCA,5e-08,IRDFNNLTKGLCTINSWHIYGKDNAVRIGEDSDVLVTREPYVSCDPDECRFYALSQGTTIRGKHSNGTIHDRSQYRALISWPLSSPPTVYNSRVECIGWSSTSCHDGKTRMSICISGPNNNASAVIWYNRRPVTEINTWARNILRTQESECVCHNGVCPVVFTDGSATGPAETRIYYFKEGKILKWEPLAGTAKHIEECSCYGERAEITCTCRDNWQGSNRPVIRIDPVAMTHTSQYICSPVLTDNPRPNDPTVGKCNDPYPGNNNNGVKGFSYLDGVNTWLGRTISIASRSGYEMLKVPNALTDDKSKPTQGQTIVLNTDWSGYSGSFMDYWAEGECYRACFYVELIRGRPKEDKVWWTSNSIVSMCSSTEFLGQWDWPDGAKIEYFL,DIVMTQSPKFMSTSVGDRVTITCKASQDVSTAVVWYQQKPGQSPKLLIYWASTRHIGVPDRFAGSGSGTDYTLTISSVQAEDLALYYCQQHYSPPWTFGGGTKLEIKRADAAPTVSIFPPSSEQLTSGGASVVCFLNNFYPKDINVKWKIDGSERQNGVLNSWTDQDSKDSTYSMSSTLTLTKDEYERHNSYTCEATHKTSTSPIVKSFNRNEC
5791,1WQJ,4.14e-10,AIHCPPCSEEKLARCRPPVGCEELVREPGCGCCATCALGLGMPCGVYTPRCGSGLRCYPPRGVEKPLHTLMHGQGVCMEL,GPETLCGAELVDALQFVCGDRGFYFNKPTGYGSSSRRAPQTGIVDECCFRSCDLRRLEMYCAPLKPAKSA
5796,4XSS,5.78e-09,GPETLCGAELVDALQFVCGDRGFYFNKPTGYGSSSRRAPQTGIVDECCFRSCDLRRLEMYCAPLKPAKSA,HLYPGEVCPGMDIRNNLTRLHELENCSVIEGHLQILLMFKTRPEDFRDLSFPKLIMITDYLLLFRVYGLESLKDLFPNLTVIRGSRLFFNYALVIFEMVHLKELGLYNLMNITRGSVRIEKNNELCYLATIDWSRILDSVEDNHIVLNKDDNEECGDICPGTAKGKTNCPATVINGQFVERCWTHSHCQKVCPTICKSHGCTAEGLCCHSECLGNCSQPDDPTKCVACRNFYLDGRCVETCPPPYYHFQDWRCVNFSFCQDLHHKCKNSRRQGCHQYVIHNNKCIPECPSGYTMNSSNLLCTPCLGPCPKSSSLVPR
5879,2BTF,2.3e-06,XDDDIAALVVDNGSGMCKAGFAGDDAPRAVFPSIVGRPRHQGVMVGMGQKDSYVGDEAQSKRGILTLKYPIEHGIVTNWDDMEKIWHHTFYNELRVAPEEHPVLLTEAPLNPKANREKMTQIMFETFNTPAMYVAIQAVLSLYASGRTTGIVMDSGDGVTHTVPIYEGYALPHAILRLDLAGRDLTDYLMKILTERGYSFTTTAEREIVRDIKEKLCYVALDFEQEMATAASSSSLEKSYELPDGQVITIGNERFRCPEALFQPSFLGMESCGIHETTFNSIMKCDVDIRKDLYANTVLSGGTTMYPGIADRMQKEITALAPSTMKIKIIAPPERKYSVWIGGSILASLSTFQQMWISKQEYDESGPSIVHRKCF,XAGWNAYIDNLMADGTCQDAAIVGYKDSPSVWAAVPGKTFVNITPAEVGILVGKDRSSFFVNGLTLGGQKCSVIRDSLLQDGEFTMDLRTKSTGGAPTFNITVTMTAKTLVLLMGKEGVHGGMINKKCYEMASHLRRSQY
5883,3BPL,3.44e-06,HKCDITLQEIIKTLNSLTEQKTLCTELTVTDIFAASKNTTEKETFCRAATVLRQFYSHHEKDTRCLGATAQQFHRHKQLIRFLKRLDRNLWGLAGLNSCPVKEANQSTLENFLERLKTIMREKYSKCSS,ADPFKVLQEPTCVSDYMSISTCEWKMNGPTQCSTELRLLYQLVFLLSEAHTCIPENNGGAGCVCHLLMDDVVSADQYTLDLWAGQQLLWKGSFKPSEHVKPRAPGNLTVHTQVSDTLLLTWSNPYPPDNYLYNHLTYAVNIWSENDPADFRIYQVTYLEPSLRIAASTLKSGISYRARVRAWAQCYNTTWSEWSPSTKWHNSYRE
6281,1X1W,1.32e-10,AQVINTFDGVADYLQTYHKLPDNYITKSEAQALGWVASKGNLADVAPGKSIGGDIFSNREGKLPGKSGRTWREADINYTSGFRNSDRILYSSDWLIYKTTDHYQTFTKIR,MKKAVINGEQIRSISDLHQTLKKELALPEYYGENLDALWDALTGWVEYPLVLEWRQFEQSKQLTENGAESVLQVFREAKAAGADITIILS
6283,1X1X,1.32e-10,AQVINTFDGVADYLQTYHKLPDNYITKSEAQALGWVASKGNLADVAPGKSIGGDIFSNREGKLPGKSGRTWREADINYTSGFRNSDRILYSSDWLIYKTTDHYQTFTKIR,KKAVINGEQIRSISDLHQTLKKELALPEYYGENLDALWDALTGWVEYPLVLEWRQFEQSKQLTENGAESVLQVFRAAKAEGADITIILS
6303,1CF4,4e-08,MQTIKCVVVGDGAVGKTCLLISYTTNKFPSEYVPTVFDNYAVTVMIGGEPYTLGLFDTAGLEDYDRLRPLSYPQTDVFLVCFSVVSPSSFENVKEKWVPEITHHCPKTPFLLVGTQIDLRDDPSTIEKLAKNKQKPITPETAEKLARDLKAVKYVECSALTQKGLKNVFDEAILAALEPPEPKK,GSGLSAQDISQPLQNSFIHTGHGDSDPRHCWGFPDRIDELYLGN
6327,3AAA,2.1e-08,MADFEDRVSDEEKVRIAAKFITHAPPGEFNEVFNDVRLLLNNDNLLREGAAHAFAQYNMDQFTPVKIEGYDDQVLITEHGDLGNGRFLDPRNKISFKFDHLRKEASDPQPEDTESALKQWRDACDSALRAYVKDHYPNGFCTVYGKSIDGQQTIIACIESHQFQPKNFWNGRWRSEWKFTITPPTAQVAAVLKIQVHYYEDGNVQLVSHKDIQDSVQVSSDVQTAKEFIKIIENAENEYQTAISENYQTMSDTTFKALRRQLPVTRTKIDWNKILSYKIGKEMQNA,MSDQQLDCALDLMRRLPPQQIEKNLSDLIDLVPSLCEDLLSSVDQPLKIARDKVVGKDYLLCDYNRDGDSYRSPWSNKYDPPLEDGAMPSARLRKLEVEANNAFDQYRDLYFEGGVSSVYLWDLDHGFAGVILIKKAGDGSKKIKGCWDSIHVVEVQEKSSGRTAHYKLTSTVMLWLQTNKTGSGTMNLGGSLTRQMEKDETVSDSSPHIANIGRLVEDMENKIRSTLNEIYFGKTKDIVNGLRSIDAIPDNQKYKQLQRELSQVLTQRQIYIQPDN
6338,2VN5,1e-09,TVLPKDIPGDSLKVTVGTANGKPGDTVTVPVTFADVAKMKNVGTCNFYLGYDASLLEVVSVDAGPIVKNAAVNFSSSASNGTISFLFLDNTITDELITADGVFANIKFKLKSVTAKTTTPVTFKDGGAFGDGTMSKIASVTKTNGSVTIDP,VIVYGDYNNDGNVDALDFAGLKKYIMAADHAYVKNLDVNLDNEVNSTDLAILKKYLLGMVSKLPSN
6362,4L3E,2.4e-08,GSHSMRYFFTSVSRPGRGEPRFIAVGYVDDTQFVRFDSDAASQRMEPRAPWIEQEGPEYWDGETRKVKAHSQTHRVDLGTLRGYYNQSEAGSHTVQRMYGCDVGSDWRFLRGYHQYAYDGKDYIALKEDLRSWTAADMAAQTTKHKWEAAHVAEQLRAYLEGTCVEWLRRYLENGKETLQRTDAPKTHMTHHAVSDHEATLRCWALSFYPAEITLTWQRDGEDQTQDTELVETRPAGDGTFQKWAAVVVPSGQEQRYTCHVQHEGLPKPLTLRWE,MIQRTPKIQVYSRHPAENGKSNFLNCYVSGFHPSDIEVDLLKNGERIEKVEHSDLSFSKDWSFYLLYYTEFTPTEKDEYACRVNHVTLSQPKIVKWDRDM
6395,3EG5,1.25e-06,MQTIKCVVVGDGAVGKTCLLISYTTNKFPSEYVPTVFDNYAVTVMIGGEPYTLGLFDTAGQEDYDRLRPLSYPQTDVFLVCFSVVSPSSFENVKEKWVPEITHHCPKTPFLLVGTQIDLRDDPSTIEKLAKNKQKPITPETAEKLARDLKAVKYVECSALTQRGLKNVFDEAILAALE,DPTAQSLQDISDEQVLVLFEQMLVDMNLNEEKQQPLREKDIVIKREMVSQYLHTSKAGMNQKESSRSAMMYIQELRSGLRDMHLLSCLESLRVSLTSHPVSWVQTFGAEGLASLLDILKRLHDEKEETSGNYDSRNQHEIIRCLKAFMNNKFGIKTMLETEEGILLLVRAMDPAVPNMMIDAAKLLSALCILPQPEDMNERVLEAMTERAEMDEVERFQPLLDGLKSGTSIALKVGCLQLINALITPAEELDFRVHIRSELMRLGLHQVLQELREIENEDMKVQLCVFDEQGDEDFFDLKGRLDDIRMEMDDFGEVFQIILNTVKDSKAEPHFLSILQHLLLVRNDYEARPQYYKLIEECVSQIVLHKNGTDPDFKCRHLQID
6398,4HFK,2.69e-10,HMASMTGGQQMGRMSHMRPAFGAAWNRFKEVNVNVEQVGKLLGGKVQHNIDAGIFKNACPIRMSYVLNYCGIPVPSNSKYATVTGSDKKRYMFRVKDMIAFLPTVLGKADISVSSPTPAQFAGKQGIIIFTGHGWLDATGHVTLWNGNICSDDCHFLGSPGNGSFIPTNATFWSLK,QTLPDISTFSQQQIFENWVQNRCIGKIADSKSLKEDADASAAAWLEASNLPAENFEKADEVIVSLLKQKVGGTEPGHYQILKCTLIANSDAIRPLKSSKHHHHHH
6424,3L5X,7.54e-10,EIVLTQSPATLSLSPGERATLSCRASKSISKYLAWYQQKPGQAPRLLIYSGSTLQSGIPARFSGSGSGTDFTLTISSLEPEDFAVYYCQQHNEYPYTFGQGTKLEIKRTVAAPSVFIFPPSDEQLKSGTASVVCLLNNFYPREAKVQWKVDNALQSGNSQESVTEQDSKDSTYSLSSTLTLSKADYEKHKVYACEVTHQGLSSPVTKSFNRGEC,QVTLKESGPVLVKPTETLTLTCTVSGFSLSTYGMGVGWIRQPPGKALEWLAHIWWDDVKRYNPALKSRLTISKDTSKSQVVLTMTNMDPVDTATYYCARMGSDYDVWFDYWGQGTLVTVSSASTKGPSVFPLAPSSKSTSGGTAALGCLVKDYFPEPVTVSWNSGALTSGVHTFPAVLQSSGLYSLSSVVTVPSSSLGTQTYICNVNHKPSNTKVDKKVEPKSC
6460,1K8R,2.99e-07,MTEYKLVVVGAGGVGKSALTIQLIQNHFVDEYDPTIEDSYRKQVVIDGETCLLDILDTAGQEEYSAMRDQYMRTGEGFLCVFAINNTKSFEDIHQYREQIKRVKDSDDVPMVLVGNKCDLAARTVESRQAQDLARSYGIPYIETSAKTRQGVEDAFYTLVREIRQH,CILRFIACNGQTRAVQSRGDYQKTLAIALKKFSLEDASKFIVCVSQSSRIKLITEEEFKQICFNSSSPERDRLIIVPKEKPCPSFEDLRRSWEIELAQPAALSSQSSLSP
