seq_1,seq_2
AQTVPYGIPLIKADKVQAQGFKGANVKVAVLDTGIQASHPDLNVVGGASFVAGEAYNTDGNGHGTHVAGTVAALDNTTGVLGVAPSVSLYAVKVLNSSGSGSYSGIVSGIEWATTNGMDVINMSLGGASGSTAMKQAVDNAYARGVVVVAAAGNSGNSGSTNTIGYPAKYDSVIAVGAVDSNSNRASFSSVGAELEVMAPGAGVYSTYPTNTYATLNGTSMASPHVAGAAALILSKHPNLSASQVRNRLSSTATYLGSSFYYGKGLINVEAAAQ,TEFGSELKSFPEVVGKTVDQAREYFTLHYPQYNVYFLPEGSPVTLDLRYNRVRVFYNPGTNVVNHVPHVG
CGVPAIQPVLSGLSRIVNGEEAVPGSWPWQVSLQDKTGFHFCGGSLINENWVVTAAHCGVTTSDVVVAGEFDQGSSSEKIQKLKIAKVFKNSKYNSLTINNDITLLKLSTAASFSQTVSAVCLPSASDDFAAGTTCVTTGWGLTRYTNANTPDRLQQASLPLLSNTNCKKYWGTKIKDAMICAGASGVSSCMGDSGGPLVCKKNGAWTLVGIVSWGSSTCSTSTPGVYARVTALVNWVQQTLAAN,TEFGSELKSFPEVVGKTVDQAREYFTLHYPQYDVYFLPEGSPVTLDLRYNRVRVFYNPGTNVVNHVPHVG
AQSVPYGVSQIKAPALHSQGYTGSNVKVAVIDSGIDSSHPDLKVAGGASMVPSETNPFQDNNSHGTHVAGTVAALNNSIGVLGVAPSASLYAVKVLGADGSGQYSWIINGIEWAIANNMDVINMSLGGPSGSAALKAAVDKAVASGVVVVAAAGNEGTSGSSSTVGYPGKYPSVIAVGAVDSSNQRASFSSVGPELDVMAPGVSIQSTLPGNKYGAYNGTSMASPHVAGAAALILSKHPNWTNTQVRSSLENTTTKLGDSFYYGKGLINVQAAAQ,TEFGSELKSFPEVVGKTVDQAREYFTLHYPQYNVYFLPEGSPVTRDLRYNRVRVFYNPGTNVVNHVPHVG
AQSVPYGVSQIKAPALHSQGYTGSNVKVAVIDSGIDSSHPDLKVAGGASMVPSETNPFQDNNSHGTHVAGTVAALNNSIGVLGVAPSASLYAVKVLGADGSGQYSWIINGIEWAIANNMDVINMSLGGPSGSAALKAAVDKAVASGVVVVAAAGNEGTSGSSSTVGYPGKYPSVIAVGAVDSSNQRASFSSVGPELDVMAPGVSIQSTLPGNKYGAYNGTSMASPHVAGAAALILSKHPNWTNTQVRSSLENTTTKLGDSFYYGKGLINVQAAAQHHHHHH,MKTEWPELVGKSVEEAKKVILQDKPAAQIIVLPVGTIVTMEYRIDRVRLFVDRLDNIAQVPRVG
AQSVPYGVSQIKAPALHSQGYTGSNVKVAVIDSGIDSSHPDLKVAGGASMVPSETNPFQDNNSHGTHVAGTVAALNNSIGVLGVAPSASLYAVKVLGADGSGQYSWIINGIEWAIANNMDVINMSLGGPSGSAALKAAVDKAVASGVVVVAAAGNEGTSGSSSTVGYPGKYPSVIAVGAVDSSNQRASFSSVGPELDVMAPGVSIQSTLPGNKYGAYNGTSMASPHVAGAAALILSKHPNWTNTQVRSSLENTTTKLGDSFYYGKGLINVQAAAQ,YAPSALVLTVGKGVSATTAAPERAVTLTCAPGPSGTHPAAGSACADLAAVGGDLNALTRGEDVMCPMVYDPVLLTVDGVWQGKRVSYERVFSNECEMNAHGSSVFAF
HKCDITLQEIIKTLNSLTEQKTLCTELTVTDIFAASKNTTEKETFCRAATVLRQFYSHHEKDTRCLGATAQQFHRHKQLIRFLKRLDRNLWGLAGLNSCPVKEANQSTLENFLERLKTIMREKYSKCSS,FKVLQEPTCVSDYMSISTCEWKMNGPTNCSTELRLLYQLVFLLSEAHTCIPENNGGAGCVCHLLMDDVVSADNYTLDLWAGQQLLWKGSFKPSEHVKPRAPGNLTVHTNVSDTLLLTWSNPYPPDNYLYNHLTYAVNIWSENDPADFRIYNVTYLEPSLRIAASTLKSGISYRARVRAWAQAYNTTWSEWSPSTKWHNSYREPFEQH
AQVINTFDGVADYLQTYHKLPDNYITKSEAQALGWVASKGNLADVAPGKSIGGDIFSNREGKLPGKSGRTWREADINYTSGFRNSDRILYSSDWLIYKTTDHYQTFTKIR,KKAVINGEQIRSISDLHQTLKKELALPEYYGENLDALWDALTGWVEYPLVLEWRQFEQSKQLTENGAESVLQVFREAKAEGADITIILS
AVTQSPRNKVAVTGGKVTLSCQQTNNHNNMYWYRQDTGHGLRLIHYSYGAGSTEKGDIPDGYKASRPSQEQFSLILELATPSQTSVYFCASGGGRGSYAEQFFGPGTRLTVLEDLRQVTPPKVSLFEPSKAEIANKQKATLVCLARGFFPDHVELSWWVNGKEVHSGVSTDPQAYKESNYSYCLSSRLRVSATFWHNPRNHFRCQVQFHGLSEEDKWPEGSPKPVTQNISAEAWGRAD,ESQPDPKPDELHKSSKFTGLMENMKVLYDDNHVSAINVKSIDQFLYFDLIYSIKDTKLGNYDNVRVEFKNKDLADKYKDKYVDVFGANYYYQCYFSKKTNDINSHQTDKRKTCMYGGVTEHNGNQLDKYRSITVRVFEDGKNLLSFDVQTNKKKVTAQELDYLTRHYLVKNKKLYEFNNSPYETGYIKFIENENSFWYDMMPAPGDKFDQSKYLMMYNDNKMVDSKDVKIEVYLTTKKK
AVTQSPRNKVAVTGGKVTLSCQQTNNHNNMYWYRQDTGHGLRLIHYSYGAGSTEKGDIPDGYKASRPSQEQFSLILELATPSQTSVYFCASGGGRGSYAEQFFGPGTRLTVLEDLRQVTPPKVSLFEPSKAEIANKQKATLVCLARGFFPDHVELSWWVNGKEVHSGVSTDPQAYKESNYSYCLSSRLRVSATFWHNPRNHFRCQVQFHGLSEEDKWPEGSPKPVTQNISAEAWGRAD,ESQPDPMPDDLHKSSEFTGTMGNMKYLYDDHYVSATKVKSVDKFLAHDLIYNINDKKLNNYDKVKTELLNEDLANKYKDEVVDVYGSNYYVNCYFSSKDNVGKVTSGKTCMYGGITKHEGNHFDNGNLQNVLIRVYENKRNTISFEVQTDKKSVTAQELDIKARNFLINKKNLYEFNSSPYETGYIKFIESNGNTFWYDMMPAPGDKFDQSKYLMIYKDNKMVDSKSVKIEVHLTTKNG
PQAIKCVVVGDGAVGKTCLLISYTTNAFPGEYIPTVFDNYSANVMVDGKPVNLGLWDTAGLEDYDRLRPLSYPQTDVFLICFSLVSPASFENVRAKWYPEVRHHCPNTPIILVGTKLDLRDDKDTIEKLKEKKLTPITYPQGLAMAKEIGAVKYLECSALTQRGLKTVFDEAIRAVLCPPPVKKRKRKCLLL,MSLVEAISLWNEGVLAADKKDWKGALDAFSAVQDPHSRICFNIGCMYTILKNMTEAEKAFTRSINRDKHLAVAYFQRGMLYYQTEKYDLAIKDLKEALIQLRGNQLIDYKILGLQFKLFACEVLYNIAFMYAKKEEWKKAEEQLALATSMKSEPRHSKIDKAMECVWKQKLYEPVVIPVGKLFRPNERQVAQLAKKDYLGKAT
MVNPTVFFDIAVDGEPLGRVSFELFADKVPKTAENFRALSTGEKGFGYKGSCFHRIIPGFMCQGGDFTRHNGTGGKSIYGEKFEDENFILKHTGPGILSMANAGPNTNGSQFFICTAKTEWLDGKHVVFGKVKEGMNIVEAMERFGSRNGKTSKKITIADCGQLE,PIVQNLQGQMVHQAISPRTLNAWVKVVEEKAFSPEVIPMFSALSEGATPQDLNTMLNTVGGHQAAMQMLKETINEEAAEWDRLHPVHAGPIAPGQMREPRGSDIAGTTSTLQEQIGWMTHNPPIPVGEIYKRWIILGLNKIVRMY
LPVLAPVTKDPATSLYTIPFHDGASLVLDVAGPLVWSTCKGGQPPAEIPCSSPTCLLANAYPAPGCPAPSCGSDKHDKPCTAYPYNPVSGACAAGSLSHTRFVANTTDGSKPVSKVNVGVLAACAPSKLLASLPRGSTGVAGLANSGLALPAQVASAQKVANRFLLCLPTGGPGVAIFGGGPVPWPQFTQSMPYTPLVTKGGSPAHYISARSIVVGDTRVPVPEGALATGGVMLSTRLPYVLLRPDVYRPLMDAFTKALAAQHANGAPVARAVVAVAPFGVCYDTKTLGNNLGGYAVPNVQLGLDGGSDWTMTGKNSMVDVKQGTACVAFVEMKGVAAGDGRAPAVILGGAQMEDFVLDFDMEKKRLGFSRLPHFTGCGGL,ASTDYWQNWTDGGGIVNAVNGSGGNYSVNWSNTGNFVVGKGWTTGSPFRTINYNAGVWAPNGNGYLTLYGWTRSPLIEYYVVDSWGTYRPTGTYKGTVKSDGGTYDIYTTTRYNAPSIDGDRTTFTQYWSVRQSKRPTGSNATITFTNHVNAWKSHGMNLGSNWAYQVMATEGYQSSGSSNVTVW
ARVDQTPQTITKETGESLTINCVLRDSNCALSSTYWYRKKSGSTNEESISKGGRYVETVNSGSKSFSLRINDLTVEDSGTYRCKPESRYGSYDAECAALNDQYGGGTVVTVNAAAHHHHHH,KVFGRCELAAAMKRHGLDNYRGYSLGNWVCAAKFESNFNTQATNRNTDGSTDYGILQINSRWWCNDGRTPGSRNLCNIPCSALLSSDITASVNCAKKIVSDGNGMNAWVAWRNRCKGTDVQAWIRGCRL
AGHHHHHHEETLLNTKLETADLKWVTFPQVDGQWEELSGLDEEQHSVRTYEVCDVQRAPGQAHWLRTGWVPRRGAVHVYATLRFTMLECLSLPRAGRSCKETFTVFYYESDADTATALTPAWMENPYIKVDTVAAEHLTRKRPGAEATGKVNVKTLRLGPLSKAGFYLAFQDQGACMALLSLHLFYKK,IVLEPIYWNSSNSKFLPGQGLVLYPQIGDKLDIICPKVDSKTVGQYEYYKVYMVDKDQADRCTIKKENTPLLNCARPDQDVKFTIKFQEFSPNLWGLEFQKNKDYYIISTSNGSLEGLDNQEGGVCQTRAMKILMKVG
RSSNELHQVPSNCDCLNGGTCVSNKYFSNIHWCNCPKKFGGQHCEIDKSKTCYEGNGHFYRGKASTDTMGRPCLPWNSATVLQQTYHAHRSDALQLGLGKHNYCRNPDNRRRPWCYVQVGLKPLVQECMVHDCAD,QESCKGRCTEGFNVDKKCQCDELCSYYQSCCTDYTAECKP
EEQPRLFELLGQPGYKATWHAMFKGESDVPKWVSDASGPSSPSTSLSLEGQPYVLANSCKPHDCGNNRLLVAFRGDKSAAYGLQVSLPDEPAEVMQTPSKYATYRWYGEPSRQVRELLMKQLESDPNWKLEHHHHHH,KVFGRCELAAAMKRHGLDNYRGYSLGNWVCAAKFESNFNTQATNRNTDGSTDYGILQINSRWWCNDGRTPGSRNLCNIPCSALLSSDITASVNCAKKIVSDGNGMNAWVAWRNRCKGTDVQAWIRGCRL
ALFVALYDYEAITEDDLSFHKGEKFQILNSSEGDWWEARSLTTGETGYIPSNYVAPVDS,ACAWLEAQEEEEVGFPVRPQVPLRPMTYKAAVDLSHFLKEKGGLEGLIHSQRRQDILDLWIYHTQGYFPDWQNYTPGPGVRYPLTFGWCYKLVPVEPDKVEEANKGENTSLLHPVSLHGMDDPEREVLEWRFDSRLAFHHVARELHPEYFKN
GSRSTDAERLKHLIVTPSGAGEQNMIGMTPTVIAVHYLDETEQWEKFGLEKRQGALELIKKGYTQQLAFRQPSSAFAAFVKRAPSTWLTAYVVKVFSLAVNLIAIDSQVLCGAVKWLILEKQKPDGVFQEDAPVIHQEMIGGLRNNNEKDMALTAFVLISLQEAKDICEEQVNSLPGSITKAGDFLEANYMNLQRSYTVAIAGYALAQMGRLKGPLLNKFLTTAKDKNRWEDPGKQLYNVEATSYALLALLQLKDFDFVPPVVRWLNEQRYYGGGYGSTQATFMVFQALAQYQKDAP,TDATIKKEQKLIQAQNLVREFEKTHTVSAHRKAQKAVNLVSFEYKVKKMVLQERIDNVLKQGLVR
GSRSTDAERLKHLIVTPSGAGEQNMIGMTPTVIAVHYLDETEQWEKFGLEKRQGALELIKKGYTQQLAFRQPSSAFAAFVKRAPSTWLTAYVVKVFSLAVNLIAIDSQVLCGAVKWLILEKQKPDGVFQEDAPVIHQEMIGGLRNNNEKDMALTAFVLISLQEAKDICEEQVNSLPGSITKAGDFLEANYMNLQRSYTVAIAGYALAQMGRLKGPLLNKFLTTAKDKNRWEDPGKQLYNVEATSYALLALLQLKDFDFVPPVVRWLNEQRYYGGGYGSTQATFMVFQALAQYQKDAP,QTKNVEAAKKYDQYQTNFKKQVNKKVVDAQKAVELFKRTRTVATHRKAQRAVNLIHFQHSYEKKKLQRQIDLVLKYNTLK
MVAENQPGHIDQIKQTNAGAVYRLIDQLGPVSRIDLSRLAQLAPASITKIVREMLEAHLVQELEIKEAGNRGRPAVGLVVETEAWHYLSLRISRGEIFLALRDLSSKLVVEESQELALKDDSPLLDRIISHIDQFFIRHQKKLERLTSIAITLPGIIDTENGIVHRMPFYEDVKEMPLGEALEQHTGVPVYIQHDISAWTMAEALFGASRGARDVIQVVIDHNVGAGVITDGHLLHAGSSSLVEIGHTQVDPYGKRCYCGNHGCLETIASVDSILELAQLRLNQSMSSMLHGQPLTVDSLCQAALRGDLLAKDIITGVGAHVGRILAIMVNLFNPQKILIGSPLSKAADILFPVISDSIRQQALPAYSQHISVESTQFSNQGTMAGAALVKDAMYNGSLLIRLLQG,MAPALVAAFGGKENITNLDACITRLRVSVADVSKVDQAGLKKLGAAGVVVAGSGVQAIFGTKSDNLKTEMDEYIR
MTKLFSKVKESIEGIKMPSTLTINGKAPIVAYAELIAARIVNALAPNSIAIKLVDDKKAPAAKLDDATEDVFNKITSKFAAIFDNGDKEQVAKWVNLAQKELVIKNFAKLSQSLETLDSQLNLRTFILGGLKYSAADVACWGALRSNGMCGSIIKNKVDVNVSRWYTLLEMDPIFGEAHDFLSKSLLELKKSANVGKKKETHKANFE,MSDLVTKFESLIISKYPVSFTKEQSAQAAQWESVLKSGQIQPHLDQLNLVLRDNTFIVSTLYPTSTDVHVFEVALPLIKDLVASSKDVKSTYTTYRHILRWIDYMQNLLEVSSTDKLEINHD
MELKHSISDYTEAEFLEFVKKIARAEGATECDDNKLVREFERLTEHPDGSDLIYYPRDDREDSPEGIVKEIKEWRAANGKSGFKQG,MESKRNKPGKATGKGKPVGDKWLDDAGKDSGAPIPDRIADKLRDKEFKSFDDFRKAVWEEVSKDPELSKNLNPSNKSSVSKGYSPFTPKNQQVGCRKVYELHHDKPISQGGEVYDMDNIRVTTPKRHIDIHRGK
MELKHSISDYTEAEFLQLVTTICNADTSSEEELVKLVTHFEEMTEHPSGSDLIYYPKEGDDDSPSGIVNTVKQWRAANGKSGFKQG,MESKRNKPGKATGKGKPVGDKWLDDAGKDSGAPIPDRIADKLRDKEFKSFDDFAKAVWEEVSKDPELSKNLNPSNKSSVSKGYSPFTPKNQQVGGRKVYELHHDKPISQGGEVYDMDNIRVTTPKRHIDIHRGK
TTPLVHVASVEKGRSYEDFQKVYNAIALKLREDDEYDNYIGYGPVLVRLAWHTSGTWDKHDNTGGSYGGTYRFKKEFNDPSNAGLQNGFKFLEPIHKEFPWISSGDLFSLGGVTAVQEMQGPKIPWRCGRVDTPEDTTPDNGRLPDADKDADYVRTFFQRLNMNDREVVALMGAHALGKTHLKNSGYEGPWGAANNVFTNEFYLNLLNEDWKLEKNDANNEQWDSKSGYMMLPTDYSLIQDPKYLSIVKEYANDQDKFFKDFSKAFEKLLENGITFPKDAPSPFIFKTLEEQGL,TEFKAGSAKKGATLFKTRCLQCHTVEKGGPHKVGPNLHGIFGRHSGQAEGYSYTDANIKKNVLWDENNMSEYLTNPKKYIPGTKMAIGGLKKEKDRNDLITYLKKACE
MITTPLVHVASVEKGRSYEDFQKVYNAIALKLREDDEYDNYIGYGPVLVRLAWHISGTWDKHDNTGGSYGGTYRFKKEFNDPSNAGLQNGFKFLEPIHKEFPWISSGDLFSLGGVTAVQEMQGPKIPWRCGRVDTPEDTTPDNGRLPDADKDAGYVRTFFQRLNMNDREVVALMGAHALGKTHLKNSGYEGPWGAANNVFTNEFYLNLLNEDWKLEKNDANNEQWDSKSGYMMLPTDYSLIQDPKYLSIVKEYANDQDKFFKDFSKAFEKLLENGITFPKDAPSPFIFKTLEEQGL,GDVEKGKKIFVQKCAQCHTVEKGGKHKTGPNLHGLFGRKTGQAPGFTYTDANKNKGITWKEETLMEYLENPKKYIPGTKMIFAGIKKKTEREDLIAYLKKATNE
GSGPEAALENVDAKIAKLMGEGYAFEEVKRALEIAQNNVEVARSILREFAFP,MQIFVKTLTGKTITLEVEPSDTIENVKAKIQDKEGIPPDQQRLIFAGKQLEDGRTLSDYNIQKESTLHLVLRLRGG
GSISVHLLLGNPSGATPTKLTPDNYLMVKNQYALSYNNSKGTANWVAWQLNSSWLGNAERQDNFRPDKTLPAGWVRVTPSMYSGSGYARGHIAPSADRTKTTEDNAATFLMTNMMPQTPDNNRNTWGNLEDYCRELVSQGKELYIVAGPNGSLGKPLKGKVTVPKSTWKIVVVLDSPGSGLEGITANTRVIAVNIPNDPELNNDWRAYKVSVDELESLTGYDFLSNVSPNIQTSIESKVDN,GSTKTNSEILEQLKQASDGLLFMSESEYPFEVFLWEGSAPPVTHEIVLQQTGHGQDAPFKVVDIDSFFSRATTPQDWYEDEENAVVAKFQKLLEVIKSNLKNPQVYRLGEVELDVYVIGETPAGNLAGISTKVVET
MVLTEGNPRWEQTHLTYRIENYTPDLPRADVDHAIEKAFQLWSNVTPLTFTKVSEGQADIMISFVRGDHRDNSPFDGPGGNLAHAFQPGPGIGGDAHFDEDERWTNNFREYNLHRVAAHELGHSLGLSHSTDIGALMYPSYTFSGDVQLAQDDIDGIQAIYGRSQNPVQP,CTCVPPHPQTAFCNSDLVIRAKFVGTPEVNQTTLYQRYEIKMTKMYKGFQALGDAADIRFVYTPAMESVCGYFHRSHNRSEEFLIAGKLQDGLLHITTCSFVAPWNSLSLAQRRGFTKTYTVGCEE
HPQPFEEGLRRLQEGDLPNAVLLFEAAVQQDPKHMEAWQYLGTTQAENEQELLAISALRRCLELKPDNQTALMALAVSFTNESLQRQACEILRDWLRYTPAYAHLVTPAEEGAGGAGLGPSKRILGSLLSDSLFLEVKELFLAAVRLDPTSIDPDVQCGLGVLFNLSGEYDKAVDCFTAALSVRPNDYLLWNKLGATLANGNQSEEAVAAYRRALELQPGYIRSRYNLGISCINLGAHREAVEHFLEALNMQRKSRGPRGEGGAMSENIWSTLRLALSMLGQSDAYGAADARDLSTLLTMFGLPQ,SASDGFKANLVFKEIEKKLEEEGEQFVKKIGGIFAFKVKDGPGGKEATWVVDVKNGKGSVLPNSDKKADCTITMADSDFLALMTGKMNPQSAFFQGKLKITGNMGLAMKLQNLQLQPGNAKL
XDDDIAALVVDNGSGMCKAGFAGDDAPRAVFPSIVGRPRHQGVMVGMGQKDSYVGDEAQSKRGILTLKYPIEHGIVTNWDDMEKIWHHTFYNELRVAPEEHPVLLTEAPLNPKANREKMTQIMFETFNTPAMYVAIQAVLSLYASGRTTGIVMDSGDGVTHTVPIYEGYALPHAILRLDLAGRDLTDYLMKILTERGYSFTTTAEREIVRDIKEKLCYVALDFEQEMATAASSSSLEKSYELPDGQVITIGNERFRCPEALFQPSFLGMESCGIHETTFNSIMKCDVDIRKDLYANTVLSGGTTMYPGIADRMQKEITALAPSTMKIKIIAPPERKYSVWIGGSILASLSTFQQMWISKQEYDESGPSIVHRKCF,XAGWNAYIDNLMADGTCQDAAIVGYKDSPSVWAAVPGKTFVNITPAEVGILVGKDRSSFFVNGLTLGGQKCSVIRDSLLQDGEFTMDLRTKSTGGAPTFNITVTMTAKTLVLLMGKEGVHGGMINKKCYEMASHLRRSQY
STIEEQAKTFLDKFNHEAEDLFYQSSLASWNYNTNITEENVQNMNNAGDKWSAFLKEQSTLAQMYPLQEIQNLTVKLQLQALQQNGSSVLSEDKSKRLNTILNTMSTIYSTGKVCNPDNPQECLLLEPGLNEIMANSLDYNERLWAWESWRSEVGKQLRPLYEEYVVLKNEMARANHYEDYGDYWRGDYEVNGVDGYDYSRGQLIEDVEHTFEEIKPLYEHLHAYVRAKLMNAYPSYISPIGCLPAHLLGDMWGRFWTNLYSLTVPFGQKPNIDVTDAMVDQAWDAQRIFKEAEKFFVSVGLPNMTQGFWENSMLTDPGNVQKAVCHPTAWDLGKGDFRILMCTKVTMDDFLTAHHEMGHIQYDMAYAAQPFLLRNGANEGFHEAVGEIMSLSAATPKHLKSIGLLSPDFQEDNETEINFLLKQALTIVGTLPFTYMLEKWRWMVFKGEIPKDQWMKKWWEMKREIVGVVEPVPHDETYCDPASLFHVSNDYSFIRYYTRTLYQFQFQEALCQAAKHEGPLHKCDISNSTEAGQKLFNMLRLGKSEPWTLALENVVGAKNMNVRPLLNYFEPLFTWLKDQNKNSFVGWSTDWSPYAD,CPFGEVFNATKFPSVYAWERKKISNCVADYSVLYNSTFFSTFKCYGVSATKLNDLCFSNVYADSFVVKGDDVRQIAPGQTGVIADYNYKLPDDFMGCVLAWNTRNIDATSTGNYNYKYRYLRHGKLRPFERDISNVPFSPDGKPCTPPALNCYWPLNDYGFYTTTGIGYQPYRVVVLSFE
GSPGISGGGGGSQNSLALHKVIMVGSGGVGKSALTLQFMYDEFVEDYEPTKADSYRKKVVLDGEEVQIDILDTAGQEDYAAIRDNYFRSGEGFLCVFSITEMESFAATADFREQILRVKEDENVPFLLVGNKSDLEDKRQVSVEEAKNRAEQWNVNYVETSAKTRANVDKVFFDLMREIRARKMEDS,GSPGISGGGGGSAYSNTYQEFTNIDQAKAWGNAQYKKYGLSKSEKEAIVSYTKSASEINGKLRQNKGVINGFPSNLIKQVELLDKSFNKMKTPENIMLFRGDDPAYLGTEFQNTLLNSNGTINKTAFEKAKAKFLNKDRLEYGYISTSLMNVSQFAGRPIITKFKVAKGSKAGYIDPISAFAGQLEMLLPRHSTYHIDDMRLSSDGKQIIITATMMGTAINPK
ARSTNTFNYATYHTLDEIYDFMDLLVAQHPELVSKLQIGRSYEGRPIYVLKFSTGGSNRPAIWIDLGIHSREWITQATGVWFAKKFTENYGQNPSFTAILDSMDIFLEIVTNPNGFAFTHSENRLWRKTRSVTSSSLCVGVDANRNWDAGFGKAGASSSPCSETYHGKYANSEVEVKSIVDFVKNHGNFKAFLSIHSYSQLLLYPYGYTTQSIPDKTELNQVAKSAVAALKSLYGTSYKYGSIITTIYQASGGSIDWSYNQGIKYSFTFELRDTGRYGFLLPASQIIPTAQETWLGVLTIMEHTVNN,ZZHADPICNKPCKTHDDCSGAWFCQACWNSARTCGPYV
ARSTNTFNYATYHTLDEIYDFMDLLVAEHPQLVSKLQIGRSYEGRPIYVLKFSTGGSNRPAIWIDLGIHSREWITQATGVWFAKKFTEDYGQDPSFTAILDSMDIFLEIVTNPDGFAFTHSQNRLWRKTRSVTSSSLCVGVDANRNWDAGFGKAGASSSPCSETYHGKYANSEVEVKSIVDFVKDHGNFKAFLSIHSYSQLLLYPYGYTTQSIPDKTELNQVAKSAVAALKSLYGTSYKYGSIITTIYQASGGSIDWSYNQGIKYSFTFELRDTGRYGFLLPASQIIPTAQETWLGVLTIMEHTVNNLY,GSHTPDESFLCYQPDQVCAFICRGAAPLPSEGECNPHPTAPWAREGAVEWVPYSTGQCRTTCIPYVE
MEGQRWLPLEANPEVTNQFLKQLGLHPNWQFVDVYGMDPELLSMVPRPVCAVLLLFPITEKYEVFRTEEEEKIKSQGQDVTSSVYFMKQTISNACGTIGLIHAIANNKDKMHFESGSTLKKFLEESVSMSPEERARYLENYDAIRVTHETSAHEGQTEAPSIDEKVDLHFIALVHVDGHLYELDGRKPFPINHGETSDETLLEDAIEVCKKFMERDPDELRFNAIALSAA,MQIFVKTLTGKTITLEVEPSDTIENVKAKIQDKEGIPPDQQRLIFAGKQLEDGRTLSDYNIQKESTLHLVLRLRG
MAVSESQLKKMVSKYKYRDLTVRETVNVITLYKDLKPVLDSYVFNDGSSRELMNLTGTIPVPYRGNTYNIPICLWLLDTYPYNPPICFVKPTSSMTIKTGKHVDANGKIYLPYLHEWKHPQSDLLGLIQVMIVVFGDEPPVFSRP,MQIFVKTLTGKTITLEVEPSDTIENVKAKIQDKEGIPPDQQRLIFAGKQLEDGRTLSDYNIQKESTLHLVLRLRGG
QTSVSPSKVILPRGGSVLVTCSTSCDQPKLLGIETPLPKKELLLPGNNRKVYELSNVQEDSQPMCYSNCPDGQSTAKTFLTVYWTPERVELAPLPSWQPVGKNLTLRCQVEGGAPRANLTVVLLRGEKELKREPAVGEPAEVTTTVLVRRDHHGANFSCRTELDLRPQGLELFENTSAPYQLQTFVLPATPPQLVSPRVLEVDTQGTVVCSLDGLFPVSEAQVHLALGDQRLNPTVTYGNDSFSAKASVSVTAEDEGTQRLTCAVILGNQSQETLQTVTIYSFPAPNVILT,VDLVFLFDGSMSLQPDEFQKILDFMKDVMKKCSNTSYQFAAVQFSTSYKTEFDFSDYVKRKDPDALLKHVKHMLLLTNTFGAINYVATEVFREELGARPDATKVLIIITDGEATDSGNIDAAKDIIRYIIGIGKHFQTKESQETLHKFASKPASEFVKILDTFEKLKDLCTELQKKI
EGREDPQLLVRVRGGQLRGIRLKAPGGPVSAFLGIPFAEPPVGSRRFMPPEPKRPWSGVLDATTFQNVCYQYVDTLYPGFEGTEMWNPNRELSEDCLYLNVWTPYPRPASPTPVLIWIYGGGFYSGAASLDVYDGRFLAQVEGAVLVSMNYRVGTFGFLALPGSREAPGNVGLLDQRLALQWVQENIAAFGGDPMSVTLFGESAGAASVGMHILSLPSRSLFHRAVLQSGTPNGPWATVSAGEARRRATLLARLVGCPPGGAGGNDTELIACLRTRPAQDLVDHEWHVLPQESIFRFSFVPVVDGDFLSDTPEALINTGDFQDLQVLVGVVKDEGSYFLVYGVPGFSKDNESLISRAQFLAGVRIGVPQASDLAAEAVVLHYTDWLHPEDPTHLRDAMSAVVGDHNVVCPVAQLAGRLAAQGARVYAYIFEHRASTLTWPLWMGVPHGYEIEFIFGLPLDPSLNYTTEERIFAQRLMKYWTNFARTGDPNDPRDSKSPQWPPYTTAAQQYVSLNLKPLEVRRGLRAQTCAFWNRFLPKLLSAT,TMCYSHTTTSRAILTNCGENSCYRKSRRHPPKMVLGRGCGCPPGDDNLEVKCCTSPDKCNY
GDCCIIRVSLDVDNGNMYKSILVTSQDKAPTVIRKAMDKHNLDEDEPEDYELLQIISEDHKLKIPENANVFYAMNSAANYDFILKKR,MTEYKLVVVGAGGVGKSALTIQLIQNHFVDKYDPTIEDSYRKQVVIDGETCLLDILDTAGQEEYSAMRDQYMRTGEGFLCVFAINNTKSFEDIHQYREQIKRVKDSDDVPMVLVGNKCDLAARTVESRQAQDLARSYGIPYIETSAKTRQGVEDAFYTLVREIRQHK
ALDTNYCFRNLEENCCVRPLYIDFRQDLGWKWVHEPKGYYANFCSGPCPYLRSADTTHSTVLGLYNTLNPEASASPCCVPQDLEPLTILYYVGRTPKVEQLSNMVVKSCKCS,VTDNNGAVKFPQLCKFCDVRFSTCDNQKSCMSNCSITSICEKPQEVCVAVWRKNDENITLETVCHDPKLPYHDFILEDAASPKCIMKEKKKPGETFFMCSCSSDECNDNIIFSEEYNTSNPD
QAKHKQRKRLKSSCKRHPLYVDFSDVGWNDWIVAPPGYHAMYCHGECPFPLADHLNSTNHAIVQTLVNSVNSKIPKACCVPTELSAISMLMLDENEKVVLKNYQDMVVEGCGCR,WLITGTEASCENEGEVLHIPNITDNPCISCVCLNQKAECKQEKCAPLAEDCALVVKQTGACCEKCKG
HPETLVKVKDAEDQLGARVGYIELDLNSGKILESFRPEERFPMMSTFKVLLCGAVLSRIDAGQEQLGRRIHYSQNDLVAASPVTEKHLTDGMTVRELCSAAITMSDNTAANLLLTTIGGPKELTAFLHNMGDHVTRLDRWEPELNEAIPNDERDTTMPAAMATTLRKLLTGELLTLASRQQLIDWMEADKVAGPLLRSALPAGWFIADKSGAGERGSRGIIAALGPDGKPSRIVVIYTTGSQATMDERNRQIAEIGASLIKHW,AGVMTGAKFTQIQFGMTRQQVLDIAGAENCETGGSFGDSIHCRGHAAGDYYAYATFGFTSAAADAKVDSKSQEALLAPSAPTLTLAKFNQVTVGMTRAQVLATVGQGSCTTWSEYYPAYPSTAGVTLSLSCFDVDGYSSTGAARGSAHLWFTDGVLQGKRQWDLV
SEESQAFQRQLTALIGYDVTDVSNVHDDELEFTRRGLVTPRMAEVASRDPKLYAMHPWVTSKPLPEYLWKKIANNCIFIKIHRSTTSQTIKVSPDDTPGAILQSFFTKMAKKKSLMDIPESQSEQDFVLRVCGRDEYLVGETPIKNFQWVRHCLKNGEEIHVVLDTPPDPALDEVRKEEWPLADDCTGVTGYHEQLTIHGKDHESVFTVSLWDCDRKFRVKIRGIDIPVLPRNTDLTVFVEANIQHGQQVLCQRRTSPKPFTEEVLWNVWLEFSIKIKDLPKGALLNLQIYCGKAPALSSKASAESPSSESKGKVRLLYYVNLLLIDHRFLLRRGEYVLHMWQISGKGEDQGSFNADKLTSATNPDKENSMSISILLDNYCHPIALPKHQPTPDPEGDRVRAEMPNQLRKQLEAIIATDPLNPLTAEDKELLWHFRYESLKHPKAYPKLFSSVKWGQQEIVAKTYQLLARREVWDQSALDVGLTMQLLDCNFSDENVRAIAVQKLESLEDDDVLHYLLQLVQAVKFEPYHDSALARFLLKRGLRNKRIGHFLFWFLRSEIAQSRHYQQRFAVILEAYLRGCGTAMLHDFTQQVQVIEMLQKVTLDIKSLSAEKYDVSSQVISQLKQKLENLQNSQLPESFRVPYDPGLKAGALAIEKCKVMASKKKPLWLEFKCADPTALSNETIGIIFKHGDDLRQDMLILQILRIMESIWETESLDLCLLPYGCISTGDKIGMIEIVKDATTIAKIQQSTVGNTGAFKDEVLNHWLKEKSPTEEKFQAAVERFVYSCAGYCVATFVLGIGDRHNDNIMITETGNLFHIDFGHILGNYKSFLGINKERVPFVLTPDFLFVMGTSGKKTSPHFQKFQDICVKAYLALRHHTNLLIILFSMMLMTGMPQLTSKEDIEYIRDALTVGKNEEDAKKYFLDQIEVCRDKGWTVQFNWFLHLVLGIKQGEKHSAHHHHHH,MTEYKLVVVGAVGVGKSALTIQLIQNHFVDEYDPTIEDSYRKQVVIDGETCLLDILDTAGQEEYSAMRDQYMRTGEGFLCVFAINNTKSFEDIHQYREQIKRVKDSDDVPMVLVGNKCDLAARTVESRQAQDLARSYGIPYIETSAKTRQGVEDAFYTLVREIRQH
SMVEVLADHPGELVRTDSPNFLCSVLPTHWRCNKTLPIAFKVVALGDVPDGTLVTVMAGNDENYSAELRNATAAMKNQVARFNDLRFVGRSGRGKSFTLTITVFTNPPQVATYHRAIKITVDGPREPRRHRQKL,PRVVPDQRSKFENEEFFRKLSRECEIKYTGFRDRPHEERQARFQNACRDGRSEIAFVATGTNLSLQFFPASWQGEQRQTPSREYVDLEREAGKVYLKAPMILNGVCVIWKGWIDLQRLDGMGCLEFDEERAQQE
MQTIKCVVVGDGAVGKTCLLISYTTNKFPSEYVPTVFDNYAVTVMIGGEPYTLGLFDTAGQEDYDRLRPLSYPQTDVFLVCFSVVSPSSFENVKEKWVPEITHHCPKTPFLLVGTQIDLRDDPSTIEKLAKNKQKPITPETAEKLARDLKAVKYVECSALTQKGLKNVFDEAILAALEPPEPKKSRRCVLL,LPNQQFGVSLQHLQEKNPEQEPIPIVLRETVAYLQAHALTTEGIFRRSANTQVVREVQQKYNMGLPVDFDQYNELHLPAVILKTFLRELPEPLLTFDLYPHVVGFLNIDESQRVPATLQVLQTLPEENYQVLRFLTAFLVQISAHSDQNKMTNTNLAVVFGPNLLWAKDAAITLKAINPINTFTKFLLDHQGELFPSPDPSGL
CGVPAIQPVLSGLSRIVNGEEAVPGSWPWQVSLQDKTGFHFCGGSLINENWVVTAAHCGVTTSDVVVAGEFDQGSSSEKIQKLKIAKVFKNSKYNSLTINNDITLLKLSTAASFSQTVSAVCLPSASDDFAAGTTCVTTGWGLTRYTNANTPDRLQQASLPLLSNTNCKKYWGTKIKDAMICAGASGVSSCMGDSGGPLVCKKNGAWTLVGIVSWGSSTCSTSTPGVYARVTALVNWVQQTLAAN,EISCEPGKTFKDKCNTCRCGADGKSAACTLKACPNQ
CGVPAIQPVLSGLSRIVNGEEAVPGSWPWQVSLQDKTGFHFCGGSLINENWVVTAAHCGVTTSDVVVAGEFDQGSSSEKIQKLKIAKVFKNSKYNSLTINNDITLLKLSTAASFSQTVSAVCLPSASDDFAAGTTCVTTGWGLTRYTNANTPDRLQQASLPLLSNTNCKKYWGTKIKDAMICAGASGVSSCMGDSGGPLVCKKNGAWTLVGIVSWGSSTCSTSTPGVYARVTALVNWVQQTLAAN,EEKCTPGQVKQQDCNTCTCTPTGVWGCTLMGCQPA
ADKELKFLVVDDFSTMRRIVRNLLKELGFNNVEEAEDGVDALNKLQAGGYGFVISDWNMPNMDGLELLKTIRADGAMSALPVLMVTAEAKKENIIAAAQAGASGYVVKPFTAATLEEKLNKIFEKLGM,RQLALEAKGETPSAVTRLSVVAKSEPQDEQSRSQSARRIILSRLKAGEVDLLEEELGHLTTLTDVVKGADSLSAILPGDIAEDDITAVLCFVIEADQITFETVEVSPKISTPPVLKLAAEQAPTGRVEREKTTR
ADNKFNKEQQNAFYEILHLPNLNEEQRNGFIQSLKDDPSQSANLLAEAKKLNDAQXXK,THTCPPCPAPELLGGPSVFLFPPKPKDTLMISRTPEVTCVVVDVSHEDPQVKFNWYVDGVQVHNAKTKPREQQYNSTYRVVSVLTVLHQNWLDGKEYKCKVSNKALPAPIEKTISKAKGQPREPQVYTLPPSREEMTKNQVSLTCLVKGFYPSDIAVEWESNGQPENNYKTTPPVLDSDGSFFLYSKLTVDKSRWQQGNVFSCSVMHEALHNHYTQKSLSLSPG
VVGGTDADEGEWPWQVSLHALGQGHICGASLISPNWLVSAAHCYIDDRGFRYSDPTQWTAFLGLHDQSQRSAPGVQERRLKRIISHPFFNDFTFDYDIALLELEKPAEYSSMVRPICLPDASHVFPAGKAIWVTGWGHTQYGGTGALILQKGEIRVINQTTCENLLPQQITPRMMCVGFLSGGVDSCQGDSGGPLSSVEADGRIFQAGVVSWGDGCAQRNKPGVYTRLPLFRDWIKENTGV,RPDFCLEPPYTGPCKARIIRYFYNAKAGLCQTFVYGGCRAKRNNFKSAEDCMRTCGGA
SPQPLEQIKLSESQLSGRVGMIEMDLASGRTLTAWRADERFPMMSTFKVVLCGAVLARVDAGDEQLERKIHYRQQDLVDYSPVSEKHLADGMTVGELCAAAITMSDNSAANLLLATVGGPAGLTAFLRQIGDNVTRLDRWETELNEALPGDARDTTTPASMAATLRKLLTSQRLSARSQRQLLQWMVDDRVAGPLIRSVLPAGWFIADKTGAGERGARGIVALLGPNNKAERIVVIYLRDTPASMAERNQQIAGIGAALIEHWQR,AGVMTGAKFTQIQFGMTRQQVLDIAGAENCETGGSFGDSIHCRGHAAGDYYAYATFGFTSAAADAKVDSKSQEKLLAPSAPTLTLAKFNQVTVGMTRAQVLATVGQGSCTTWSEYYPAYPSTAGVTLSLSCFDVDGYSSTGFYRGSAHLWFTDGVLQGKRQWDLV
IVGGYTCGANTVPYQVSLNSGYHFCGGSLINSQWVVSAAHCYKSGIQVRLGEDNINVVEGNEQFISASKSIVHPSYNSNTLNNDIMLIKLKSAASLDSRVASISLPTSCASAGTQCLISGWGNTKSSGTSYPDVLKCLKAPILSDSSCKSAYPGQITSNMFCAGYLEGGKDSCQGDSGGPVVCSGKLQGIVSWGSGCAQKNKPGVYTKVCNYVSWIKQTIASN,RPDFCLEPPYTGPCKARIIRYFYNAKAGLCQTFVYGGCRAKRNNFKSAEDCMRTCGGA
SLDIQSLDIQCEELSDARWAELLPLLQQCQVVRLDDCGLTEARCKDISSALRVNPALAELNLRSNELGDVGVHCVLQGLQTPSCKIQKLSLQNCCLTGAGCGVLSSTLRTLPTLQELHLSDNLLGDAGLQLLCEGLLDPQCRLEKLQLEYCSLSAASCEPLASVLRAKPDFKELTVSNNDINEAGVRVLCQGLKDSPCQLEALKLESCGVTSDNCRDLCGIVASKASLRELALGSNKLGDVGMAELCPGLLHPSSRLRTLWIWECGITAKGCGDLCRVLRAKESLKELSLAGNELGDEGARLLCETLLEPGCQLESLWVKSCSFTAACCSHFSSVLAQNRFLLELQISNNRLEDAGVRELCQGLGQPGSVLRVLWLADCDVSDSSCSSLAATLLANHSLRELDLSNNCLGDAGILQLVESVRQPGCLLEQLVLYDIYWSEEMEDRLQALEKDKPSLRVIS,QDNSRYTHFLTQHYDAKPQGRDDRYCESIMRRRGLTSPCKDINTFIHGNKRSIKAICENKNGNPHRENLRISKSSFQVTTCKLHGGSPWPPCQYRATAGFRNVVVACENGLPVHLDQSIFRRP
MKESRAKKFQRQHMDSDSSPSSSSTYCNQMMRRRNMTQGRCKPVNTFVHEPLVDVQNVCFQEKVTCKNGQGNCYKSNSSMHITDCRLTNGSRYPNCAYRTSPKERHIIVACEGSPYVPVHFDASVEDST,MSLDIQSLDIQCEELSDARWAELLPLLQQCQVVRLDDCGLTEARCKDISSALRVNPALAELNLRSNELGDVGVHCVLQGLQTPSCKIQKLSLQNCCLTGAGCGVLSSTLRTLPTLQELHLSDNLLGDAGLQLLCEGLLDPQCRLEKLQLEYCSLSAASCEPLASVLRAKPDFKELTVSNNDINEAGVRVLCQGLKDSPCQLEALKLESCGVTSDNCRDLCGIVASKASLRELALGSNKLGDVGMAELCPGLLHPSSRLRTLWIWECGITAKGCGDLCRVLRAKESLKELSLAGNELGDEGARLLCETLLEPGCQLESLWVKSCSFTAACCSHFSSVLAQNRFLLELQISNNRLEDAGVRELCQGLGQPGSVLRVLWLADCDVSDSSCSSLAATLLANHSLRELDLSNNCLGDAGILQLVESVRQPGCLLEQLVLYDIYWSEEMEDRLQALEKDKPSLRVIS
FPTIPLSRLFDNAMLRAHRLHQLAFDTYQEFEEAYIPKEQKYSFLQNPQTSLCFSESIPTPSNREETQQKSNLELLRISLLLIQSWLEPVQFLRSVFANSLVYGASDSNVYDLLKDLEERIQTLMGRLEDGSPRTGQIFKQTYSKFDTNSHNDDALLKNYGLLYCFRKDMDKVETFLRIVQCRSVEGSCGF,FSGSEATAAILSRAPWSLQSVNPGLKTNSSKEPKFTKCRSPERETFSCHWTDEVHHGTKNLGPIQLFYTRRNTQEWTQEWKECPDYVSAGENSCYFNSSFTSIWIPYCIKLTSNGGTVDEKCFSVDEIVQPDPPIALNWTLLNVSLTGIHADIQVRWEAPRNADIQKGWMVLEYELQYKEVNETKWKMMDPILTTSVPVYSLKVDKEYEVRVRSKQRNSGNYGEFSEVLYVTLPQMSQ
FPTIPLSRLFDNAMLRAHRLHQLAFDTYQEFEEAYIPKEQKYSFLQNPQTSLCFSESIPTPSNREETQQKSNLELLRISLLLIQSWLEPVQFLRSVFANSLVYGASDSNVYDLLKDLEERIQTLMGRLEDGSPRTGQIFKQTYSKFDTNSHNDDALLKNYGLLYCFRKDMDKVETFLRIVQCRSVEGSCGF,QLPPGKPEIFKCRSPNKETFTCWWRPGTDGGLPTNYSLTYHREGETLMHECPDYITGGPNSCHFGKQYTSMWRTYIMMVNATNQMGSSFSDELYVDVTYIVQPDPPLELAVEVKQPEDRKPYLWIKWSPPTLIDLKTGWFTLLYEIRLKPEKAAEWEIHFAGQQTEFKILSLHPGQKYLVQVRCKPDHGYWSAWSPATFIQIPSDFTMNDT
MLRDLFDRAVVLSHYIHNLSSEMFSEFDKRYTHGRGFITKAINSCHTSSLATPEDKEQAQQMNQKDFLSLIVSILRSWNEPLYHLVTEVRGMQEAPEAILSKAVEIEEQTKRLLERMELIVSQVHPETKENEIYPVWSGLPSLQMADEESRLSAYYNLLHCLRRDSHKIDNYLKLLKCRIIHNNNC,MLPPGKPEIFKCRSPNKETFTCWWRPGTDGGLPTNYSLTYHREGETLMHECPDYITGGPNSCHFGKQYTSMWRTYIMMVNATNQMGSSFSDELYVDVTYIVQPDPPLELAVEVKQPEDRKPYLWIKWSPPTLIDLKTGWFTLLYEIRLKPEKAAEWEIHFAGQQTEFKILSLHPGQKYLVQVRCKPDHGYWSAWSPATFIQIPSDFTMND
MDKPKRKEAVIIMNVAAHHGSELNGELLLNSIQQAGFIFGDMNIYHRHLSPDGSGPALFSLANMVKPGTFDPEMKDFTTPGVTIFMQVPSYGDELQLFKLMLQSAQHIADEVGGVVLDDQRRMMTPQKLREYQDIIREVKDANA,KEPDYLDIPAFLRKQAD
PSVFLFPPKPKDTLMISRTPEVTCVVVDVSHEDPQVKFNWYVDGVQVHNAKTKPREQQYNSTYRVVSVLTVLHQNWLDGKEYKCKVSNKALPAPIEKTISKAKGQPREPQVYTLPPSREEMTKNQVSLTCLVKGFYPSDIAVEWESNGQPENNYKTTPPVLDSDGSFFLYSKLTVDKSRWQQGNVFSCSVMHEALHNHYTQKSLSL,TTYKLVINGKTLKGETTTEAVDAATAEKVFKQYANDNGVDGEWTYDDATKTFTVTE
GARSEVVLVNVTENFNMWKNDMVEQMHEDIISLWDQSLKPCVKLTPLCVGAGSCNTSVITQACPKVSFEPIPIHYCAPAGFAILKCNNKTFNGTGPCTNVSTVQCTHGIRPVVSTQLLLNGSLAEEEVVIRSVNFTDNAKTIIVQLNTSVEINCTGAGHCNISRAKWNNTLKQIASKLREQFGNNKTIIFKQSSGGDPEIVTHSFNCGGEFFYCNSTQLFNSTWFNSTWSTKGSNNTEGSDTITLPCRIKQIINMWQKVGKAMYAPPISGQIRCSSNITGLLLTRDGGNSNNESEIFRPGGGDMRDNWRSELYKYKVVKIE,KKVVLGKKGDTVELTCTASQKKSIQFHWKNSNQIKILGNQGSFLTKGPSKLNDRADSRRSLWDQGNFPLIIKNLKIEDSDTYICEVEDQKEEVQLLVFGLTANSDTHLLQGQSLTLTLESPPGSSPSVQCRSPRGKNIQGGKTLSVSQLELQDSGTWTCTVLQNQKKVEFKIDIVVLAFQKASNT
IVGGRRARPHAWPFMVSLQLRGGHFCGATLIAPNFVMSAAHCVANVNVRAVRVVLGAHNLSRREPTRQVFAVQRIFENGYDPVNLLNDIVILQLNGSATINANVQVAQLPAQGRRLGNGVQCLAMGWGLLGRNRGIASVLQELNVTVVTSLCRRSNVCTLVRGRQAGVCFGDSGSPLVCNGLIHGIASFVRGGCASGLYPDAFAPVAQFVNWIDSIIQ,LAAVSVDCSEYPKPACTLEYRPLCGSDNKTYGNKCNFCNAVVESNGTLTLSHFGKC
AQTVPYGIPLIKADKVQAQGFKGANVKVAVLDTGIQASHPDLNVVGGASFVAGEAYNTDGNGHGTHVAGTVAALDNTTGVLGVAPSVSLYAVKVLNSSGSGSYSGIVSGIEWATTNGMDVINMSLGGASGSTAMKQAVDNAYARGVVVVAAAGNSGNSGSTNTIGYPAKYDSVIAVGAVDSNSNRASFSSVGAELEVMAPGAGVYSTYPTNTYATLNGTSMASPHVAGAAALILSKHPNLSASQVRNRLSSTATYLGSSFYYGKGLINVEAAAQ,VDCSEYPKPACTLEYRPLCGSDNKTYGNKCNFCNAVVESNGTLTLSHFGKC
ISGGDAIYSSTGRCSLGFNVRSGSTYYFLTAGHCTDGATTWWANSARTTVLGTTSGSSFPNNDYGIVRYTNTTIPKDGTVGGQDITSAANATVGMAVTRRGSTTGTHSGSVTALNATVNYGGGDVVYGMIRTNVCAEPGDSGGPLYSGTRAIGLTSGGSGNCSSGGTTFFQPVTEALVAYGVSVY,LAAVSVDCSEYPKPACTLEYRPLCGSDNKTYGNKCNFCNAVVESNGTLTLSHFGKC
IVGGYTCGANTVPYQVSLNSGYHFCGGSLINSQWVVSAAHCYKSGIQVRLGEDNINVVEGNEQFISASKSIVHPSYNSNTLNNDIMLIKLKSAASLNSRVASISLPTSCASAGTQCLISGWGNTKSSGTSYPDVLKCLKAPILSDSSCKSAYPGQITSNMFCAGYLEGGKDSCQGDSGGPVVCSGKLQGIVSWGSGCAQKNKPGVYTKVCNYVSWIKQTIASN,EPCCDSCRCTKSIPPECHCANI
EAFPVDDDDKGGYTCQENSVPYQVSLNSGYHFCGGSLINDQWVVSAAHCYKSRIQVRLGEHNINVLEGNEQFVNAAKIIKHPNFDRKTLNNDIMLIKLSSPVKLNARVATVALPSSCAPAGTQCLISGWGNTLSSGVNEPDLLQCLDAPLLPQADCEASYPGKITDNMVCVGFLEGGKDSCQGDSGGPVVCNGELQGIVSWGYGCALPDNPGVYTKVCNYVDWIQDTIAAN,RPDFCLEPPYTGPCKARIIRYFYNAKAGLCQTFVYGGCRAKRNNFKSAEDCMRTCGGA
GAMGSWNPKYDTRTLWTTPDTSPNCTIAQDKDSKLTLVLTKCGSQILANVSLIVVAGKYHIINNKTNPKIKSFTIKLLFNKNGVLLDNSNLGKAYWNFRSGNSNVSTAYEKAIGFMPNLVAYPKPSNSKKYARDIVYGTIYLGGKPDQPAVIKTTFNQETGCEYSITFNFSWSKTYENVEFETTSFTFSYIAQE,MADFARSLSITTPEEMIEKAKGETAYLPCKFTLSPEDQGPLDIEWLISPADNQKVDQVIILYSGDKIYDDYYPDLKGRVHFTSNDLKSGDASINVTNLQLSDIGTYQCKVKKAPGVANKKIHLVVLVK
MADFARSLSITTPEEMIEKAKGETAYLPCKFTLSPEDQGPLDIEWLISPADNQKVDQVIILYSGDKIYDDYYPDLKGRVHFTSNDLKSGDASINVTNLQLSDIGTYQCKVKKAPGVANKKIHLVVLVK,MRGSHHHHHHGSPPAAPITLWTGPGPSINGFINDTPVIRCFICLTRDSNLVTVNASFVGEGGYRIVSPTQSQFSLIMEFDQFGQLMSTGNINSTTTWGEKPWGNNTVQPRPSHTWKLCMPNREVYSTPAATISRCGLDSIAVDGAPSRSIDCMLIINKPKGVATYTLTFRFLNFNRLSGGTLFKTDVLTFTYVGENQ
TPYDPLTLWTTPDPPPNCSLIQELDAKLTLCLTKNGSIVNGIVSLVGVKGNLLNIQSTTTTVGVHLVFDEQGRLITSTPTALVPQASWGYRQGQSVSTNTVTNGLGFMPNVSAYPRPNASEAKSQMVSLTYLQGDTSKPITMKVAFNGITSLNGYSLTFMWSGLSNYINQPFSTPSCSFSYITQE,GITTPEEMIEKAKGETAYLPCKFTLSPEDQGPLDIEWLISPADNQKVDQVIILYSGDKIYDDYYPDLKGRVHFTSNDLKSGDASINVTNLQLSDIGTYQCKVKKAPGVANKKIHLVVLVKPSGA
CVICDPSVVLALKSLEKDYLPGHLDAKHHKAMMERVENAVKDFQELSLNEDAYMGVVDEATLQKGSWSLLKDLKRITDSDVKGDLFVKELFWMLHLQKETFATYVARFQKEAYCPNKCGVMLQTLIWCKNCKKEVHACRKSYDCGERNVEVPQMEDMILDCELNWHQASEGLTDYSFYRVWGNNTETLVSKGKEATLTKPMVGPEDAGSYRCELGSVNSSPATIINFHVTVLPGRAVPR,GDELLNICMNAKHHKRVPSPEDKLYEECIPWKDNACCTLTTSWEAHLDVSPLYNFSLFHCGLLMPGCRKHFIQAICFYECSPNLGPWIQPVGSLGWEVAPSGQGERVVNVPLCQEDCEEWWEDCRMSYTCKSNWRGGWDWSQGKNRCPKGAQCLPFSHYFPTPADLCEKTWSNSFKASPERRNSGRCLQKWFEPAQGNPNVAVARLFASGRLVPR
GPGSMEASCLELALEGERLCKSGDCRAGVSFFEAAVQVGTEDLKTLSAIYSQLGNAYFYLHDYAKALEYHHHDLTLARTIGDQLGEAKASGNLGNTLKVLGNFDEAIVCCQRHLDISRELNDKVGEARALYNLGNVYHAKGKSFGCPGPQDVGEFPEEVRDALQAAVDFYEENLSLVTALGDRAAQGRAFGNLGNTHYLLGNFRDAVIAHEQRLLIAKEFGDKAAERRAYSNLGNAYIFLGEFETASEYYKKTLLLARQLKDRAVEAQSCYSLGNTYTLLQDYEKAIDYHLKHLAIAQELNDRIGEGRACWSLGNAYTALGNHDQAMHFAEKHLEISREVGDKSGELTARLNLSDLQMVLGLSYSTNNSIMSENTEIDSSLNGVRPKLGRRHSMENMELMKLTPEK,GPLGSMQVDSVQRWMEDLKLMTECECMCVLQAKPISLEEDAQGDLILAGGPG
GPGSASCLELALEGERLCKSGDCRAGVSFFEAAVQVGTEDLKTLSAIYSQLGNAYFYLHDYAKALEYHHHDLTLARTIGDQLGEAKASGNLGNTLKVLGNFDEAIVCCQRHLDISRELNDKVGEARALYNLGNVYHAKGKSFGCPGPQDTGEFPEDVRNALQAAVDLYEENLSLVTALGDRAAQGRAFGNLGNTHYLLGNFRDAVIAHEQRLLIAKEFGDKAAERRAYSNLGNAYIFLGEFETASEYYKKTLLLARQLKDRAVEAQSCYSLGNTYTLLQDYEKAIDYHLKHLAIAQELKDRIGEGRACWSLGNAYTALGNHDQAMHFAEKHLEISREVGD,ALGLLAPLRETKSTNPASRVMEMEPETMETKSVIDSRV
GPGSMEASCLELALEGERLCKSGDCRAGVSFFEAAVQVGTEDLKTLSAIYSQLGNAYFYLHDYAKALEYHHHDLTLARTIGDQLGEAKASGNLGNTLKVLGNFDEAIVCCQRHLDISRELNDKVGEARALYNLGNVYHAKGKSFGCPGPQDVGEFPEEVRDALQAAVDFYEENLSLVTALGDRAAQGRAFGNLGNTHYLLGNFRDAVIAHEQRLLIAKEFGDKAAERRAYSNLGNAYIFLGEFETASEYYKKTLLLARQLKDRAVEAQSCYSLGNTYTLLQDYEKAIDYHLKHLAIAQELNDRIGEGRACWSLGNAYTALGNHDQAMHFAEKHLEISREVGDKSGELTARLNLSDLQMVLGLSYSTNNSIMSENTEIDSSLNGVRPKLGRRHSMENMELMKLTPEK,GPLGSDLPPKVVPSKQLLHSDHMEMEPETMETKSVTDYFSKLHMGSVAYSCTS
AQSVPWGISRVQAPAAHNRGLTGSGVKVAVLDTGISTHPDLNIRGGASFVPGEPSTQDGNGHGTHVAGTIAALNNSIGVLGVAPSAELYAVKVLGASGSGSVSSIAQGLEWAGNNGMHVANLSLGSPSPSATLEQAVNSATSRGVLVVAASGNSGAGSISYPARYANAMAVGATDQNNNRASFSQYGAGLDIVAPGVNVQSTYPGSTYASLNGTSMATPHVAGAAALVKQKNPSWSNVQIRNHLKNTATSLGSTNLYGSGLVNAEAATR,ADPPPVHDTDGHELRADANYYVLSANRAHGGGLTMAPGHGRHCPLFVSQDPNGQHDGFPVRITPYGVAPSDKIIRLSTDVRISFRAYTTCLQSTEWHIDSELAAGRRHVITGPVKDPSPSGRENAFRIEKYSGAEVHEYKLMSCGDWCQDLGVFRDLKGGAWFLGATEPYHVVVFKKAPPA
DDHSELLVNTKSGKVMGTRVPVLSSHISAFLGIPFAEPPVGNMRFRRPEPKKPWSGVWNASTYPNNCQQYVDEQFPGFSGSEMWNPNREMSEDCLYLNIWVPSPRPKSTTVMVWIYGGGFYSGSSTLDVYNGKYLAYTEEVVLVSLSYRVGAFGFLALHGSQEAPGNVGLLDQRMALQWVHDNIQFFGGDPKTVTIFGESAGGASVGMHILSPGSRDLFRRAILQSGSPNCPWASVSVAEGRRRAVELGRNLNCNLNSDEELIHCLREKKPQELIDVEWNVLPFDSIFRFSFVPVIDGEFFPTSLESMLNSGNFKKTQILLGVNKDEGSFFLLYGAPGFSKDSESKISREDFMSGVKLSVPHANDLGLDAVTLQYTDWMDDNNGIKNRDGLDDIVGDHNVICPLMHFVNKYTKFGNGTYLYFFNHRASNLVWPEWMGVIHGYEIEFVFGLPLVKELNYTAEEEALSRRIMHYWATFAKTGNPNEPHSQESKWPLFTTKEQKFIDLNTEPMKVHQRLRVQMCVFWNQFLPKLLNATAC,TMCYSHTTTSRAILTNCGENSCYRKSRRHPPKMVLGRGCGCPPGDDNLEVKCCTSPDKCNY
DAELLVTVRGGRLRGIRLKTPGGPVSAFLGIPFAEPPMGPRRFLPPEPKQPWSGVVDATTFQSVCYQYVDTLYPGFEGTEMWNPNRELSEDCLYLNVWTPYPRPTSPTPVLVWIYGGGFYSGASSLDVYDGRFLVQAERTVLVSMNYRVGAFGFLALPGSREAPGNVGLLDQRLALQWVQENVAAFGGDPTSVTLFGESAGAASVGMHLLSPPSRGLFHRAVLQSGAPNGPWATVGMGEARRRATQLAHLVGCPPGGTGGNDTELVACLRTRPAQVLVNHEWHVLPQESVFRFSFVPVVDGDFLSDTPEALINAGDFHGLQVLVGVVKDEGSYFLVYGAPGFSKDNESLISRAEFLAGVRVGVPQVSDLAAEAVVLHYTDWLHPEDPARLREALSDVVGDHNVVCPVAQLAGRLAAQGARVYAYVFEHRASTLSWPLWMGVPHGYEIEFIFGIPLDPSRNYTAEEKIFAQRLMRYWANFARTGDPNEPRDPKAPQWPPYTAGAQQYVSLDLRPLEVRRGLRAQACAFWNRFLPKLLSAT,TMCYSHTTTSRAILTNCGENSCYRKSRRHPPKMVLGRGCGCPPGDDNLEVKCCTSPDKCNY
MRGSHHHHHHGSDLGKKLLEAARAGQDDEVRILMANGADVNAKDEYGLTPLYLATAHGHLEIVEVLLKNGADVNAVDAIGFTPLHLAAFIGHLEIAEVLLKHGADVNAQDKFGKTAFDISIGNGNEDLAEILQKLN,HHHHHHVDCSQFLRGQECVEECRVLQGLPREYVNARHCLPCHPECQPQDGSVTCFGPEADQCVACAHYKDPPFCVARCPSGVKPDLSYMPIWKFPDEEGACQP
MEGWQRAFVLHSRPWSETSLMLDVFTEESGRVRLVAKGARSKRSTLKGALQPFTPLLLRFGGRGEVKTLRSAEAVSLALPLSGITLYSGLYINELLSRVLEYETRFSELFFDYLHCIQSLAGVTGTPEPALRRFELALLGHLGYGVNFTHCAGSGEPVDDTMTYRYREEKGFIASVVIDNKTFTGRQLKALNAREFPDADTLRAAKRFTRMALKPYLGGKPLKSRELFRQFMPKRTVKTHYE,YMDFDDDIPF
MPVFHTRTIESILEPVAQQISHLVIMHEEGEVDGKAIPDLTAPVAAVQAAVSNLVRVGKETVQTTEDQILKRDMPPAFIKVENACTKLVQAAQMLQSDPYSVPARDYLIDGSRGILSGTSDLLLTFDEAEVRKIIRVCKGILEYLTVAEVVETMEDLVTYTKNLGPGMTKMAKMIDERQQELTHQEHRVMLVNSMNTVKELLPVLISAMKIFVTTKNSKNQGIEEALKNRNFTVEKMSAEINEIIRVLQLTSWDEDAW,GSHMTRETIFEASKKVTNSLSNLISLIGT
ADPQKLDDVDPLVTTNFGKIRGIKKELNNEILGPVIQFLGVPYAAPPTGEHRFQPPEPPSPWSDIRNATQFAPVCPQNIIDGRLPEVMLPVWFTNNLDVVSSYVQDQSEDCLYLNIYVPTEDDIRDSGGPKPVMVYIHGGSYMEGTGNLYDGSVLASYGNVIVITVNYRLGVLGFLSTGDQAAKGNYGLLDLIQALRWTSENIGFFGGDPLRITVFGSGAGGSCVNLLTLSHYSEKGLFQRAIAQSGTALSSWAVSFQPAKYARILATKVGCNVSDTVELVECLQKKPYKELVDQDVQPARYHIAFGPVIDGDVIPDDPQILMEQGEFLNYDIMLGVNQGEGLKFVENIVDSDDGVSASDFDFAVSNFVDNLYGYPEGKDVLRETIKFMYTDWADRHNPETRRKTLLALFTDHQWVAPAVATADLHSNFGSPTYFYAFYHHCQTDQVPAWADAAHGDEVPYVLGIPMIGPTELFPCNFSKNDVMLSAVVMTYWTNFAKTGDPNQPVPQDTKFIHTKPNRFEEVAWTRYSQKDQLYLHIGLKPRVKEHYRANKVNLWLELVPHLHNLNDHHHHHH,GSPGISGGGGGILEASSLGAHHIHHFHGSSKHHSVPIAIYRSPASLRGGHAGTTYIFSKGGGQITYKWPPNDRPSTRADRLAIGFSTVQKEAVLVRVDSSSGLGDYLELHIHQGKIGVKFNVGTDDIAIEESNAIINDGKYHVVRFTRSGGNATLQVDSWPVIERYPAGRQLTIFNSQATIIIGGKEQGQPFQGQLSGLYYNGLKVLNMAAENDANIAIVGNVRLVGEVPSSMTTESHHHHHH
MALLLTTVIALTCLGGFASPGPVPPSTALRELIEELVNITQNQKAPLCNGSMVWSINLTAGMYCAALESLINVSGCSAIEKTQRMLSGFCPHKVSAGQFSSLHVRDTKIEVAQFVKDLLLHLKKLFREGRFN,MAFVCLAVGCLYTFLISTTFGCTSSSDTEIKVNPPQDFEIVDPGYLGYLYLQWQPPLSLDHFKECTVEYELKYRNIGSETWKTIITKNLHYKDGFDLNKGIEAKIHTLLPWQCTNGSEVQSSWAETTYWISPQGIPETKVQDMDCVYYNWQYLLCSWKPGIGVLLDTNYNLFYWYEGLDHALQCVDYIKADGQNIGCRFPYLEASDYKDFYICVNGSSENKPIRSSYFTFQLQNIVKPLPPVYLTFTRESSCEIKLKWSIPLGPIPARCFDYEIEIREDDTTLVTATVENETYTLKTTNETRQLCFVVRSKVNIYCSDDGIWSEWSDKQCWEGEDLSKKTLLRFWLPFGFILILVIFVTGLLLRKPNTYPKMIPEFFCDT
GMGAPTLPPAWQPFLKDHRISTFKNWPFLEGCACTPERMAEAGFIHCPTENEPDLAQCFFCFKELEGWEPDDDPIEEHKKHSSGCAFLSVKKQFEELTLGEFLKLDRERAKNKIAKETNNKKKEFEETAKKVRRAIEQLAAMD,ARTKQTARKSTGGKA
GMGAPTLPPAWQPFLKDHRISTFKNWPFLEGCACTPERMAEAGFIHCPTENEPDLAQCFFCFKELEGWEPDDDPIEEHKKHSSGCAFLSVKKQFEELTLGEFLKLDRERAKNKIAKETNNKKKEFEETAKKVRRAIEQLAAMD,ARTKQTARKS
GMGAPTLPPAWQPFLKDHRISTFKNWPFLEGCACTPERMAEAGFIHCPTENEPDLAQCFFCFKELEGWEPDDDPIEEHKKHSSGCAFLSVKKQFEELTLGEFLKLDRERAKNKIAKETNNKKKEFEETAKKVRRAIEQLAAMD,AVPIAQKSEPHSLSS
AFMPDARAYWVTSDLIAWNVGELEAQSVCLYASRAAAMSLSPSNGGIQGYDSKVELQPESAGLPETVTQKFPFISSYRAFRVPSSVDVASLVKCQLVVASFGADGKHVDVTGLQLPGVLDDMFAYTGPLGAVFSEDSVSLHLWAPTAQGVSVCFFDGPAGPALETVQLKESNGVWSVTGPREWENRYYLYEVDVYHPTKAQVLKCLAGDPYARSLSANGARTWLVDINNETLKPASWDELADEKPKLDSFSDITIYELHIRDFSAHDGTVDSDSRGGFRAFAYQASAGMEHLRKLSDAGLTHVHLLPSFHFAGVDDIKSNWKFVDECELATFPPGSDMQQAAVVAIQEEDPYNWGYNPVLWGVPKGSYASDPDGPSRIIEYRQMVQALNRIGLRVVMDVVYNHLDSSGPCGISSVLDKIVPGYYVRRDTNGQIENSAAMNNTASEHFMVDRLIVDDLLNWAVNYKVDGFRFDLMGHIMKRTMMRAKSALQSLTTDAHGVDGSKIYLYGEGWDFAEVARNQRGINGSQLNMSGTGIGSFNDRIRDAINGGNPFGNPLQQGFNTGLFLEPNGFYQGNEADTRRSLATYADQIQIGLAGNLRDYVLISHTGEAKKGSEIHTFDGLPVGYTASPIETINYVSAHDNETLFDVISVKTPMILSVDERCRINHLASSMMALSQGIPFFHAGDEILRSKSIDRDSYNSGDWFNKLDFTYETNNWGVGLPPSEKNEDNWPLMKPRLENPSFKPAKGHILAALDSFVDILKIRYSSPLFRLSTANDIKQRVRFHNTGPSLVPGVIVMGIEDARGESPEMAQLDTNFSYVVTVFNVCPHEVSMDIPALASMGFELHPVQVNSSDTLVRKSAYEAATGRFTVPGRTVSVFVEPRC,TLESVKDECQPGVDFPHNPLATCHTYVIKRVCGRGPSRPMLVKERCCRELAAVPDHCRCEALRILMDGVRTPEGRVVEGRLGDRRDCPREEQRAFAATLVTAAECNLSSVQEPGHHHHHH
GSPEFRSMTAIEDILQITTDPSDTRGYSLLKSEEVPQGSTLGVDFIDTLLLYQLTENEKLDKPFEYLNDCFRRNQQQKRITKNKPNAESLHSTFQEIDRLVIGYGVVALQIENFCMNGAFINYITGIVSNVNSYTDFLSQIIQRAILEGTALDLLNAVFPTLLEYCNKHVSHFDLNESVIYNNVLTIFELFVTFKPIAEIFTKIDGFFADYSCKPQDFERKTILGPILSLSPIEAAVAIRNYGDNLLRSKQQTAMIHESLQAEHKVVIDRLFFIVDKLVRGSLNSRTDMISYFAHIANKNHLRRADHPPFKELSSNGFMSNITLLLVRFSQPFLDISYKKIDKIDANYFNNPSLFIDLSGETRLNSDFKEADAFYDKNRKTADSKPNFISDCFFLTLTYLHYGLGGTLSFEEKMGSEIKALKEEIEKVKKIAANHDVFARFITAQLSKMEKALKTTESLRFALQGFFAHRSLQLEVFDFICGASTFLIRVVDPEHEFPFKQIKLPLIPDQIGVENVDNADFLRAHAPVPFKYYPEFVVEGPVNYSLYISKYQTSPIFRNPRLGSFVEFTTMVLRCPELVSNPHLKGKLVQLLSVGAMPLTDNSPGFMMDIFEHDELVNKNLLYALLDFYVIVEKTGSSSQFYDKFNSRYSISIILEELYYKIPSYKNQLIWQSQNNADFFVRFVARMLNDLTFLLDEGLSNLAEVHNIQNELDNRARGAPPTREEEDKELQTRLASASRQAKSSCGLADKSMKLFEIYSKDIPAAFVTPEIVYRLASMLNYNLESLVGPKCGELKVKDPQSYSFNPKDLLKALTTVYINLSEQSEFISAVAKDERSFNRNLFVRAVDILGRKTGLASPEFIEKLLNFANKAEEQRKADEEEDLEYGDVPDEFLDPLMYTIMKDPVILPASKMNIDRSTIKAHLLSDSTDPFNRMPLKLEDVTPNEELRQKILCFKKQKKEEAKHKASE,MVSLTFKNFKKEKVPLDLEPSNTILETKTKLAQSISCEESQIKLIYSGKVLQDSKTVSECGLKDGDQVVFMVSQKKSTKTKVTERDPNSSSVDKLAAALEHHHHHH
GSPEFRSMTAIEDILQITTDPSDTRGYSLLKSEEVPQGSTLGVDFIDTLLLYQLTENEKLDKPFEYLNDCFRRNQQQKRITKNKPNAESLHSTFQEIDRLVIGYGVVALQIENFCMNGAFINYITGIVSNVNSYTDFLSQIIQRAILEGTALDLLNAVFPTLLEYCNKHVSHFDLNESVIYNNVLTIFELFVTFKPIAEIFTKIDGFFADYSCKPQDFERKTILGPILSLSPIEAAVAIRNYGDNLLRSKQQTAMIHESLQAEHKVVIDRLFFIVDKLVRGSLNSRTDMISYFAHIANKNHLRRADHPPFKELSSNGFMSNITLLLVRFSQPFLDISYKKIDKIDANYFNNPSLFIDLSGETRLNSDFKEADAFYDKNRKTADSKPNFISDCFFLTLTYLHYGLGGTLSFEEKMGSEIKALKEEIEKVKKIAANHDVFARFITAQLSKMEKALKTTESLRFALQGFFAHRSLQLEVFDFICGASTFLIRVVDPEHEFPFKQIKLPLIPDQIGVENVDNADFLRAHAPVPFKYYPEFVVEGPVNYSLYISKYQTSPIFRNPRLGSFVEFTTMVLRCPELVSNPHLKGKLVQLLSVGAMPLTDNSPGFMMDIFEHDELVNKNLLYALLDFYVIVEKTGSSSQFYDKFNSRYSISIILEELYYKIPSYKNQLIWQSQNNADFFVRFVARMLNDLTFLLDEGLSNLAEVHNIQNELDNRARGAPPTREEEDKELQTRLASASRQAKSSCGLADKSMKLFEIYSKDIPAAFVTPEIVYRLASMLNYNLESLVGPKCGELKVKDPQSYSFNPKDLLKALTTVYINLSEQSEFISAVAKDERSFNRNLFVRAVDILGRKTGLASPEFIEKLLNFANKAEEQRKADEEEDLEYGDVPDEFLDPLMYTIMKDPVILPASKMNIDRSTIKAHLLSDSTDPFNRMPLKLEDVTPNEELRQKILCFKKQKKEEAKHKASE,MKHHHHHHPMSDYDIPTTENLYFQGAMSLNIHIKSGQDKWEVNVAPESTVLQFKEAINKANGIPVANQRLIYSGKILKDDQTVESYHIQDGHSVHLVKSQP
DFGLDCDEHSTESRCCRYPLTVDFEAFGWDWIIAPKRYKANYCSGECEFVFLQKYPHTHLVHQANPRGSAGPCCTPTKMSPINMLYFNGKEQIIYGKIPAMVVDRCGCS,GVCWLQQGQEATCSLVLQTDVTRAECCASGNIDTAWSNLTHPGNKINLLGFLGLVHCLPCKDSCDGVECGPGKACRMLGGRPRCECAPDCSGLPARLQVCGSDGATYRDECELRAARCRGHPDLSVMYRGRCRKSCEHVVCPRPQSCVVDQTGSAHCVVCRAAPCPVPSSPGQELCGNNNVTYISSCHMRQATCFLGRSIGVRHAGSCA
STIEEQAKTFLDKFNHEAEDLFYQSSLASWNYNTNITEENVQNMNNAGDKWSAFLKEQSTLAQMYPLQEIQNLTVKLQLQALQQNGSSVLSEDKSKRLNTILNTMSTIYSTGKVCNPDNPQECLLLEPGLNEIMANSLDYNERLWAWESWRSEVGKQLRPLYEEYVVLKNEMARANHYEDYGDYWRGDYEVNGVDGYDYSRGQLIEDVEHTFEEIKPLYEHLHAYVRAKLMNAYPSYISPIGCLPAHLLGDMWGRFWTNLYSLTVPFGQKPNIDVTDAMVDQAWDAQRIFKEAEKFFVSVGLPNMTQGFWENSMLTDPGNVQKAVCHPTAWDLGKGDFRILMCTKVTMDDFLTAHHEMGHIQYDMAYAAQPFLLRNGANEGFHEAVGEIMSLSAATPKHLKSIGLLSPDFQEDNETEINFLLKQALTIVGTLPFTYMLEKWRWMVFKGEIPKDQWMKKWWEMKREIVGVVEPVPHDETYCDPASLFHVSNDYSFIRYYTRTLYQFQFQEALCQAAKHEGPLHKCDISNSTEAGQKLFNMLRLGKSEPWTLALENVVGAKNMNVRPLLNYFEPLFTWLKDQNKNSFVGWSTDWSPYAD,QHTDINFTATASFGGSCYVCKPHQVNISLNGNTSVCVRTSHFSIRYIYNRVKSGSPGDSSWHIYLKSGTCPFSFSKLNNFQKFKTICFSTVEVPGSCNFPLEATWHYTSYTIVGALYVTWSEGNSITGVPYPVSGI
WNIHGKESCDVQLYIKRQSEHSILAGDPFELECPVKYCANRPHVTWCKLNGTTCVKLEDRQTSWKEEKNISFFILHFEPVLPNDNGSYRCSANFQSNLIESHSTTLYVTDVKHHHHHHHH,GSHMLPSCKEDEYPVGSECCPKCSPGYRVKEACGELTGTVCEPCPPGTYIAHLNGLSKCLQCQMCDPAMGLRASRNCSRTENAVCGCSPGHFCIVQDGDHCAACRAYA
MLQVDIGSTSGKAGSVVSVPITFTNVPKSGIYALSFRTNFDPQKVTVASIDAGSLIENASDFTTYYNNENGFASMTFEAPVDRARIIDSDGVFATINFKVSDSAKVGELYNITTNSAYTSFYYSGTDEIKNVVYNDGKIEVIALEHHHHHH,KFIYGDVDGNGSVRSIDAVLIRDYVLGKINEFPYEYGMLAADVDGNGSIKINDAVLVRDYVLGKIFLFPVEEKEE
TVLPKDIPGDSLKVTVGTANGKPGDTVTVPVTFADVAKMKNVGTCNFYLGYDASLLEVVSVDAGPIVKNAAVNFSSSASNGTISFLFLDNTITDELITADGVFANIKFKLKSVTAKTTTPVTFKDGGAFGDGTMSKIASVTKTNGSVTIDP,VIVYGDYNNDGNVDALDFAGLKKYIMAADHAYVKNLDVNLDNEVNSTDLAILKKYLLGMVSKLPSN
GAMASPADIVKNLKESMAVLEKQDISDKKAEKATEEVSKNLVAMKEILYGTNEKEPQTEAVAQLAQELYNSGLLSTLVADLQLIDFEGKKDVAQIFNNILRRQIGTRTPTVEYICTQQNILFMLLKGYESPEIALNCGIMLRECIRHEPLAKIILWSEQFYDFFRYVEMSTFDIASDAFATFKDLLTRHKLLSAEFLEQHYDRFFSEYEKLLHSENYVTKRQSLKLLGELLLDRHNFTIMTKYISKPENLKLMMNLLRDKSRNIQFEAFHVFKVFVANPNKTQPILDILLKNQAKLIEFLSKFQNDRTEDEQFNDEKTYLVKQIRDLK,GAMADPEELFTKLERIGKGSFGEVFKGIDNRTQQVVAIKIIDLEEAEDEIEDIQQEITVLSQCDSSYVTKYYGSYLKGSKLWIIMEYLGGGSALDLLRAGPFDEFQIATMLKEILKGLDYLHSEKKIHRDIKAANVLLSEQGDVKLAAFGVAGQLTDTQIKRNTFVGTPFWMAPEVIQQSAYDSKADIWSLGITAIELAKGEPPNSDMHPMRVLFLIPKNNPPTLVGDFTKSFKEFIDACLNKDPSFRPTAKELLKHKFIVKNSKKTSYLTELIDRFKRWKAE
TQVCTGTDMKLRLPASPETHLDMLRHLYQGCQVVQGNLELTYLPTNASLSFLQDIQEVQGYVLIAHNQVRQVPLQRLRIVRGTQLFEDNYALAVLDNGDPLNNTTPVTGASPGGLRELQLRSLTEILKGGVLIQRNPQLCYQDTILWKDIFHKNNQLALTLIDTNRSRACHPCSPMCKGSRCWGESSEDCQSLTRTVCAGGCARCKGPLPTDCCHEQCAAGCTGPKHSDCLACLHFNHSGICELHCPALVTYNTDTFESMPNPEGRYTFGASCVTACPYNYLSTDVGSCTLVCPLHNQEVTAEDGTQRCEKCSKPCARVCYGLGMEHLREVRAVTSANIQEFAGCKKIFGSLAFLPESFDGDPASNTAPLQPEQLQVFETLEEITGYLYISAWPDSLPDLSVFQNLQVIRGRILHNGAYSLTLQGLGISWLGLRSLRELGSGLALIHHNTHLCFVHTVPWDQLFRNPHQALLHTANRPEDECVGEGLACHQLCARGHCWGPGPTQCVNCSQFLRGQECVEECRVLQGLPREYVNARHCLPCHPECQPQNGSVTCFGPEADQCVACAHYKDPPFCVARCPSGVKPDLSYMPIWKFPDEEGACQPCPINCTHSCVDLDDKGCPAEQ,VDNKFNKEMRNAYWEIALLPNLNNQQKRAFIRSLYDDPSQSANLLAEAKKLNDAQAPK
ADPCDLPQTHSLGSRRTLMLLAQMRRISLFSCLKDRHDFGFPQEEFGNQFQKAETIPVLAAMIAQIFNLFSTKDSSAAWDETLLDKFYTELYQQLNDLEACVIQGVGVTETPLMKEDSILAVRKYFQRITLYLKEKKYSPCAWEVVRAEIMRSFSLSTNLQESLRSKE,ADPESCTFKISLRNFRSILSWELKNHSIVPTHYTLLYTIMSKPEDLKVVKNCANTTRSFCDLTDEWRSTHEAYVTVLEGFSGNTTLFSCSHNFWLAIDMSFEPPEFEIVGFTNHINVMVKFPSIVEEELQFDLSLVIEEQSEGIVKKHKPEIKGNMSGNFTYIIDKLIPNTNYCVSVYLEHSDEQAVIKSPLKCTLLPP
ADLGSKNLKSPQKVEVDIIDDNFILRWNRSDESVGNVTFSFDYQKTGMDNWIKLSGCQNITSTKCNFSSLKLNVYEEIKLRIRAEKENTSSWYEVDSFTPFRKAQIGPPEVHLEAEDKAIVIHISPGTKDSVMWALDGLSFTYSLVIWKNSSGVEERIENIYSRHKIYKLSPETTYCLKVKAALLTSWKIGVYSPVHCIKTTVENELPPPENIEVSVQNQNYVLKWDYTYANMTFQVQWLHAFLKRNPGNHLYKWKQIPDCENVKTTQCVFPQNVFQKGIYLLRVQASDGNNTSFWSEEIKFDTEIQAFLLPPVFNIRSLSDSFHIYIGAPKQSGNTPVIQDYPLIYEIIFWENTSNAERKIIEKKTDVTVPNLKPLTVYCVKARAHTMDEKLNKSSVFSDAVCEKTKPGNTSK,MCDLPQTHSLGSRRTLMLLAQMRRISLFSCLKDRHDFGFPQEEFGNQFQKAETIPVLYNMISQIFNLFSTKDSSAAWDETLLDKFYTELYQQLNDLEACVIQGVGVTETPLMKEDSILAVRKYFQRITLYLKEKKYSPCAWEVVRAEIMRSFSLSTNLQESLRSKE
ADLGSKNLKSPQKVEVDIIDDNFILRWNRSDESVGNVTFSFDYQKTGMDNWIKLSGCQNITSTKCNFSSLKLNVYEEIKLRIRAEKENTSSWYEVDSFTPFRKAQIGPPEVHLEAEDKAIVIHISPGTKDSVMWALDGLSFTYSLVIWKNSSGVEERIENIYSRHKIYKLSPETTYCLKVKAALLTSWKIGVYSPVHCIKTTVENELPPPENIEVSVQNQNYVLKWDYTYANMTFQVQWLHAFLKRNPGNHLYKWKQIPDCENVKTTQCVFPQNVFQKGIYLLRVQASDGNNTSFWSEEIKFDTEIQAFLLPPVFNIRSLSDSFHIYIGAPKQSGNTPVIQDYPLIYEIIFWENTSNAERKIIEKKTDVTVPNLKPLTVYCVKARAHTMDEKLNKSSVFSDAVCEKTKPGNTSK,ADPLGCDLPQNHGLLSRNTLVLLHQMRRISPFLCLKDRRDFRFPQEMVKGSQLQKAHVMSVLHEMLQQIFSLFHTERSSAAWQMTLLDQLHTGLHQQLQHLETCLLQVVGEGESAGAISSPALTLRRYFQGIRVYLKEKKYSDCAWEVVRMEIMKSLFLSTNMQERLRSKDRDLGSS
HPETLVKVKDAEDQLGARVGYIELDLNSGKILESFRPEERFPMMSTFKVLLCGAVLSRVDAGQEQLGRRIHYSQNDLVEYSPVTEKHLTDGMTVRELCSAAITMSDNTAANLLLTTIGGPKELTAFLHNMGDHVTRLDRWEPELNEAIPNDERDTTMPVAMATTLRKLLTGELLTLASRQQLIDWMEADKVAGPLLRSALPAGWFIADKSGAGERGSRGIIAALGPDGKPSRIVVIYTTGSQATMDERNRQIAEIGASLIKHW,VAATSVVAWGGNNDWGEATVPAEAQSGVDAIAGGYFHGLALKGGKVLGWGANLNGQLTMPAATQSGVDAIAAGNYHSLALKDGEVIAWGGNEDGQTTVPAEARSGVDAIAAGAWASYALKDGKVIAWGDDSDGQTTVPAEAQSGVTALDGGVYTALAVKNGGVIAWGDNYFGQTTVPAEAQSGVDDVAGGIFHSLALKDGKVIAWGDNRYKQTTVPTEALSGVSAIASGEWYSLALKNGKVIAWGSSRTAPSSVQSGVSSIEAGPNAAYALKG
MEGCVSNIMICNLAYSGKLDELKERILADKSLATRTDQDSRTALHWACSAGHTEIVEFLLQLGVPVNDKDDAGWSPLHIAASAGRDEIVKALLVKGAHVNAVNQNGCTPLHYAASKNRHEIAVMLLEGGANPDAKDHYDATAMHRAAAKGNLKMVHILLFYKASTNIQDTEGNTPLHLACDEERVEEAKFLVTQGASIYIENKEEKTPLQVAKGGLGLILKRLAEGEEASM,MDRRQKRLIFSTITSKMNLSEEVDLEDYVARPDKISGADINSICQESGMLAVRENRYIVLAKDFEKAYKTVIKKDEQEHEFYK
MIVVKVGGAEGINYEAVAKDAASLWKEGVKLLLVHGGSAETNKVAEALGHPPRFLTHPGGQVSRLTDRKTLEIFEMVYCGLVNKRLVELLQKEGANAIGLSGLDGRLFVGRRKTAVKYVENGKVKVHRGDYTGTVEEVNKALLDLLLQAGYLPVLTPPALSYENEAINTDGDQIAALLATLYGAEALVYLSNVPGLLARYPDEASLVREIPVERIEDPEYLALAQGRMKRKVMGAVEAVRGGVKRVVFADARVENPIRRALSGEGTVVR,MVGTCPECGAELRLENPELGELVVCEDCGAELEVVGLDPLRLEPAPEEAEDWGE
ASEEEKAWLMASRQQLAKETSNFGFSLLRKISMRHDGNMVFSPFGMSLAMTGLMLGATGPTETQIKRGLHLQALKPTKPGLLPSLFKGLRETLSRNLELGLTQGSFAFIHKDFDVKETFFNLSKRYFDTECVPMNFRNASQAKRLMNHYINKETRGKIPKLFDEINPETKLILVDYILFKGKWLTPFDPVFTEVDTFHLDKYKTIKVPMMYGAGKFASTFDKNFRCHVLKLPYQGNATMLVVLMEKMGDHLALEDYLTTDLVETWLRNMKTRNMEVFFPKFKLDQKYEMHELLRQMGIRRIFSPFADLSELSATGRNLQVSRVLQRTVIEVDERGTEAVAGILSEITAYSMPPVIKVDRPFHFMIYEETSGMLLFLGRVVNPTLL,AKNECHPERTDGCQHFCLPGQESYTCSCAQGYRLGEDHKQCVPHDQCACGVLTSEKRAPDLQDLPWQVKLTNSEGKDFCGGVIIRENFVLTTAKCSLLHRNITVKTYFNRTSQDPLMIKITHVHVHMRYDADAGENDLSLLELEWPIQCPGAGLPVCTPEKDFAEHLLIPRTRGLLSGWARNGTDLGNSLTTRPVTLVEGEECGQVLNVTVTTRTYCERSSVAAMHWMDGSVVTREHRGSWFLTGVLGSQPVGGQAHMVLVTKVSRYSLWFKQIMNAHHHHHH
MKKHHHHHHAEEEEEEYAVEKIIDRRVRKGMVEYYLKWKGYPETENTWEPENNLDCQDLIQQYEASRKD,ARTKQTARKSTGGKAY
DEAIHCPPCSEEKLARCRPPVGCEELVREPGCGCCATCALGLGMPCGVYTPRCGSGLRCYPPRGVEKPLHTLMHGQGVCMELAEIEAIQESL,GPETLCGAELVDALQFVCGDRGFYFNKPTGYGSSSRRAPQTGIVDECCFRSCDLRRLEMYCAPLKPAKSA
AIHCPPCSEEKLARCRPPVGCEELVREPGCGCCATCALGLGMPCGVYTPRCGSGLRCYPPRGVEKPLHTLMHGQGVCMEL,GPETLCGAELVDALQFVCGDRGFYFNKPTGYGSSSRRAPQTGIVDECCFRSCDLRRLEMYCAPLKPAKSA
TDKNQTTQNNSSSPLTQVNTTVSVQIGTKALLCCFSIPLTKAVLITWIIKLRGLPSCTIAYKVDTKTNETSCLGRNITWASTPDHSPELQISAVTLQHEGTYTCETVTPEGNFEKNYDLQVLVPPEVTYFPEKNRSAVCEAMAGKPAAQISWSPDGDCVTTSESHSNGTVTVRSTCHWEQNNVSDVSCIVSHLTGNQSLSIELGRGGSTRHHHHHH,QVEVVTQDERKALHTTASLRCSLKTSQEPLIVTWQKKKAVSPENMVTYSKTHGVVIQPAYKDRINVTELGLWNSSITFWNTTLEDEGCYMCLFNTFGSQKVSGTACLTLYVQPIVHLHYNYFEDHLNITCSATARPAPAISWKGTGTGIENSTESHFHSNGTTSVTSILRVKDPKTQVGKEVICQVLYLGNVIDYKQSLDKGSTRHHHHHH
GAMGSARRINDEIERQLRRDKRDARRELKLLLLGTGESGKSTFIKQMRIIHGSGYSDEDKRGFTKLVYQNIFTAMQAMIRAMDTLKIPYKYEHNKAHAQLVREVDVEKVSAFDVPDYAAIKSLWNDPGIQECYDRRREYQLSDSTKYYLNDLDRVADPSYLPTQQDVLRVCVPTTGIIEYPFDLQSVIFRMVDVGGQRSERRKWIHCFENVTSIMFLVALSEYDQVLVESDNENRMEESKALFRTIITYPWFQNSSVILFLNKKDLLEEKIMYSHLVDYFPEYDGPQRDAQAAREFILKMFVDLNPDSDKIIYSHFTCATDTENIRFVFAAVKDTILQLNLKEYNLV,GEFGSPSPEEAQLWSEAFDELLASKYGLAAFRAFLKSEFCEENIEFWLACEDFKKTKSPQKLSSKARKIYTDFIEKEAPKEINIDFQTKTLIAQNIQEATSGCFTTAQKRVYSLMENNSYPRFLESEFYQDLCKKPQ
MACCLSEEAKEARRINDEIERQLRRDKRDARRELKLLLLGTGESGKSTFIKQMRIIHGSGYSDEDKRGFTKLVYQNIFTAMQAMIRAMDTLKIPYKYEHNKAHAQLVREVDVEKVSAFENPYVDAIKSLWNDPGIQECYDRRREYQLSDSTKYYLNDLDRVADPSYLPTQQDVLRVRVPTTGIIEYPFDLQSVIFRMVDVGGQRSERRKWIHCFENVTSIMFLVALSEYDQVLVESDNENRMEESKALFRTIITYPWFQNSSVILFLNKKDLLEEKIMYSHLVDYFPEYDGPQRDAQAAREFILKMFVDLNPDSDKIIYSHFTCATDTENIRFVFAAVKDTILQLNLKEYNLV,MAHHHHHHGTALQLEPPTVVETLRRGSKFIKWDEETSSRNLVTLRVDPNGFFLYWTGPNMEVDTLDISSIRDTRTGRYARLPKDPKIREVLGFGGPDARLEEKLMTVVSGPDPVNTVFLNFMAVQDDTAKVWSEELFKLAMNILAQNASRNTFLRKAYTKLKLQVNQDGRIPVKNILKMFSADKKRVETALESCGLKFNRSESIRPDEFSLEIFERFLNKLCLRPDIDKILLEIGAKGKPYLTLEQLMDFINQKQRDPRLNEVLYPPLRPSQARLLIEKYEPNQQFLERDQMSMEGFSRYLGGEENGILPLEALDLSTDMTQPLSAYFINSSHNTYLTAGQLAGTSSVEMYRQALLWGCRCVELDVWKGRPPEEEPFITHGFTMTTEVPLRDVLEAIAETAFKTSPYPVILSFENHVDSAKQQAKMAEYCRSIFGDALLIEPLDKYPLAPGVPLPSPQDLMGRILVKNKKRHRPSAGGPDSAGRKRPLEQSNSALSESSAATEPSSPQLGSPSSDSCPGLSNGEEVGLEKPSLEPQKSLGDEGLNRGPYVLGPADREDEEEDEEEEEQTDPKKPTTDEGTASSEVNATEEMSTLVNYIEPVKFKSFEAARKRNKCFEMSSFVETKAMEQLTKSPMEFVEYNKQQLSRIYPKGTRVDSSNYMPQLFWNVGCQLVALNFQTLDVAMQLNAGVFEYNGRSGYLLKPEFMRRPDKSFDPFTEVIVDGIVANALRVKVISGQFLSDRKVGIYVEVDMFGLPVDTRRKYRTRTSQGNSFNPVWDEEPFDFPKVVLPTLASLRIAAFEEGGKFVGHRILPVSAIRSGYHYVCLRNEANQPLCLPALLIYTEASDYIPDDHQDYAEALINPIKHVSLMDQRARQLAALIGESEAQAGQETCQDTQSQQLGSQPSSNPTPSPLDASPRRPPGPTTSPASTSLSSPGQRDDLIASILSEVAPTPLDELRGHKALVKLRSRQERDLRELRKKHQRKAVTLTRRLLDGLAQAQAEGRCRLRPGALGGAADVEDTKEGEDEAKRYQEFQNRQVQSLLELREAQVDAEAQRRLEHLRQALQRLREVVLDANTTQFKRLKEMNEREKKELQKILDRKRHNSISEAKMRDKHKKEAELTEINRRHITESVNSIRRLEEAQKQRHDRLVAGQQQVLQQLAEEEPKLLAQLAQECQEQRARLPQEIRRSLLGEMPEGLGDGPLVACASNGHAPGSSGHLSGADSESQEENTQL
PLGSRKCEKAGCTATCPVCFASASERCAKNGYTSRWYHLSCGEHFCNECFDHYYRSHKDGYDKYTTWKKIWTSNGKTEPSPKAFMADQQLPYWVQCTKPECRKWRQLTKEIQLTPQIAKTYRCGMKPNTAIKPETSDHCSLPEDLRVLEVSNHWWYSMLILPPLLKDSVAAPLLSAYYPDCVGMSPSCTSTNRAAATGNASPGKLEHSKAALSVHVPGMNRYFQPFYQPNECGKALCVRPDVMELDELYEFPEYSRDPTMYLALRNLILALWYTNCKEALTPQKCIPHIIVRGLVRIRCVQEVERILYFMTRKGLINTGVLSVGADQYLLPKDYHNKSVIIIGAGPAGLAAARQLHNFGIKVTVLEAKDRIGGRVWDDKSFKGVTVGRGAQIVNGCINNPVALMCEQLGISMHKFGERCDLIQEGGRITDPTIDKRMDFHFNALLDVVSEWRKDKTQLQDVPLGEKIEEIYKAFIKESGIQFSELEGQVLQFHLSNLEYACGSNLHQVSARSWDHNEFFAQFAGDHTLLTPGYSVIIEKLAEGLDIQLKSPVQCIDYSGDEVQVTTTDGTGYSAQKVLVTVPLALLQKGAIQFNPPLSEKKMKAINSLGAGIIEKIALQFPYRFWDSKVQGADFFGHVPPSASKRGLFAVFYDMDPQKKHSVLMSVIAGEAVASVRTLDDKQVLQQCMATLRELFKEQEVPDPTKYFVTRWSTDPWIQMAYSFVKTGGSGEAYDIIAEDIQGTVFFAGEATNRHFPQTVTGAYLSGVREASKIAAF,ARTMQTARKSTGGKAPRKQLATKAAR
QVKLEESGGGSVQTGGSLRLTCAASGRTSRSYGMGWFRQAPGKEREFVSGISWRGDSTGYADSVKGRFTISRDNAKNTVDLQMNSLKPEDTAIYYCAAAAGSAWYGTLYEYDYWGQGTQVTVSSALEHHHHHH,LEEKKVCNGIGIGEFKDSLSINATNIKHFKNCTSISGDLHILPVAFRGDSFTHTPPLDPQELDILKTVKEITGFLLIQAWPENRTDLHAFENLEIIRGRTKQHGQFSLAVVSLNITSLGLRSLKEISDGDVIISGNKNLCYANTINWKKLFGTSGQKTKIISNRGENSCKATGQVCHALCSPEGCWGPEPRDCVSCRNVSRGRECVDKHHHHHH
LEEKKVCQGTSNKLTQLGTFEDHFLSLQRMFNNCEVVLGNLEITYVQRNYDLSFLKTIQEVAGYVLIALNTVERIPLENLQIIRGNMYYENSYALAVLSNYDANKTGLKELPMRNLQEILHGAVRFSNNPALCNVESIQWRDIVSSDFLSNMSMDFQNHLGSCQKCDPSCPNGSCWGAGEENCQKLTKIICAQQCSGRCRGKSPSDCCHNQCAAGCTGPRESDCLVCRKFRDEATCKDTCPPLMLYNPTTYQMDVNPEGKYSFGATCVKKCPRNYVVTDHGSCVRACGADSYEMEEDGVRKCKKCEGPCRKVCNGIGIGEFKDSLSINATNIKHFKNCTSISGDLHILPVAFRGDSFTHTPPLDPQELDILKTVKEITGFLLIQAWPENRTDLHAFENLEIIRGRTKQHGQFSLAVVSLNITSLGLRSLKEISDGDVIISGNKNLCYANTINWKKLFGTSGQKTKIISNRGENSCKATGQVCHALCSPEGCWGPEPRDCVSCRNVSRGRECVDKCNLLEGEPREFVENSECIQCHPECLPQAMNITCTGRGPDNCIQCAHYIDGPHCVKTCPAGVMGENNTLVWKYADAGHVCHLCHPNCTYGCTGPGLEGCPTNGPKHHHHHH,QVQLQESGGGLVQPGGSLRLSCAASGRTFSSYAMGWFRQAPGKQREFVAAIRWSGGYTYYTDSVKGRFTISRDNAKTTVYLQMNSLKPEDTAVYYCAATYLSSDYSRYALPQRPLDYDYWGQGTQVTVSSLEHHHHHH
LEEKKVCQGTSNKLTQLGTFEDHFLSLQRMFNNCEVVLGNLEITYVQRNYDLSFLKTIQEVAGYVLIALNTVERIPLENLQIIRGNMYYENSYALAVLSNYDANKTGLKELPMRNLQEILHGAVRFSNNPALCNVESIQWRDIVSSDFLSNMSMDFQNHLGSCQKCDPSCPNGSCWGAGEENCQKLTKIICAQQCSGRCRGKSPSDCCHNQCAAGCTGPRESDCLVCRKFRDEATCKDTCPPLMLYNPTTYQMDVNPEGKYSFGATCVKKCPRNYVVTDHGSCVRACGADSYEMEEDGVRKCKKCEGPCRKVCNGIGIGEFKDSLSINATNIKHFKNCTSISGDLHILPVAFRGDSFTHTPPLDPQELDILKTVKEITGFLLIQAWPENRTDLHAFENLEIIRGRTKQHGQFSLAVVSLNITSLGLRSLKEISDGDVIISGNKNLCYANTINWKKLFGTSGQKTKIISNRGENSCKATGQVCHALCSPEGCWGPEPRDCVSCRNVSRGRECVDKCNLLEGEPREFVENSECIQCHPECLPQAMNITCTGRGPDNCIQCAHYIDGPHCVKTCPAGVMGENNTLVWKYADAGHVCHLCHPNCTYGCTGPGLEGCPTTNGPKHHHHHH,EVQLVESGGGLVQAGGSLRLSCAASGRTFSSYAMGWFRQAPGKEREFVVAINWSSGSTYYADSVKGRFTISRDNAKNTMYLQMNSLKPEDTAVYYCAAGYQINSGNYNFKDYEYDYWGQGTQVTVSSALEHHHHHH
ADLKYALADPSLKMADPNRFRGKNLPVLDQLTDPPGVKRVYHIQPSLEDPFQPPSIPITVYYAVLERACRSVLLHAPSEAPQIVRGASDEARKHTYNLTIAWYRMGDNCAIPITVMEYTECPYNKSLGVCPIRTQPRWSYYDSFSAVSEDNLGFLMHAPAFETAGTYLRLVKINDWTEITQFILEHRARASCKYALPLRIPPAACLTSKAYQQGVTVDSIGMLPRFIPENQRTVALYSLKIAGWHGPKPPYTSTLLPPELSDTTNATQPELVPEDPEDSALLEDPAGTHHHHHH,MASMTGGQQMGRDPSQVVQVNDSMYGFIGTDVVLHCSFANPLPSVKITQVTWQKSTNGSKQNVAIYNPSMGVSVLAPYRERVEFLRPSFTDGTIRLSRLELEDEGVYICEFATFPTGNRESQLNLTVMAKPTNWIEGTQAVLRAKKGQDDKVLVATCTSANGKPPSVVSWETRLKGEAEYQEIRNPNGTVTVISRYRLVPSREAHQQSLACIVNYHMDRFKESLTLNVQYEPEVTIEGFDGNWYLQRMDVKLTCKADANPPATEYHWTTLNGSLPKGVEAQNRTLFFKGPINYSLAGTYICEATNPIGTRSGQVEVNITEAAALEHHHHHH
KYALVDASLKMADPNRFRGKDLPVLDQLTDPPGVRRVYHIQAGLPDPFQPPSLPITVYYAVLERACRSVLLNAPSEAPQIVRGASEDVRKQPYNLTIAWFRMGGNCAIPITVMEYTECSYNKSLGACPIRTQPRWNYYDSFSAVSEDNLGFLMHAPAFETAGTYLRLVKINDWTEITQFILEHRAKGSCKYALPLRIPPSACLSPQAYQQGVTVDSIGMLPRFIPENQRTVAVYSLKIAGWHGPKAPYTSTLLPPELSETPNATQPELAPEDPEDSALLEDPVGTHHHHHH,SQVVQVNDSMYGFIGTDVVLHCSFANPLPSVKITQVTWQKSTNGSKQNVAIYNPSMGVSVLAPYRERVEFLRPSFTDGTIRLSRLELEDEGVYICEFATFPTGNRESQLNLTVMAKPTNWIEGTQAVLRAKKGQDDKVLVATCTSANGKPPSVVSWETRLKGEAEYQEIRNPNGTVTVISRYRLVPSREAHQQSLACIVNYHMDRFKESLTLNVQYEPEVTIEGFDGNWYLQRMDVKLTCKADANPPATEYHWTTLNGSLPKGVEAQNRTLFFKGPINYSLAGTYICEATNPIGTRSGQVEVNITEAAALEHHHHHH
GAMASHKSPADIVKNLKESMAVLEKQDISDKKAEKATEEVSKNLVAMKEILYGTNEKEPQTEAVAQLAQELYNSGLLSTLVADLQLIDFEGKKDVAQIFNNILRRQIGTRTPTVEYICTQQNILFMLLKGYESPEIALNCGIMLRECIRHEPLAKIILWSEQFYDFFRYVEMSTFDIASDAFATFKDLLTRHKLLSAEFLEQHYDRFFSEYEKLLHSENYVTKRQSLKLLGELLLDRHNFTIMTKYISKPENLKLMMNLLRDKSRNIQFEAFHVFKVFVANPNKTQPILDILLKNQAKLIEFLSKFQNDRTEDEQFNDEKTYLVKQIRDLK,QAMAHLRGFANQHSRVDPEELFTKLDRIGKGSFGEVYKGIDNHTKEVVAIKIIDLEEAEDEIEDIQQEITVLSQCDSPYITRYFGSYLKSTKLWIIMEYLGGGSALDLLKPGPLEETYIATILREILKGLDYLHSERKIHRDIKAANVLLSEQGDVKLAAFGVAGQLTDTQIKRNTFVGTPFWMAPEVIKQSAYDFKADIWSLGITAIELAKGEPPNSDLHPMRVLFLIPKNSPPTLEGQHSKPFKEFVEACLNKDPRFRPTAKELLKHKFITRYTKKTSFLTELIDRYKRWKSE
MASPADIVKNLKESMAVLEKQDISDKKAEKATEEVSKNLVAMKEILYGTNEKEPQTEAVAQLAQELYNSGLLSTLVADLQLIDFEGKKDVAQIFNNILRRQIGTRTPTVEYICTQQNILFMLLKGYESPEIALNCGIMLRECIRHEPLAKIILWSEQFYDFFRYVEMSTFDIASDAFATFKDLLTRHKLLSAEFLEQHYDRFFSEYEKLLHSENYVTKRQSLKLLGELLLDRHNFTIMTKYISKPENLKLMMNLLRDKSRNIQFEAFHVFKVFVANPNKTQPILDILLKNQAKLIEFLSKFQNDRTEDEQFNDEKTYLVKQIRDL,MADPEELFTKLEKIGKGSFGEVFKGIDNRTQKVVAIKIIDLEEAEDEIEDIQQEITVLSQCDSPYVTKYYGSYLKDTKLWIIMEYLGGGSALDLLEPGPLDETQIATILREILKGLDYLHSEKKIHRDIKAANVLLSEHGEVKLADFGVAGQLTDTQIKRNEFVGTPFWMAPEVIKQSAYDSKADIWSLGITAIELARGEPPHSELHPMKVLFLIPKNNPPTLEGNYSKPLKEFVEACLNKEPSFRPTAKELLKHKFILRNAKKTSYLTELIDRYKRWKAE
ADPQQLQQRIVEAPKDTLAAVGETAILTCRVEHQQGPVQWMKDDFGLGTDRDKPLPGNKRYRMVGSAANGEYNLEISNVTLFDDDDFACQISESDHAKAVVSSKAKLTVLVRPTPPKIVKSHHSLKAIAGDPITQSCLSRKGKPPPTIGWAIASDEHGKHIVSWLGESRSKFGGIHAKPEISQETVIAHVNETTQVEEGGNNSREDSSIYSIMSNLSFIPRPEDDHKYLICISQHMTFPNKIEVDSVKLSLRYAPQHHHHHH,ADPFFLESPSNLSTIAGESITFRCSAEKSPEPIVYSQWKSNTGSLLGYHQEGILPGHQGRFSYIKQNAEELHLKITHVNLDDDGEYECQMLHPEEGPIRAKSFLNIIVPPQLVYFSNYQPNSIIAVKENTPLNITCVVPNVKPEPEVLWYMDGKVMSRDVKQASTPHLNKTFTVYTSLVVQSDRNDHGKVITCEAFQKETDIRITTNTTLDVLFPPSDPTVEILRNPSALRSGDNVTIACSVTGGNPPPDVFWYHENKRLQSHSTLDTRSKEIKNIYSFIASQNDNMAEYECRANNSRTGNPKRKAMKLEVNYPPASVELFGESNIRYGSSANIQCKSLPSNPASQITWIINGRSVPTPTQREFVVENGIVSSSCVSVHSNELSVEAHQINVECMATNPEGSSAKQHVIKIIAPHHHHHH
APLAHCDGRGGLKLSQDMDTCEDILPCVPFSVAKSVKSLYLGRMFSGTPVIRLRFKRLQPTRLVAEFDFRTFDPEGILLFAGGHQDSTWIVLALRAGRLELQLRYNGVGRVTSSGPVINHGMWQTISVEELARNLVIKVNRDAVMKIAVAGDLFQPERGLYHLNLTVGGIPFHEKDLVQPINPRLDGCMRSWNWLNGEDTTIQETVKVNTRMQCFSVTERGSFYPGSGFAFYSLDYMRTPLDVGTESTWEVEVVAHIRPAADTGVLFALWAPDLRAVPLSVALVDYHSTKKLKKQLVVLAVEHTALALMEIKVCDGQEHVVTVSLRDGEATLEVDGTRGQSEVSAAQLQERLAVLERHLRSPVLTFAGGLPDVPVTSAPVTAFYRGCMTLEVNRRLLDLDEAAYKHSDITAHSCPPVEPAAA,EESPFVGNPGNITGARGLTGTLRCQLQVQGEPPEVHWLRDGQILELADSTQTQVPLGEDEQDDWIVVSQLRITSLQLSDTGQYQCLVFLGHQTFVSQPGYVGLEGLPYFLEEPEDRTVAANTPFNLSCQAQGPPEPVDLLWLQDAVPLATAPGHGPQRSLHVPGLNKTSSFSCEAHNAKGVTTSRTATITVLPQQ
ETPPRFTRTPVDQTGVSGGVASFICQATGDPRPKIVWNKKGKKVSNQRFEVIEFDDGSGSVLRIQPLRTPRDEAIYECVASNNVGEISVSTRLTVLREDQIPRGFPTIDMGPQLKVVERTRTATMLCAASGNPDPEITWFKDFLPVDTSNNNGRIKQLRSESIGGTPIRGALQIEQSEESDQGKYECVATNSAGTRYSAPANLYVRELREVRRVPPRFSIPPTNHEIMPGGSVNITCVAVGSPMPYVKWMLGAEDLTPEDDMPIGRNVLELNDVRQSANYTCVAMSTLGVIEAIAQITVKALPKPPGTPVVTESTATSITLTWDSGNPEPVSYYIIQHKPKNSEEPYKEIDGIATTRYSVAGLSPYSDYEFRVVAVNNIGRGPASEPVLTQKHHHHHH,MLSGVWFLSVLTVAGILQTESRKTAKDICKIRCLCEEKENVLNINCENKGFTTVSLLQPPQYRIYQLFLNGNLLTRLYPNEFVNYSNAVTLHLGNNGLQEIRPGAFSGLKTLKRLHLNNNKLEVLREDTFLGLESLEYLQADYNYISTIEAGAFSKLNKLKVLILNDNLLLSLPSNVFRFVLLTHLDLRGNRLKVMPFAGVLEHIGGIMEIQLEENPWNCTCDLLPLKAWLDTITVFVGEIVCETPFRLHGKDVTQLTRQDLCPRKHHHHHH
APSTDHLDYKDDDDKAAAKVFLCPGLLKGVYQSEHLFESDHQSGAWCKDPLQASDKIYYMPWTPYRTDTLTEYSSKDDFIAGRPTTTYKLPHRVDGTGFVVYDGALFFNKERTRNIVKFDLRTRIKSGEAIIANANYHDTSPYRWGGKSDIDLAVDENGLWVIYATEQNNGKIVISQLNPYTLRIEGTWDTAYDKRSASNAFMICGILYVVKSVYEDDDNEATGNKIDYIYNTDQSKDSLVDVPFPNSYQYIAAVDYNPRDNLLYVWNNYHVVKYSLDFGPLDSRSGPVHHGQVSYISPPIHLDSELERPPVRGILEVLFQ,APSTDPKSCPSVCRCDAGFIYCNDRSLTSIPVGIPEDATTLYLQNNQINNVGIPSDLKNLLKVQRIYLYHNSLDEFPTNLPKYVKELHLQENNIRTITYDSLSKIPYLEELHLDDNSVSAVSIEEGAFRDSNYLRLLFLSRNHLSTIPGGLPRTIEELRLDDNRISTISSPSLHGLTSLKRLVLDGNLLNNHGLGDKVFFNLVNLTELSLVRNSLTAAPVNLPGTSLRKLYLQDNHINRVPPNAFSYLRQLYRLDMSNNNLSNLPQGIFDDLDNITQLILRNNPWYCGCKMKWVRDWLQSLPVKVNVRGLMCQAPEKVRGMAIKDLSAELFDCKDSGIVSTIQITTAIPNTAYPAQGQWPAPVTLEVLFQ
SERCDDWGLDTMRQIQVFEDEPARIKCPLFEHFLKYNYSTAHSSGLTLIWYWTRQDRDLEEPINFRLPENRISKEKDVLWFRPTLLNDTGNYTCMLRNTTYCSKVAFPLEVVQKDSCFNSAMRFPVHKMYIEHGIHKITCPNVDGYFPSSVKPSVTWYKGCTEIVDFHNVLPEGMNLSFFIPLVSNNGNYTCVVTYPENGRLFHLTRTVTVKVVGSPKDALPPQIYSPNDRVVYEKEPGEELVIPCKVYFSFIMDSHNEVWWTIDGKKPDDVTVDITINESVSYSSTEDETRTQILSIKKVTPEDLRRNYVCHARNTKGEAEQAAKVKQKVAAHHHHHH,ETPPRFTRTPVDQTGVSGGVASFICQATGDPRPKIVWNKKGKKVSNQRFEVIEFDDGSGSVLRIQPLRTPRDEAIYECVASNNVGEISVSTRLTVLREDQIPRGFPTIDMGPQLKVVERTRTATMLCAASGNPDPEITWFKDFLPVDTSNNNGRIKQLRSESIGGTPIRGALQIEQSEESDQGKYECVATNSAGTRYSAPANLYVRELREVRRVPPRFSIPPTNHEIMPGGSVNITCVAVGSPMPYVKWMLGAEDLTPEDDMPIGRNVLELNDVRQSANYTCVAMSTLGVIEAIAQITVKALPKPPGTPVVTESTATSITLTWDSGNPEPVSYYIIQHKPKNSEEPYKEIDGIATTRYSVAGLSPYSDYEFRVVAVNNIGRGPASEPVLTQTSEQAPSSAPRDVQARMLSSTTILVQWKEPEEPNGQIQGYRVYYTMDPTQHVNNWMKHNVADSQITTIGNLVPQKTYSVKVLAFTSIGDGPLSSDIQVIT
ETPPRFTRTPVDQTGVSGGVASFICQATGDPRPKIVWNKKGKKVSNQRFEVIEFDDGSGSVLRIQPLRTPRDEAIYECVASNNVGEISVSTRLTVLREDQIPRGFPTIDMGPQLKVVERTRTATMLCAASGNPDPEITWFKDFLPVDTSNNNGRIKQLRSESIGGTPIRGALQIEQSEESDQGKYECVATNSAGTRYSAPANLYVRELREVRRVPPRFSIPPTNHEIMPGGSVNITCVAVGSPMPYVKWMLGAEDLTPEDDMPIGRNVLELNDVRQSANYTCVAMSTLGVIEAIAQITVKALPKPPGTPVVTESTATSITLTWDSGNPEPVSYYIIQHKPKNSEEPYKEIDGIATTRYSVAGLSPYSDYEFRVVAVNNIGRGPASEPVLTQTSEQAPSSAPRDVQARMLSSTTILVQWKEPEEPNGQIQGYRVYYTMDPTQHVNNWMKHNVADSQITTIGNLVPQKTYSVKVLAFTSIGDGPLSSDIQVITQTGVPGQPLNFKAEPESETSILLSWTPPRSDTIASYELVYRDGDQGEEQRITIEPGTSYRLQGLKPNSLYYFRLSARSPQGLGASTAEISARTMQSMFAKNFHVKAVMKTSVLLSWEIPENYNSAMPFKILYDDGKMVEEVDGRATQKLIVNLKPEKSYSFVLTNRGNSAGGLQHRVTAKTAPDVLRTKPAFIGKTNLDGMITVQLPDVPANENIKGYYIIIVPLKKSRGKFIKPWESPDEMELDELLKEISRKRRSIRYGREVELKPYIAAHFDVLPTEFTLGDDKHYGGFTNKQLQSGQEYVFFVLAVMDHAESKMYATSPYSDPVVSMDLDPQPITDEEEKHHHHHH,AQPAARDLKVVTKRGSADGCTDWSVDIKKYQVLVGEPVRIKCALFYGYIRTNYSLAQSAGLSLMWYKSSGPGDFEEPIAFDGSRMSKEEDSIWFRPTLLQDSGLYACVIRNSTYCMKVSISLTVGENDTGLCYNSKMKYFEKAELSKSKEISCRDIEDFLLPTREPEILWYKECRTKAWRPSIVFKRDTLLIKEVKEDDIGNYTCELKYGGFVVRRTTELTVTAPLTDKPPKLLYPMESKLTVQETQLGGSANLTCRAFFGYSGDVSPLIYWMKGEKFIEDLDENRVWESDIRILKEHLGEQEVSISLIVDSVEEGDLGNYSCYVENGNGRRHASVLLHKRKHHHHHH
MAHHHHHHSSGLEVLFQGPMDAPMEDAPAPVAQVKVIFTTTEPDLELPESKRQLLVPADIRRYGLSRILNSESMLDTGSIPFDFLINGSFLRSSLEDYLTSNGLSLETTLTLQYVRSLIPPVYEASFEHDDWVSAVDVLSATSPAGRWSSAANSSAAVQPGQERVLSASYDGLLRIWNASGSVIATSPSGSHGGHTASIKAAKFLTSDRLASAGMDRTVRVWKYTESDHFTGELKPTLELYGHTGSVDWLDVDGHSKHILTASADGAIGFWSASKASAPEPDASLLPGAHVSKRRKATSSVSTAQRGPLGLWSIHTAPATAAIFDPRDRTVAYSASQDHTVRTLDLTTGQVVSTLTLTHPLLSLSALTRAGTTSPLLAAGTSARHITMVDPRASSATTSVMTLRGHANKVVSLSPSPENEYSLVSGSHDGTCRVWDLRSVRPATKEEGSLGGVSEPVYVIERESWASKGKKKRPVAGDGCKVFSVVWDKLGIFSGGEDKKVQVNRGRNIVTEQK,PSPDELKPFPTVQQTIFRGHEGRVRSVAIDPTGVALATGGDDGTVRVWELLTGRQVWSVKLNGDEAVNTVRWRPTKDTFILAAAAGEDIFLMIPTHPSVTPALDQASRDILNAGFGHATNGKQQANLPPGKEPPGKWARPGTRLEDEGVLLRITVRSTIKAISWHRRGDHFATVSPSGQRSSVAIHTLSKHLTQIPFRKLNGLAQTASFHPLRPLFFVATQRSIRCYDLQKLELVKIVQPGAKWISSFDVHPGGDNLVVGSYDKRLLWHDLDLSNRPYKTMRFHTEAIRAVRFHKGGLPLFADASDDGSLQIFHGKVPNDQLENPTIVPVKMLKGHKVVNKLGVLDIDWHPREPWCVSAGADGTARLWM
SLNVRFDSRTMQLSWDCQEQTTFSKCFLTDKKNRVVEPRLSNNECSCTFREICLHEGVTFEVHVQTSQRGFQQKLLYPNSGREGTAAQNFSCFIYNADLMNCTWARGPTAPRDVQYFLYIRNSKRRREIRCPYYIQDSGTHVGCHLDNLSGLTSRNYFLVNGTSREIGIQFFDSLLDTKKIERFNPPSNVTVRCNTTHCLVRWKQPRTYQKLSYLDFQYQLDVHRKNTQPGTENLLINVSGDLENRYNFPSSEPRAKHSVKIRAADVRILNWSSWSEAIEF,EHVNAIQEARRLLNLSRDTAAEMNETVEVISEMFDLQEPTCLQTRLELYKQGLRGSLTKLKGPLTMMASHYKQHCPPTPETSCATQIITFESFKENLKDFLLVIPFDCWEPV
GPHMRKSQQAEREYEKIKSQLEGLEESVRDRCKKEFTDLMIEMEDQTNDVHEAGIPTLDYKTYTDRVFFLPSKDGDKDVMITGKLDIPESRRPIVEQALYQFSNLLNSKSFLINFIHTLENQREFSARAKVYFASLLTVALHGKLEYYTDIMRTLFLELMEQYVVAKNPKLMLRRSETVVERMLSNWMSICLYQYLKDSAGEPLYKLFKAIKHQVEKGPVDAVQKKAKYTLNDTGLLGDDVEYAPLTVSVIVQDEGIDAIPVKVLNCDTISQVKEKIIDQVYRTQPCSCWPKPDSVVLEWRPGSTAQILSDLDLTSQREGRWKRINTLMHYNVRDGATLILSKVGVSQQPEDSQQDLPGERHALLEEENRVWHLVRPTDEVDEGKSKRGSMKEKERTKAITEIYLTRLLSVKGTLQQFVDNFFQSVLAPGHAVPPAVKYFFDFLDEQAEKHDIRDEDTIHIWKTNSLPLRFWVNILKNPHFIFDVHVHEVVDASLSVIAQTFMDACTRTEHKLSRDSPSNKLLYAKEISTYKKMVEDYYKGIRQMVQVSDQDMNTHLAEISRAHTDSLNTLVALHQLYQYTQKYYDEIINALEEDPAAQKMQLAFRLQQIAAALENKVTDL,GPHMGLVQRCVIIQKDQHGFGFTVSGDRIVLVQSVRPGGAAMKAGVKEGDRIIKVNGTMVTNSSHLEVVKLIKSGAYVALTLLGSSPS
GDVEYRPLTLNALLAVGPGAGEAQGVPVKVLDCDTISQAKEKMLDQLYKGVPLTQRPDPRTLDVEWRSGVAGHLILSDEDVTSEVQGLWRRLNTLQHYKVPDGATVALVPCLTKHVLRENQ,GRAPQPVVARCKLVLVGDVQCGKTAMLQVLAKDCYPETYVPTVFENYTACLETEEQRVELSLWDTSGSPYYDNVRPLCYSDSDAVLLCFDISRPETVDSALKKWRTEILDYCPSTRVLLIGCKTDLRTDLSTLMELSHQKQAPISYEQGCAIAKQLGAEIYLEGSAFTSEKSIHSIFRTASMLCLNKPSPLPQKSPV
GLIRQQIEYKTLILNCVNPDNENSPEIPVKVLNCDTITQVKEKILDAVYKNVPYSQRPRAVDMDLEWRQGRIARVVLQDEDITTKIEGDWKRLNTLMHYQVSDRSVVALVPK,MHHHHHHSSGRENLYFQGRAPQPVVARCKLVLVGDVQCGKTAMLQVLAKDCYPETYVPTVFENYTACLETEEQRVELSLWDTSGSPYYDNVRPLCYSDSDAVLLCFDISRPETVDSALKKWRTEILDYCPSTRVLLIGCKTDLRTDLSTLMELSHQKQAPISYEQGCAIAKQLGAEIYLEGSAFTSEKSIHSIFRTASMLCLNKPSPLPQKSPV
QGHLRSGPRIFAVWKGHVGQDRVDFGQTEPHTVLFHEPGSSSVWVGGRGKVYLFDFPEGKNASVRTVNIGSTKGSCLDKRDCENYITLLERRSEGLLACGTNARHPSCWNLVNGTVVPLGEMRGYAPFSPDENSLVLFEGDEVYSTIRKQEYNGKIPRFRRIRGESELYTSDTVMQNPQFIKATIVHQDQAYDDKIYYFFREDNPDKNPEAPLNVSRVAQLCRGDQGGESSLSVSKWNTFLKAMLVCSDAATNKNFNRLQDVFLLPDPSGQWRDTRVYGVFSNPWNYSAVCVYSLGDIDKVFRTSSLKGYHSSLPNPRPGKCLPDQQPIPTETFQVADRHPEVAQRVEPMGPLKTPLFHSKYHYQKVAVHRMQASHGETFHVLYLTTDRGTIHKVVEPGEQEHSFAFNIMEIQPFRRAAAIQTMSLDAERRKLYVSSQWEVSQVPLDLCEVYGGGCHGCLMSRDPYCGWDQGRCISIYSSERSVLQSINPAEPHKECPNPKPDKAPLQKVSLAPNSRYYLSCPMESRHATYSWRHKENVEQSCEPGHQSPNCILFIENLTAQQYGHYFCEAQEGSYFREAQHWQLLPEDG,ADEPVWRSEQAIGAIAASQEDGVFVASGSCLDQLDYSLEHSLSRLYRDQAGNCTEPVSLAPPARPRPGSSFSKLLLPYREGAAGLGGLLLTGWTFDRGACEVRPLGNLSRNSLRNGTEVVSCHPQGSTAGVVYRAGRNNRWYLAVAATYVLPEPETASRCNPAASDHDTAIALKDTEGRSLATQELGRLKLCEGAGSLHFVDAFLWNGSIYFPYYPYNYTSGAATGWPSMARIAQSTEVLFQGQASLDCGHGHPDGRRLLLSSSLVEALDVWAGVFSAAAGEGQERRSPTTTALCLFRMSEIQARAKRVSWDFKTAESHCKEGDQPERVQPIASSTLIHSDLTSVYGTVVMNRTVLFLGTGDGQLLKVILGENLTSNCPEVIYEIKEETPVFYKLVPDPVKNIYIYLTAGKEVRRIRVANCNKHKSCSECLTATDPHCGWCHSLQRCTFQGDCVHSENLENWLDISSGAKKCPGAP
PGTSIEWHKFETSEEIISTYLIDDVLYTGVNGAVYTFSNNELNKTGLTNNNNYITTSIKVEDTLVCGTNNGNPKCWKIDGSEDPKYRGRGYAPYQNSKVTIISHNECVLSDINISKEGIKRWRRFDGPCGYDLYTADNVIPKDGVRGAFVDKDGTYDKVYILFTDTIDTKRIVKIPYIAQMCLNDEGGPSSLSSHRWSTFLKVELECDIDGRSYRQIIHSKAIKTDNDTILYVFFDSPYSKSALCTYSMNAIKHSFSTSKLGGYTKQLPSPAPGICLPAGKVVPHTTFDIIEQYNELDDIIKPLSQPIFEGPSGVKWFDIKEKENEHREYRIYFIKENTIYSFDTKSKQTRSAQVDARLFSVMVTSKPLFIADIGIGVGIPRMKKILKM,ADEPVWRSEQAIGAIAASQEDGVFVASGSCLDQLDYSLEHSLSRLYRDQAGNCTEPVSLAPPARPRPGSSFSKLLLPYREGAAGLGGLLLTGWTFDRGACEVRPLGNLSRNSLRNGTEVVSCHPQGSTAGVVYRAGRNNRWYLAVAATYVLPEPETASRCNPAASDHDTAIALKDTEGRSLATQELGRLKLCEGAGSLHFVDAFLWNGSIYFPYYPYNYTSGAATGWPSMARIAQSTEVLFQGQASLDCGHGHPDGRRLLLSSSLVEALDVWAGVFSAAAGEGQERRSPTTTALCLFRMSEIQARAKRVSWDFKTAESHCKEGDQPERVQPIASSTLIHSDLTSVYGTVVMNRTVLFLGTGDGQLLKVILGENLTSNCPEVIYEIKEETPVFYKLVPDPVKNIYIYLTAGKEVRRIRVANCNKHKSCSECLTATDPHCGWCHSLQRCTFQGDCVHSENLENWLDISSGAKKCPGAP
MTEYKLVVVGAGGVGKSALTIQLIQNHFVDEYDPTIEDSYRKQVVIDGETCLLDILDTAGQEEYSAMRDQYMRTGEGFLCVFAINNTKSFEDIHQYREQIKRVKDSDDVPMVLVGNKCDLAARTVESRQAQDLARSYGIPYIETSAKTRQGVEDAFYTLVREIRQH,TSNTIRVFLPNKQRTVVNVRNGMSLHDCLMKALKVRGLQPECCAVFRLLHEHKGKKARLDWNTDAASLIGEELQVDFL
MREYKLVVLGSGGVGKSALTVQFVQGIFVDEYDPTIEDSYRKQVEVDCQQCMLEILDTAGTEQFTAMRDLYMKNGQGFALVYSITAQSTFNDLQDLREQILRVKDTEDVPMILVGNKCDLEDERVVGKEQGQNLARQWCNCAFLESSAKSKINVNEIFYDLVRQINR,PSKTSNTIRVFLPNKQRTVVNVRNGMSLHDCLMKALKVRGLQPECCAVFRLLHEHKGKKARLDWNTDAASLIGEELQVDFL
MTEYKLVVVGAGGVGKSALTIQLIQNHFVDEYDPTIEDSYRKQVVIDGETCLLDILDTAGQEEYSAMRDQYMRTGEGFLCVFAINNTKSFEDIHQYREQIKRVKDSDDVPMVLVGNKCDLAARTVESRQAQDLARSYGIPYIETSAKTRQGVEDAFYTLVREIRQH,CILRFIACNGQTRAVQSRGDYQKTLAIALKKFSLEDASKFIVCVSQSSRIKLITEEEFKQICFNSSSPERDRLIIVPKEKPCPSFEDLRRSWEIELAQPAALSSQSSLSP
ETLVRPKPLLLKLLKSVGAQKDTYTMKEVLFYLGQYIMTKRLYDEKQQHIVYCSNDLLGDLFGVPSFSVKEHRKIYTMIYRNLVV,TSFAEYWNLLSP
INQVRPKLPLLKILHAAGAQGEMFTVKEVMHYLGQYIMVKQLYDAAAQHMVYCGGDLLGELLGRQSFSVKDPSPLYDMLRKNLVT,TSFAEYWNLLSP
KEKTGQVKHKNQATHKEFSQLEKKFDARLGVYAIDTGTNQTIAYRPNERFAFASTYKALAAGVLLQQNSTKKLDEVITYTKEDLVDYSPVTEKHVDTGMTLGEIAEAAVRYSDNTAGNILFHKIGGPKGYEKALRQMGDRVTMSDRFETELNEAIPGDIRDTSTAKAIATNLKAFTAGNALPNHKRNILTKWMKGNATGDKLIRAGVPTNWVVADKSGAGSYGTRNDIAIVWPPNRAPIIIAILSSKDEKGATYDNQLIAEAAEVIVNAFR,ATSVVAWGGNNDWGEATVPAEAQSGVDAIAGGYFHGLALKGGKVLGWGANLNGQLTMPAATQSGVDAIAAGNYHSLALKDGEVIAWGGNEDGQTTVPAEARSGVDAIAAGAWASYALKDGKVIAWGDDSDGQTTVPAEAQSGVTALDGGVYTALAVKNGGVIAWGDNYFGQTTVPAEAQSGVDDVAGGIFHSLALKDGKVIAWGDNRYKQTTVPTEALSGVSAIASGEWYSLALKNGKVIAWGSSRTAPSSVQSGVSSIEAGPNAAYALKGGSGSGHHHHHH
MASDGVVVEIGKVTGSVGTTVEIPVYFRGVPSKGIANCDFVFRYDPNVLEIIGIDPGDIIVDPNPTKSFDTAIYPDRKIIVFLFAEDSGTGAYAITKDGVFAKIRATVKSSAPGYITFDEVGGFADNDLVEQKVSFIDGGVNVGNATPTKGATPTNTATPTK,MGDVNGDGTINSTDLTMLKRSVLRAITLTDDAKARADVDKNGSINSTDVLLLSRYLLRVI
MASAHIALELDKTKVKVGDVIVATVKAKNMTSMAGIQVNIKYDPEVLQAIDPATGKPFTKETLLVDPELLSNREYNPLLTAVNDINSGIINYASCYVYWDSYRESGVSESTGIIGKVGFKVLKAANTTVKLEETRFTPNSIDGTLVIDWYGQQIVGYKVIQPDLEHHHHHH,MNNDSTDKTTVSGYISVDFDYPPESESKIKSGFNVKVAGTELSTKTDEKGYFEISGIPGDMREFTLEISKRNYLKRNVTVNGTGKLVVSTEDNPLILWAGDVERKGVQDNAINMVDVMEISKVFGTRAGDEEYVAELDLNMDGAINLFDIAIVIRHFNALPSRY
MPVANADVVFDFQNYTAKAGDEVTVDVLVDSKNKPISAMDVKFKVDSPLTIEEIDKESLAFNTTVMTNMAILGANFKSLDDKGEPLVPKDGAAVFTLYVNVPANTPDGTYYVGFNGKNEVHKSNDGSQFTVASKNGAITVGTPNEEGLE,MGSSHHHHHHSSGLVPRGSHMASVQKFPGDANCDGIVDISDAVLIMQTMANPSKYQMTDKGRINADVTGNSDGVTVLDAQFIQSYCLGLVELPPVE
SSSVPSQKTYQGSYGFRLGFLHSGTAKSVTCTYSPALNKMFCQLAKTCPVQLWVDSTPPPGTRVRAMAIYKQSQHMTEVVRRCPHHERCSDSDGLAPPQHLIRVEGNLRVEYLDDRNTFRHSVVVPYEPPEVGSDCTTIHYNYMCNSSCMGGMNRRPILTIITLEDSSGNLLGRNSFEVRVCACPGRDRRTEEENLRKK,PEITGQVSLPPGKRTNLRKTGSERIAHGMRVKFNPLPLALLLDSSLEGEFDLVQRIIYEVDDPSLPNDEGITALHNAVCAGHTEIVKFLVQFGVNVNAADSDGWTPLHCAASCNNVQVCKFLVESGAAVFAMTYSDMQTAADKCEEMEEGYTQCSQFLYGVQEKMGIMNKGVIYALWDYEPQNDDELPMKEGDCMTIIHREDEDEIEWWWARLNDKEGYVPRNLLGLYPRIKPRQRSLA
MQTIKCVVVGDGAVGKTCLLISYTTNKFPSEYVPTVFDNYAVTVMIGGEPYTLGLFDTAGQEDYDRLRPLSYPQTDVFLVCFSVVSPSSFENVKEKWVPEITHHCPKTPFLLVGTQIDLRDDPSTIEKLAKNKQKPITPETAEKLARDLKAVKYVECSALTQRGLKNVFDEAILAALE,DPTAQSLQDISDEQVLVLFEQMLVDMNLNEEKQQPLREKDIVIKREMVSQYLHTSKAGMNQKESSRSAMMYIQELRSGLRDMHLLSCLESLRVSLTSHPVSWVQTFGAEGLASLLDILKRLHDEKEETSGNYDSRNQHEIIRCLKAFMNNKFGIKTMLETEEGILLLVRAMDPAVPNMMIDAAKLLSALCILPQPEDMNERVLEAMTERAEMDEVERFQPLLDGLKSGTSIALKVGCLQLINALITPAEELDFRVHIRSELMRLGLHQVLQELREIENEDMKVQLCVFDEQGDEDFFDLKGRLDDIRMEMDDFGEVFQIILNTVKDSKAEPHFLSILQHLLLVRNDYEARPQYYKLIEECVSQIVLHKNGTDPDFKCRHLQID
GSMTEYKLVVVGADGVGKSALTIQLIQNHFVDEYDPTIEDSYRKQVVIDGETCLLDILDTAGQEEYSAMRDQYMRTGEGFLCVFAINNTKSFEDIHHYREQIKRVKDSEDVPMVLVGNKCDLPSRTVDTKQAQDLARSYGIPFIETSAKTRQGVDDAFYTLVREIRKHKEK,XRRRRCPLYISYDPVCRRRRX
MTEYKLVVVGAGGVGKSALTIQLIQNHFVDEYDPTIEDSYRKQVVIDGETCLLDILDTAGQEEYSAMRDQYMRTGEGFLCVFAINNTKSFEDIHHYREQIKRVKDSEDVPMVLVGNKCDLPSRTVDTKQAQDLARSYGIPFIETSAKTRQGVDDAFYTLVREIRKH,ATVKFTHQGEEKQVDISKIKWVIRWGQYIWFKYDEDGGAKGWGYVSEKDAPKELLQMLKKR
GTEYKLVVVGAGGVGKSALTIQLIQNHFVDEYDPTIEDSYRKQVVIDGETCLLDILDTAGQEEYSAMRDQYMRTGEGFLCVFAINNTKSFEDIHHYREQIKRVKDSEDVPMVLVGNKCDLPSRTVDTKQAQDLARSYGIPFIETSAKTRQGVDDAFYTLVREIRKHKEKMSKDGKKKKKKSKTKC,AKDERAREILRGFKLNWMNLRDAETGKILWQGTEDLSVPGVEHEARVPKKILKCKAVSRELNFSSTEQMEKFRLEQKVYFKGQCLEEWFFEFGFVIPNSTNTWQSLIEAAPESQMMPASVLTGNVIIETKFFDDDLLVSTSRVRLFYV
GSGEVNLLDSKTIQGELGWISYPSHGWEEISGVDEHYTPIRTYQVCNVMDHSQNNWLRTNWVPRNSAQKIYVELKFTLRDCNSIPLVLGTCKETFNLYYMESDDDHGVKFREHQFTKIDTIAADESFTQMDLGDRILKLNTEIREVGPVNKKGFYLAFQDVGACVALVSVRVYFKK,GSGAVADRYAVYWNSSNPRFQRGDYHIDVCINDYLDVFCPHYEDSVPEDKTERYVLYMVNFDGYSACDHTSKGFKRWECNRPHSPNGPLKFSEKFQLFTPFSLGFEFRPGREYFYISSAIPDNGRRSCLKLKVFVRPTNSCMK
EGQSDERALLDQLHTLLSNTDATGLEEIDRALGIPELVNQGQALEPK,PNRSISPSALQDLLRTLKSPSSPQQQQQVLNILKSNPQLMAAFIKQRTAKYVANQPGMQ
HHHHHHSSGLVPRGSHMTVSEWLESIKMQQYTEHFMAAGYTAIEKVVQMTNDDIKRIGVRLPGHQKRIAYSLLGLKDQVNTV,HHHHHHSSGLVPRGSHMGMSAWLRAIGLERYEEGLVHNGWDDLEFLSDITEEDLEEAGVQDPAHKRLLLDTLQLSK
