id_1,seq_1,id_2,seq_2,dataset,Interaccion,Duplicado positivo
O00401,GSNFQHIGHVGWDPNTGFDLNNLDPELKNLFDMCGISEAQLKDRETSKVIYDFIEKTGGVEAVKN,Q9UHR4,GSHMKKQKVKTIFPHTAGSNKTLLSFAQGDVITLLIPEEKDGWLYGEHDVSKARGWFPSSYTKLLEE,negatome,0,True
O00512,NPDGLSQEQLEHRERSLQTLRDIQRMLFPDEKEFTGAQSGGPQQNP,Q9NQB0,MPQLNGGGGDDLGANDELISFKDEGEQEEKSSENSSAERDLADVKSSLVNESE,negatome,0,True
O14745,CLDFNISLAMAKERAHQKRSSKRAPQMDWSKKNELFSNL,P26038,MPKTISVRVTTMDAELEFAIQPNTTGKQLFDQVVKTIGLREVWFFGLQYQDTKGFSTWLKLNKKVTAQDVRKESPLLFKFRAKFYPEDVSEELIQDITQRLFFLQVKEGILNDDIYCPPETAVLLASYAVQSKYGDFNKEVHKSGYLAGDKLLPQRVLEQHKLNKDQWEERIQVWHEEHRGMLREDAVLEYLKIAQDLEMYGVNYFSIKNKKGSELWLGVDALGLNIYEQNDRLTPKIGFPWSEIRNISFNDKKFVIKPIDKKAPDFVFYAPRLRINKRILALCMGNHELYMRRRKP,negatome,0,True
O14810,GPLGSKLPDAAKKFEEAQEALRQAEEERKAKYAKMEAEREAVRQGIRDKYGIKKKEEREAEAQ,P60880,GSHMMRNELEEMQRRADQLADESLESTRRMLQLVEESKDAGIRTLVMLDEQGEQLDRVEEGMNHINQDMKEAEKNLKDLGW,negatome,0,True
O14893,MRRAELAGLKTMAWVPAESAVEELMPRLLPVEPCDLTEGFDPSVPPRTPQEYLRRVQIEAAQCPDVVVAQIDPKKLKRKQSVNISLSGCQPAPEGYSPTLQWQQQQVAQFSTVRQNVNKHRSHWKSQQLDSNVTMPKSEDEEGWKKFCLGEKLCADGAVGPATNESPGIDYVQIGFPPLLSIVSRMNQATVTSVLEYLSNWFGERDFTPELGRWLYALLACLEKPLLPEAHSLIRQLARRCSEVRLLVDSKDDERVPALNLLICLVSRYFDQRDLADEPS,P62304,MAYRGQGQKVQKVMVQPINLIFRYLQNRSRIQVWLYEQVNMRIEGCIIGFDEYMNLVLDDAEEIHSKTKSRKQLGRIMLKGDNITLLQSVSN,negatome,0,True
O14893,MRRAELAGLKTMAWVPAESAVEELMPRLLPVEPCDLTEGFDPSVPPRTPQEYLRRVQIEAAQCPDVVVAQIDPKKLKRKQSVNISLSGCQPAPEGYSPTLQWQQQQVAQFSTVRQNVNKHRSHWKSQQLDSNVTMPKSEDEEGWKKFCLGEKLCADGAVGPATNESPGIDYVQIGFPPLLSIVSRMNQATVTSVLEYLSNWFGERDFTPELGRWLYALLACLEKPLLPEAHSLIRQLARRCSEVRLLVDSKDDERVPALNLLICLVSRYFDQRDLADEPS,P62306,MSLPLNPKPFLNGLTGKPVMVKLKWGMEYKGYLVSVDGYMNMQLANTEEYIDGALSGHLGEVLIRCNNVLYIRGVEEEEEDGEMRE,negatome,0,True
O14893,MRRAELAGLKTMAWVPAESAVEELMPRLLPVEPCDLTEGFDPSVPPRTPQEYLRRVQIEAAQCPDVVVAQIDPKKLKRKQSVNISLSGCQPAPEGYSPTLQWQQQQVAQFSTVRQNVNKHRSHWKSQQLDSNVTMPKSEDEEGWKKFCLGEKLCADGAVGPATNESPGIDYVQIGFPPLLSIVSRMNQATVTSVLEYLSNWFGERDFTPELGRWLYALLACLEKPLLPEAHSLIRQLARRCSEVRLLVDSKDDERVPALNLLICLVSRYFDQRDLADEPS,P62308,MSKAHPPELKKFMDKKLSLKLNGGRHVQGILRGFDPFMNLVIDECVEMATSGQQNNIGMVVIRGNSIIMLEALERV,negatome,0,True
O14893,MRRAELAGLKTMAWVPAESAVEELMPRLLPVEPCDLTEGFDPSVPPRTPQEYLRRVQIEAAQCPDVVVAQIDPKKLKRKQSVNISLSGCQPAPEGYSPTLQWQQQQVAQFSTVRQNVNKHRSHWKSQQLDSNVTMPKSEDEEGWKKFCLGEKLCADGAVGPATNESPGIDYVQIGFPPLLSIVSRMNQATVTSVLEYLSNWFGERDFTPELGRWLYALLACLEKPLLPEAHSLIRQLARRCSEVRLLVDSKDDERVPALNLLICLVSRYFDQRDLADEPS,P62314,MKLVRFLMKLSHETVTIELKNGTQVHGTITGVDVSMNTHLKAVKMTLKNREPVQLETLSIRGNNIRYFILPDSLPLDTLLVDVEPKVKSKKREAVAGRGRGRGRGRGRGRGRGRGGPRR,negatome,0,True
O14893,MRRAELAGLKTMAWVPAESAVEELMPRLLPVEPCDLTEGFDPSVPPRTPQEYLRRVQIEAAQCPDVVVAQIDPKKLKRKQSVNISLSGCQPAPEGYSPTLQWQQQQVAQFSTVRQNVNKHRSHWKSQQLDSNVTMPKSEDEEGWKKFCLGEKLCADGAVGPATNESPGIDYVQIGFPPLLSIVSRMNQATVTSVLEYLSNWFGERDFTPELGRWLYALLACLEKPLLPEAHSLIRQLARRCSEVRLLVDSKDDERVPALNLLICLVSRYFDQRDLADEPS,P62316,MSLLNKPKSEMTPEELQKREEEEFNTGPLSVLTQSVKNNTQVLINCRNNKKLLGRVKAFDRHCNMVLENVKEMWTEVPKSGKGKKKSKPVNKDRYISKMFLRGDSVIVVLRNPLIAGK,negatome,0,True
O43187,ACYIYQLPSWVLDDLCRNMDALSEWDWMEFASYVITDLTQLRKIKSMEWVQGVSITRELLWWWGMRQATVQQLVDLLCRLELYRAAQIILNWKPAPEIRCPIPAFPDSVKP,Q99836,MLPLAALNMRVRRRLSLFLNVRTQVAADWTALAEEMDFEYLEIRQLETQADPTGRLLDAWQGRPGASVGRLLELLTKLGRDDVLLELGPSIEEDCQKYIAAALEHHHHHH,negatome,0,True
O60673,MLTPTPDSSPRSTSSPSQSKNGSFTPRTANILKPLMSPPSREEIMATLLDHD,Q9UBZ9,MRGSHHHHHHGSGLSSLQSDPAGCVRPPAPNLAGAVEFNDVKTLLREWITTISDPMEEDILQVVKYCTDLIEEKDLEKLDLVIKYMKRLMQQSVESVWNMAFDFILDNVQVVLQQTYGSTLKVT,negatome,0,True
O75865,MADTVLFEFLHTEMVAELWAHDPDPGPGGQKMSLSVLEGMGFRVGQALGERLPRETLAFREELDVLKFLCKDLWVAVFQKQMDSLRTNHQGTYVLQDNSFPLLLPMASGLQYLEEAPKFLAFTCGLLRGALYTLGIESVVTASVAALPVCKFQVVIPKS,Q9Y296,MAIFSVYVVNKAGGLIYQLDSYAPRAEAEKTFSYPLDLLLKLHDERVLVAFGQRDGIRVGHAVLAINGMDVNGRYTADGKEVLEYLGNPANYPVSIRFGRPRLTSNEKLMLASMFHSLFAIGSQLSPEQGSSGIEMLETDTFKLHCYQTLTGIKFVVLADPRQAGIDSLLRKIYEIYSDFALKNPFYSLEMPIRCELFDQNLKLALEVAEKAGTFGPGS,negatome,0,True
O76064,GPLGSPGFQEHWALMEELNRSKKDFEAIIQAKNKELEQTKEEKEKMQAQKEEVLSHMNDVLENELQCIICSEYFIEAVTLNCAHSFCSYCINEWMKRKIECPICRKDIKSKTYSLVLDNCINKMVNNLSSEVKERRIVLIRERKAKRLF,Q15819,GPLGSMAVSTGVKVPRNFRLLEELEEGQKGVGDGTVSWGLEDDEDMTLTRWTGMIIGPPRTNYENRIYSLKVECGPKYPEAPPSVRFVTKINMNGINNSSGMVDARSIPVLAKWQNSYSIKVVLQELRRLMMSKENMKLPQPPEGQTYN,negatome,0,True
O95149,GPLGSMEELSQALASSFSVSQDLNSTAAPHPRLSQYKSKYSSLEQSERRRRLLELQKSKRLDYVNHARRLAEDDWTGMESEEENKKDDEEMDIDTVKKLPKHYANQLMLSEWLIDVPSDLGQEWIVVVCPVGKRALIVASRGSTSAYTKSGYCVNRFSSLLPGGNRRNSTAKDYTILDCIYNEVNQTYYVLDVMCWRGHPFYDCQTDFRFYWMHSKLPEEEGLGEKTKLNPFKFVGLKNFPCTPESLCDVLSMDFPFEVDGLLFYHKQTHYSPGSTPLVGWLRPYMVSDVLGVAVPAGPLTTKPDYAGHQLQQIMEHKKSQKEGMKEKLTHKASENGHYELEHLSTPKLKGSSHSPDHPGCLMEN,P62826,MAAQGEPQVQFKLVLVGDGGTGKTTFVKRHLTGEFEKKYVATLGVEVHPLVFHTNRGPIKFNVWDTAGLEKFGGLRDGYYIQAQCAIIMFDVTSRVTYKNVPNWHRDLVRVCENIPIVLCGNKVDIKDRKVKAKSIVFHRKKNLQYYDISAKSNYNFEKPFLWLARKLIGDPNLEFVAMPALAPPEVVMDPALAAQYEHDLEVAQTTALPDEDDDL,negatome,0,True
O95863,PRSFLVRKPSDPNRKPNYSE,Q9UKL0,RAKRKPPKGMFLSQEDVEAVSANATAATTVLRQLDMELVSVKRQIQNIKQTNSALKEKLDGGIEPYRLPEVIQKCNARWTTEEQLLAVQAIRKYGRDFQAISDVIGNKSVVQVKNFFVNYRRRFNIDEVLQEWEAEHGKEETNGPSNQKPVKSPDNSIKMPEEEDEAPVLDVRYASAS,negatome,0,True
P00127,VTDQLEDLREHFKNTEEGKALVHHYEECAERVKIQQQQPGYADLEHKEDCVEEFFHLQHYLDTATAPRLFDKLK,P07256,AEVTQLSNGIVVATEHNPSAHTASVGVVFGSGAANENPYNNGVSNLWKNIFLSKENSAVAAKEGLALSSNISRDFQSYIVSSLPGSTDKSLDFLNQSFIQQKANLLSSSNFEATKKSVLKQVQDFEDNDHPNRVLEHLHSTAFQNTPLSLPTRGTLESLENLVVADLESFANNHFLNSNAVVVGTGNIKHEDLVNSIESKNLSLQTGTKPVLKKKAAFLGSEVRLRDDTLPKAWISLAVEGEPVNSPNYFVAKLAAQIFGSYNAFEPASRLQGIKLLDNIQEYQLCDNFNHFSLSYKDSGLWGFSTATRNVTMIDDLIHFTLKQWNRLTISVTDTEVERAKSLLKLQLGQLYESGNPVNDANLLGAEVLIKGSKLSLGEAFKKIDAITVKDVKAWAGKRLWDQDIAIAGTGQIEGLLDYMRIRSDMSMMRW,negatome,0,True
P00734,TFGSGEADCGLRPLFEKKSLEDKTERELLESYIDGR,P02671,GPRVVERHQSACKDSDWPFCSDEDWNYKCPSGCRMKGLIDEVNQDFTNRINKLKNSL,negatome,0,True
P00746,ILGGREAEAHARPYMASVQLNGAHLCGGVLVAEQWVLSAAHCLEDAADGKVQVLLGAHSLSQPEPSKRLYDVLRAVPHPDSQPDTIDHDLLLLQLSEKATLGPAVRPLPWQRVDRDVAPGTLCDVAGWGIVNHAGRRPDSLQHVLLPVLDRATCNRRTHHDGAITERLMCAESNRRDSCKGDAGGPLVCGGVLEGVVTSGSRVCGNRKKPGIYTRVASYAAWIDSVLA,P01024,SPMYSIITPNILRLESEETMVLEAHDAQGDVPVTVTVHDFPGKKLVLSSEKTVLTPATNHMGNVTFTIPANREFKSEKGRNKFVTVQATFGTQVVEKVVLVSLQSGYLFIQTDKTIYTPGSTVLYRIFTVNHKLLPVGRTVMVNIENPEGIPVKQDSLSSQNQLGVLPLSWDIPELVNMGQWKIRAYYENSPQQVFSTEFEVKEYVLPSFEVIVEPTEKFYYIYNEKGLEVTITARFLYGKKVEGTAFVIFGIQDGEQRISLPESLKRIPIEDGSGEVVLSRKVLLDGVQNPRAEDLVGKSLYVSATVILHSGSDMVQAERSGIPIVTSPYQIHFTKTPKYFKPGMPFDLMVFVTNPDGSPAYRVPVAVQGEDTVQSLTQGDGVAKLSINTHPSQKPLSITVRTKKQELSEAEQATRTMQALPYSTVGNSNNYLHLSVLRTELRPGETLNVNFLLRMDRAHEAKIRYYTYLIMNKGRLLKAGRQVREPGQDLVVLPLSITTDFIPSFRLVAYYTLIGASGQREVVADSVWVDVKDSCVGSLVVKSGQSEDRQPVPGQQMTLKIEGDHGARVVLVAVDKGVFVLNKKNKLTQSKIWDVVEKADIGCTPGSGKDYAGVFSDAGLTFTSSSGQQTAQRAELQCPQ,negatome,0,True
P00829,AAQASPSPKAGATTGRIVAVIGAVVDVQFDEGLPPILNALEVQGRETRLVLEVAQHLGESTVRTIAMDGTEGLVRGQKVLDSGAPIRIPVGPETLGRIMNVIGEPIDERGPIKTKQFAAIHAEAPEFVEMSVEQEILVTGIKVVDLLAPYAKGGKIGLFGGAGVGKTVLIMELINNVAKAHGGYSVFAGVGERTREGNDLYHEMIESGVINLKDATSKVALVYGQMNEPPGARARVALTGLTVAEYFRDQEGQDVLLFIDNIFRFTQAGSEVSALLGRIPSAVGYQPTLATDMGTMQERITTTKKGSITSVQAIYVPADDLTDPAPATTFAHLDATTVLSRAIAELGIYPAVDPLDSTSRIMDPNIVGSEHYDVARGVQKILQDYKSLQDIIAILGMDELSEEDKLTVSRARKIQRFLSQPFQVAEVFTGHLGKLVPLKETIKGFQQILAGEYDHLPEQAFYMVGPIEEAVAKADKLAEEHS,P13619,ASIKQIQDAIDMEKSQQALVQKRHYLFDVQRNNIAMALEVTYRERLHRVYREVKNRLDYHISVQNMMRQKEQEHMINWVEKRVVQSISAQQEKETIAKCIADLKLLSKKAQAQPVM,negatome,0,True
P00830,ASHHHHHHAAQSTPITGKVTAVIGAIVDVHFEQSELPAILNALEIKTPQGKLVLEVAQHLGENTVRTIAMDGTEGLVRGEKVLDTGGPISVPVGRETLGRIINVIGEPIDERGPIKSKLRKPIHADPPSFAEQSTSAEILETGIKVVDLLAPYARGGKIGLFGGAGVGKTVFIQELINNIAKAHGGFSVFTGVGERTREGNDLYREMKETGVINLEGESKVALVFGQMNEPPGARARVALTGLTIAEYFRDEEGQDVLLFIDNIFRFTQAGSEVSALLGRIPSAVGYQPTLATDMGLLQERITTTKKGSVTSVQAVYVPADDLTDPAPATTFAHLDATTVLSRGISELGIYPAVDPLDSKSRLLDAAVVGQEHYDVASKVQETLQTYKSLQDIIAILGMDELSEQDKLTVERARKIQRFLSQPFAVAEVFTGIPGKLVRLKDTVASFKAVLEGKYDNIPEHAFYMVGGIEDVVAKAEKLAAEAN,P21306,SAWRKAGISYAAYLNVAAQAIRSSLKTELQTASVLNRSQTDAFYTQYKNGTAASEPTPITK,negatome,0,True
P01019,DRVYIHPF,P12821,LVTDEAEASKFVEEYDRTSQVVWNEYAEANWNYNTNITTETSKILLQKNMQIANHTLKYGTQARKFDVNQLQNTTIKRIIKKVQDLERAALPAQELEEYNKILLDMETTYSVATVCHPNGSCLQLEPDLTNVMATSRKYEDLLWAWEGWRDKAGRAILQFYPKYVELINQAARLNGYVDAGDSWRSMYETPSLEQDLERLFQELQPLYLNLHAYVRRALHRHYGAQHINLEGPIPAHLLGNMWAQTWSNIYDLVVPFPSAPSMDTTEAMLKQGWTPRRMFKEADDFFTSLGLLPVPPEFWNKSMLEKPTDGREVVCHASAWDFYNGKDFRIKQCTTVNLEDLVVAHHEMGHIQYFMQYKDLPVALREGANPGFHEAIGDVLALSVSTPKHLHSLNLLSSEGGSDEHDINFLMKMALDKIAFIPFSYLVDQWRWRVFDGSITKENYNQEWWSLRLKYQGLCPPVPRTQGDFDPGAKFHIPSSVPYIRYFVSFIIQFQFHEALCQAAGHTGPLHKCDIYQSKEAGQRLATAMKLGFSRPWPEAMQLITGQPNMSASAMLSYFKPLLDWLRTENELHGEKLGWPQYNWTPNS,negatome,0,True
P01161,CFGGRIDRIGAQSGLGCNSFR,P18910,SDLTVAVVLPLTNTSYPWSWARVGPAVELALARVKARPDLLPGWTVRMVLGSSENAAGVCSDTAAPLAAVDLKWEHSPAVFLGPGCVYSAAPVGRFTAHWRVPLLTAGAPALGIGVKDEYALTTRTGPSHVKLGDFVTALHRRLGWEHQALVLYADRLGDDRPCFFIVEGLYMRVRERLNITVNHQEFVEGDPDHYPKLLRAVRRKGRVIYICSSPDAFRNLMLLALNAGLTGEDYVFFHLDVFGQSLKSAQGLVPQKPWERGDGQDRSARQAFQAAKIITYKEPDNPEYLEFLKQLKLLADKKFNFTVEDGLKNIIPASFHDGLLLYVQAVTETLAQGGTVTDGENITQRMWNRSFQGVTGYLKIDRNGDRDTDFSLWDMDPETGAFRVVLNYNGTSQELMAVSEHKLYWPLGYPPPDVPKCGFDNEDPACNQD,negatome,0,True
P01308,ALWGPDPAAA,P61769,MIQRTPKIQVYSRHPAENGKSNFLNCYVSGFHPSDIEVDLLKNGERIEKVEHSDLSFSKDWSFYLLYYTEFTPTEKDEYACRVNHVTLSQPKIVKWDRDM,negatome,0,True
P01589,ELCDDDPPEIPHATFKAMAYKEGTMLNCECKRGFRRIKSGSLYMLCTGNSSHSSWDNQCQCTSSATRQTTKQVTPQPEEQKERKTTEMQSPMQPVDQASLPGHCREPPPWENEATERIYHFVVGQMVYYQCVQGYRALHRGPAESVCKMTHGKTRWTQPQLICTGEMETSQFPGEEKPQASPEGRPESETSCLVTTTDFQIQTEMAATMETSIFTTE,P14784,AVQGTSQFTCFYNSRAQISCVWSQDGALQDTSCQVHAWPDRRRWQQTCELLPVSQASWACNLILGAPDSQKLTTVDIVTLRVLCREGVRWRVMAIQDFKPFENLRLMAPISLQVVHVETHRCNISWEISQASHYFERHLEFEARTLSPGHTWEEAPLLTLKQKQEWICLETLTPDTQYEFQVRVKPLQGEFTTWSPWSQPLAFRTKPAALGKDT,negatome,0,True
P01730,KKVVLGKKGDTVELTCTASQKKSIQFHWKNSNQIKILGNQGSFLTKGPSKLNDRADSRRSLWDQGNFPLIIKNLKIEDSDTYICEVEDQKEEVQLLVFGLTANSDTHLLQGQSLTLTLESPPGSSPSVQCRSPRGKNIQGGKTLSVSQLELQDSGTWTCTVLQNQKKVEFKIDIVVLA,P02789,GNSHRGAIEWEGIESG,negatome,0,True
P02786,RLYWDDLKRKLSEKLDSTDFTSTIKLLNENSYVPREAGSQKDENLALYVENQFREFKLSKVWRDQHFVKIQVKDSAQNSVIIVDKNGRLVYLVENPGGYVAYSKAATVTGKLVHANFGTKKDFEDLYTPVNGSIVIVRAGKITFAEKVANAESLNAIGVLIYMDQTKFPIVNAELSFFGHAHLGTGDPYTPGFPSFNHTQFPPSRSSGLPNIPVQTISRAAAEKLFGNMEGDCPSDWKTDSTCRMVTSESKNVKLTVSNVLKEIKILNIFGVIKGFVEPDHYVVVGAQRDAWGPGAAKSGVGTALLLKLAQMFSDMVLKDGFQPSRSIIFASWSAGDFGSVGATEWLEGYLSSLHLKAFTYINLDKAVLGTSNFKVSASPLLYTLIEKTMQNVKHPVTGQFLYQDSNWASKVEKLTLDNAAFPFLAYSGIPAVSFCFCEDTDYPYLGTTMDTYKELIERIPELNKVARAAAEVAGQFVIKLTHDVELNLDYERYNSQLLSFVRDLNQYRADIKEMGLSLQWLYSARGDFFRATSRLTTDFGNAEKTDRFVMKKLNDRVMRVEYHFLSPYVSPKESPFRHVFWGSGSHTLPALLENLKLRKQNNGAFNETLFRNQLALATWTIQGAANALSGDVWDIDNEF,P61769,IQRTPKIQVYSRHPAENGKSNFLNCYVSGFHPSDIEVDLLKNGERIEKVEHSDLSFSKDWSFYLLYYTEFTPTEKDEYACRVNHVTLSQPKIVKWDRDM,negatome,0,True
P04050,MVGQQYSSAPLRTVKEVQFGLFSPEEVRAISVAKIRFPETMDETQTRAKIGGLNDPRLGSIDRNLKCQTCQEGMNECPGHFGHIDLAKPVFHVGFIAKIKKVCECVCMHCGKLLLDEHNELMRQALAIKDSKKRFAAIWTLCKTKMVCETDVPSEDDPTQLVSRGGCGNTQPTIRKDGLKLVGSWKKDRATGDADEPELRVLSTEEILNIFKHISVKDFTSLGFNEVFSRPEWMILTCLPVPPPPVRPSISFNESQRGEDDLTFKLADILKANISLETLEHNGAPHHAIEEAESLLQFHVATYMDNDIAGQPQALQKSGRPVKSIRARLKGKEGRIRGNLMGKRVDFSARTVISGDPNLELDQVGVPKSIAKTLTYPEVVTPYNIDRLTQLVRNGPNEHPGAKYVIRDSGDRIDLRYSKRAGDIQLQYGWKVERHIMDNDPVLFNRQPSLHKMSMMAHRVKVIPYSTFRLNLSVTSPYNADFDGDEMNLHVPQSEETRAELSQLCAVPLQIVSPQSNKPCMGIVQDTLCGIRKLTLRDTFIELDQVLNMLYWVPDWDGVIPTPAIIKPKPLWSGKQILSVAIPNGIHLQRFDEGTTLLSPKDNGMLIIDGQIIFGVVEKKTVGSSNGGLIHVVTREKGPQVCAKLFGNIQKVVNFWLLHNGFSTGIGDTIADGPTMREITETIAEAKKKVLDVTKEAQANLLTAKHGMTLRESFEDNVVRFLNEARDKAGRLAEVNLKDLNNVKQMVMAGSKGSFINIAQMSACVGQQSVEGKRIAFGFVDRTLPHFSKDDYSPESKGFVENSYLRGLTPQEFFFHAMGGREGLIDTAVKTAETGYIQRRLVKALEDIMVHYDNTTRNSLGNVIQFIYGEDGMDAAHIEKQSLDTIGGSDAAFEKRYRVDLLNTDHTLDPSLLESGSEILGDLKLQVLLDEEYKQLVKDRKFLREVFVDGEANWPLPVNIRRIIQNAQQTFHIDHTKPSDLTIKDIVLGVKDLQENLLVLRGKNEIIQNAQRDAVTLFCCLLRSRLATRRVLQEYRLTKQAFDWVLSNIEAQFLRSVVHPGEMVGVLAAQSIGEPATQMTLNTFHFAGVASKKVTSGVPRLKEILNVAKNMKTPSLTVYLEPGHAADQEQAKLIRSAIEHTTLKSVTIASEIYYDPDPRSTVIPEDEEIIQLHFSLLDEEAEQSFDQQSPWLLRLELDRAAMNDKDLTMGQVGERIKQTFKNDLFVIWSEDNDEKLIIRCRVVRPKSLDAETEAEEDHMLKKIENTMLENITLRGVENIERVVMMKYDRKVPSPTGEYVKEPEWVLETDGVNLSEVMTVPGIDPTRIYTNSFIDIMEVLGIEAGRAALYKEVYNVIASDGSYVNYRHMALLVDVMTTQGGLTSVTRHGFNRSNTGALMRCSFEETVEILFEAGASAELDDCRGVSENVILGQMAPIGTGAFDVMIDEESLVKYMPEQKITEIEDGQDGGVTPYSNESGLVNADLDVKDELMFSPLVDSGSNDAMAGGFTAYGGADYGEATSPFGAYGEAPTSPGFGVSSPGFSPTSPTYSPTSPAYSPTSPSYSPTSPSYSPTSPSYSPTSPSYSPTSPSYSPTSPSYSPTSPSYSPTSPSYSPTSPSYSPTSPSYSPTSPSYSPTSPSYSPTSPSYSPTSPSYSPTSPAYSPTSPSYSPTSPSYSPTSPSYSPTSPSYSPTSPNYSPTSPSYSPTSPGYSPGSPAYSPKQDEQKHNENENSR,P22139,MIVPVRCFSCGKVVGDKWESYLNLLQEDELDEGTALSRLGLKRYCCRRMILTHVDLIEKFLRYNPLEKRD,negatome,0,True
P04637,STSRHKKLMFK,P24941,GPLGSMENFQKVEKIGEGTYGVVYKARNKLTGEVVALKKIRLDTETEGVPSTAIREISLLKELNHPNIVKLLDVIHTENKLYLVFEFLHQDLKKFMDASALTGIPLPLIKSYLFQLLQGLAFCHSHRVLHRDLKPQNLLINTEGAIKLADFGLARAFGVPVRTYTHEVVTLWYRAPEILLGCKYYSTAVDIWSLGCIFAEMVTRRALFPGDSEIDQLFRIFRTLGTPDEVVWPGVTSMPDYKPSFPKWARQDFSKVVPPLDEDGRSLLSQMLHYDPNKRISAKAALAHPFFQDVTKPVPHLRL,negatome,0,True
P05630,AEAAAAQAPAAGPGQMSFTFASPTQVFFNSANVRQVDVPTQTGAFGILAAHVPTLQVLRPGLVVVHAEDGTTSKYFVSSGSVTVNADSSVQLLAEEAVTLDMLDLGAAKANLEKAQSELLGAADEATRAEIQIRIEANEALVKALE,P13619,ASIKQIQDAIDMEKSQQALVQKRHYLFDVQRNNIAMALEVTYRERLHRVYREVKNRLDYHISVQNMMRQKEQEHMINWVEKRVVQSISAQQEKETIAKCIADLKLLSKKAQAQPVM,negatome,0,True
P05631,ATLKDITRRLKSIKNIQKITKSMKMVAAAKYARAERELKPARVYGVGSLALYEKADIKTPEDKKKHLIIGVSSDRGLCGAIHSSVAKQMKSEAANLAAAGKEVKIIGVGDKIRSILHRTHSDQFLVTFKEVGRRPPTFGDASVIALELLNSGYEFDEGSIIFNRFRSVISYKTEEKPIFSLDTISSAESMSIYDDIDADVLRNYQEYSLANIIYYSLKESTTSEQSARMTAMDNASKNASEMIDKLTLTFNRTRQAVITKELIEIISGAAAL,P13619,ASIKQIQDAIDMEKSQQALVQKRHYLFDVQRNNIAMALEVTYRERLHRVYREVKNRLDYHISVQNMMRQKEQEHMINWVEKRVVQSISAQQEKETIAKCIADLKLLSKKAQAQPVM,negatome,0,True
P05632,VAYWRQAGLSYIRYSQICAKAVRDALKTEFKANAMKTSGSTIKIVKVKKE,P13619,ASIKQIQDAIDMEKSQQALVQKRHYLFDVQRNNIAMALEVTYRERLHRVYREVKNRLDYHISVQNMMRQKEQEHMINWVEKRVVQSISAQQEKETIAKCIADLKLLSKKAQAQPVM,negatome,0,True
P06241,VTLFVALYDYEARTEDDLSFHKGEKFQILNSSEGDWWEARSLTTGETGYIPSNYVAPVDSI,Q13291,KSLTIYAQVQK,negatome,0,True
P06400,PPKPLKKLRFD,P24941,GPLGSMENFQKVEKIGEGTYGVVYKARNKLTGEVVALKKIRLDTETEGVPSTAIREISLLKELNHPNIVKLLDVIHTENKLYLVFEFLHQDLKKFMDASALTGIPLPLIKSYLFQLLQGLAFCHSHRVLHRDLKPQNLLINTEGAIKLADFGLARAFGVPVRTYTHEVVTLWYRAPEILLGCKYYSTAVDIWSLGCIFAEMVTRRALFPGDSEIDQLFRIFRTLGTPDEVVWPGVTSMPDYKPSFPKWARQDFSKVVPPLDEDGRSLLSQMLHYDPNKRISAKAALAHPFFQDVTKPVPHLRL,negatome,0,True
P07251,ASTKAQPTEVSSILEERIKGVSDEANLNETGRVLAVGDGIARVFGLNNIQAEELVEFSSGVKGMALNLEPGQVGIVLFGSDRLVKEGELVKRTGNIVDVPVGPGLLGRVVDALGNPIDGKGPIDAAGRSRAQVKAPGILPRRSVHEPVQTGLKAVDALVPIGRGQRELIIGDRQTGKTAVALDTILNQKRWNNGSDESKKLYCVYVAVGQKRSTVAQLVQTLEQHDAMKYSIIVAATASEAAPLQYLAPFTAASIGEWFRDNGKHALIVYDDLSKQAVAYRQLSLLLRRPPGREAYPGDVFYLHSRLLERAAKLSEKEGSGSLTALPVIETQGGDVSAYIPTNVISITDGQIFLEAELFYKGIRPAINVGLSVSRVGSAAQVKALKQVAGSLKLFLAQYREVAAFAQFGSDLDASTKQTLVRGERLTQLLKQNQYSPLATEEQVPLIYAGVNGHLDGIELSRIGEFESSFLSYLKSNHNELLTEIREKGELSKELLASLKSATESFVATF,P21306,SAWRKAGISYAAYLNVAAQAIRSSLKTELQTASVLNRSQTDAFYTQYKNGTAASEPTPITK,negatome,0,True
P07273,MDSKEVLVHVKNLEKNKSNDAAVLEILHVLDKEFVPTEKLLRETKVGVEVNKFKKSTNVEISKLVKKMISSWKDAINKNKRSRQAQQHHQDHAPGNAEDKTTVGESVNGVQQPASSQSDAMKQDKYVSTKPRNSKNDGVDTAIYHHKLRDQVLKALYDVLAKESEHPPQSILHTAKAIESEMNKVNNCDTNEAAYKARYRIIYSNVISKNNPDLKHKIANGDITPEFLATCDAKDLAPAPLKQKIEEIAKQNLYNAQGATIERSVTDRFTCGKCKEKKVSYYQLQTRSADEPLTTFCTCEACGNRWKFS,P16370,MSEEGPQVKIREASKDNVDFILSNVDLAMANSLRRVMIAEIPTLAIDSVEVETNTTVLADEFIAHRLGLIPLQSMDIEQLEYSRDCFCEDHCDKCSVVLTLQAFGESESTTNVYSKDLVIVSNLMGRNIGHPIIQDKEGNGVLICKLRKGQELKLTCVAKKGIAKEHAKWGPAAAIEFEYDPWNKLKHTDYWYEQDSAKEWPQSKNCEYEDPPNEGDPFDYKAQADTFYMNVESVGSIPVDQVVVRGIDTLQKKVASILLALTQMDQDKVNFASGDNNTASNMLGSNEDVMMTGAEQDPYSNASQMGNTGSGGYDNAW,negatome,0,True
P07273,MDSKEVLVHVKNLEKNKSNDAAVLEILHVLDKEFVPTEKLLRETKVGVEVNKFKKSTNVEISKLVKKMISSWKDAINKNKRSRQAQQHHQDHAPGNAEDKTTVGESVNGVQQPASSQSDAMKQDKYVSTKPRNSKNDGVDTAIYHHKLRDQVLKALYDVLAKESEHPPQSILHTAKAIESEMNKVNNCDTNEAAYKARYRIIYSNVISKNNPDLKHKIANGDITPEFLATCDAKDLAPAPLKQKIEEIAKQNLYNAQGATIERSVTDRFTCGKCKEKKVSYYQLQTRSADEPLTTFCTCEACGNRWKFS,P20434,MDQENERNISRLWRAFRTVKEMVKDRGYFITQEEVELPLEDFKAKYCDSMGRPQRKMMSFQANPTEESISKFPDMGSLWVEFCDEPSVGVKTMKTFVIHIQEKNFQTGIFVYQNNITPSAMKLVPSIPPATIETFNEAALVVNITHHELVPKHIRLSSDEKRELLKRYRLKESQLPRIQRADPVALYLGLKRGEVVKIIRKSETSGRYASYRICM,negatome,0,True
P07273,MDSKEVLVHVKNLEKNKSNDAAVLEILHVLDKEFVPTEKLLRETKVGVEVNKFKKSTNVEISKLVKKMISSWKDAINKNKRSRQAQQHHQDHAPGNAEDKTTVGESVNGVQQPASSQSDAMKQDKYVSTKPRNSKNDGVDTAIYHHKLRDQVLKALYDVLAKESEHPPQSILHTAKAIESEMNKVNNCDTNEAAYKARYRIIYSNVISKNNPDLKHKIANGDITPEFLATCDAKDLAPAPLKQKIEEIAKQNLYNAQGATIERSVTDRFTCGKCKEKKVSYYQLQTRSADEPLTTFCTCEACGNRWKFS,P27999,MTTFRFCRDCNNMLYPREDKENNRLLFECRTCSYVEEAGSPLVYRHELITNIGETAGVVQDIGSDPTLPRSDRECPKCHSRENVFFQSQQRRKDTSMVLFFVCLSCSHIFTSDQKNKRTQFS,negatome,0,True
P07273,MDSKEVLVHVKNLEKNKSNDAAVLEILHVLDKEFVPTEKLLRETKVGVEVNKFKKSTNVEISKLVKKMISSWKDAINKNKRSRQAQQHHQDHAPGNAEDKTTVGESVNGVQQPASSQSDAMKQDKYVSTKPRNSKNDGVDTAIYHHKLRDQVLKALYDVLAKESEHPPQSILHTAKAIESEMNKVNNCDTNEAAYKARYRIIYSNVISKNNPDLKHKIANGDITPEFLATCDAKDLAPAPLKQKIEEIAKQNLYNAQGATIERSVTDRFTCGKCKEKKVSYYQLQTRSADEPLTTFCTCEACGNRWKFS,P38902,MNAPDRFELFLLGEGESKLKIDPDTKAPNAVVITFEKEDHTLGNLIRAELLNDRKVLFAAYKVEHPFFARFKLRIQTTEGYDPKDALKNACNSIINKLGALKTNFETEWNLQTLAADDAF,negatome,0,True
P08518,MSDLANSEKYYDEDPYGFEDESAPITAEDSWAVISAFFREKGLVSQQLDSFNQFVDYTLQDIICEDSTLILEQLAQHTTESDNISRKYEISFGKIYVTKPMVNESDGVTHALYPQEARLRNLTYSSGLFVDVKKRTYEAIDVPGRELKYELIAEESEDDSESGKVFIGRLPIMLRSKNCYLSEATESDLYKLKECPFDMGGYFIINGSEKVLIAQERSAGNIVQVFKKAAPSPISHVAEIRSALEKGSRFISTLQVKLYGREGSSARTIKATLPYIKQDIPIVIIFRALGIIPDGEILEHICYDVNDWQMLEMLKPCVEDGFVIQDRETALDFIGRRGTALGIKKEKRIQYAKDILQKEFLPHITQLEGFESRKAFFLGYMINRLLLCALDRKDQDDRDHFGKKRLDLAGPLLAQLFKTLFKKLTKDIFRYMQRTVEEAHDFNMKLAINAKTITSGLKYALATGNWGEQKKAMSSRAGVSQVLNRYTYSSTLSHLRRTNTPIGRDGKLAKPRQLHNTHWGLVCPAETPEGQACGLVKNLSLMSCISVGTDPMPIITFLSEWGMEPLEDYVPHQSPDATRVFVNGVWHGVHRNPARLMETLRTLRRKGDINPEVSMIRDIREKELKIFTDAGRVYRPLFIVEDDESLGHKELKVRKGHIAKLMATEYQDIEGGFEDVEEYTWSSLLNEGLVEYIDAEEEESILIAMQPEDLEPAEANEENDLDVDPAKRIRVSHHATTFTHCEIHPSMILGVAASIIPFPDHNQSPRNTYQSAMGKQAMGVFLTNYNVRMDTMANILYYPQKPLGTTRAMEYLKFRELPAGQNAIVAIACYSGYNQEDSMIMNQSSIDRGLFRSLFFRSYMDQEKKYGMSITETFEKPQRTNTLRMKHGTYDKLDDDGLIAPGVRVSGEDVIIGKTTPISPDEEELGQRTAYHSKRDASTPLRSTENGIVDQVLVTTNQDGLKFVKVRVRTTKIPQIGDKFASRHGQKGTIGITYRREDMPFTAEGIVPDLIINPHAIPSRMTVAHLIECLLSKVAALSGNEGDASPFTDITVEGISKLLREHGYQSRGFEVMYNGHTGKKLMAQIFFGPTYYQRLRHMVDDKIHARARGPMQVLTRQPVEGRSRDGGLRFGEMERDCMIAHGAASFLKERLMEASDAFRVHICGICGLMTVIAKLNHNQFECKGCDNKIDIYQIHIPYAAKLLFQELMAMNITPRLYTDRSRDF,P20436,MSNTLFDDIFQVSEVDPGRYNKVCRIEAASTTQDQCKLTLDINVELFPVAAQDSLTVTIASSLNLEDTPANDSSATRSWRPPQAGDRSLADDYDYVMYGTAYKFEEVSKDLIAVYYSFGGLLMRLEGNYRNLNNLKQENAYLLIRR,negatome,0,True
P13619,ASIKQIQDAIDMEKSQQALVQKRHYLFDVQRNNIAMALEVTYRERLHRVYREVKNRLDYHISVQNMMRQKEQEHMINWVEKRVVQSISAQQEKETIAKCIADLKLLSKKAQAQPVM,P19483,QKTGTAEVSSILEERILGADTSVDLEETGRVLSIGDGIARVHGLRNVQAEEMVEFSSGLKGMSLNLEPDNVGVVVFGNDKLIKEGDIVKRTGAIVDVPVGEELLGRVVDALGNAIDGKGPIGSKARRRVGLKAPGIIPRISVREPMQTGIKAVDSLVPIGRGQRELIIGDRQTGKTSIAIDTIINQKRFNDGTDEKKKLYCIYVAIGQKRSTVAQLVKRLTDADAMKYTIVVSATASDAAPLQYLAPYSGCSMGEYFRDNGKHALIIYDDLSKQAVAYRQMSLLLRRPPGREAYPGDVFYLHSRLLERAAKMNDAFGGGSLTALPVIETQAGDVSAYIPTNVISITDGQIFLETELFYKGIRPAINVGLSVSRVGSAAQTRAMKQVAGTMKLELAQYREVAAFAQFGSDLDAATQQLLSRGVRLTELLKQGQYSPMAIEEQVAVIYAGVRGYLDKLEPSKITKFENAFLSHVISQHQALLGKIRTDGKISEESDAKLKEIVTNFLAGFEA,negatome,0,True
P14784,ADPAVQGTSQFTCFYNSRAQISCVWSQDGALQDTSCQVHAWPDRRRWQQTCELLPVSQASWACNLILGAPDSQKLTTVDIVTLRVLCREGVRWRVMAIQDFKPFENLRLMAPISLQVVHVETHRCNISWEISQASHYFERHLEFEARTLSPGHTWEEAPLLTLKQKQEWICLETLTPDTQYEFQVRVKPLQGEFTTWSPWSQPLAFRTKPAALGKDT,Q13261,MGITCPPPMSVEHADIWVKSYSLYSRERYICNSGFKRKAGTSSLTECVLNKATNVAHWTTPSLKCIRDP,negatome,0,True
P16104,RIIPRHLQL,P61769,MIQRTPKIQVYSRHPAENGKSNFLNCYVSGFHPSDIEVDLLKNGERIEKVEHSDLSFSKDWSFYLLYYTEFTPTEKDEYACRVNHVTLSQPKIVKWDRDM,negatome,0,True
P16104,RIIPRHLQL,Q8N423,GTIPKPTLWAEPDSVITQGSPVTLSCQGSLEAQEYRLYREKKSASWITRIRPELVKNGQFRIPSITWEHTGRYGCQYYSRARWSELSDPLVLVMTGAYPKPTLSAQPSPVVTSGGRVTLQCESQVAFGGFILCKEGEDEHPQCLNSQPHARGSSRAIFSVGPVSPNRRWSHRCYGYDLNSPYVWSSPSDLLELLVP,negatome,0,True
P16370,MSEEGPQVKIREASKDNVDFILSNVDLAMANSLRRVMIAEIPTLAIDSVEVETNTTVLADEFIAHRLGLIPLQSMDIEQLEYSRDCFCEDHCDKCSVVLTLQAFGESESTTNVYSKDLVIVSNLMGRNIGHPIIQDKEGNGVLICKLRKGQELKLTCVAKKGIAKEHAKWGPAAAIEFEYDPWNKLKHTDYWYEQDSAKEWPQSKNCEYEDPPNEGDPFDYKAQADTFYMNVESVGSIPVDQVVVRGIDTLQKKVASILLALTQMDQDKVNFASGDNNTASNMLGSNEDVMMTGAEQDPYSNASQMGNTGSGGYDNAW,P20433,MNVSTSTFQTRRRRLKKVEEEENAATLQLGQEFQLKQINHQGEEEELIALNLSEARLVIKEALVERRRAFKRSQKKHKKKHLKHENANDETTAVEDEDDDLDEDDVNADDDDFMHSETREKELESIDVLLEQTTGGNNKDLKNTMQYLTNFSRFRDQETVGAVIQLLKSTGLHPFEVAQLGSLACDTADEAKTLIPSLNNKISDDELERILKELSNLETLY,negatome,0,True
P16370,MSEEGPQVKIREASKDNVDFILSNVDLAMANSLRRVMIAEIPTLAIDSVEVETNTTVLADEFIAHRLGLIPLQSMDIEQLEYSRDCFCEDHCDKCSVVLTLQAFGESESTTNVYSKDLVIVSNLMGRNIGHPIIQDKEGNGVLICKLRKGQELKLTCVAKKGIAKEHAKWGPAAAIEFEYDPWNKLKHTDYWYEQDSAKEWPQSKNCEYEDPPNEGDPFDYKAQADTFYMNVESVGSIPVDQVVVRGIDTLQKKVASILLALTQMDQDKVNFASGDNNTASNMLGSNEDVMMTGAEQDPYSNASQMGNTGSGGYDNAW,P20434,MDQENERNISRLWRAFRTVKEMVKDRGYFITQEEVELPLEDFKAKYCDSMGRPQRKMMSFQANPTEESISKFPDMGSLWVEFCDEPSVGVKTMKTFVIHIQEKNFQTGIFVYQNNITPSAMKLVPSIPPATIETFNEAALVVNITHHELVPKHIRLSSDEKRELLKRYRLKESQLPRIQRADPVALYLGLKRGEVVKIIRKSETSGRYASYRICM,negatome,0,True
P16370,MSEEGPQVKIREASKDNVDFILSNVDLAMANSLRRVMIAEIPTLAIDSVEVETNTTVLADEFIAHRLGLIPLQSMDIEQLEYSRDCFCEDHCDKCSVVLTLQAFGESESTTNVYSKDLVIVSNLMGRNIGHPIIQDKEGNGVLICKLRKGQELKLTCVAKKGIAKEHAKWGPAAAIEFEYDPWNKLKHTDYWYEQDSAKEWPQSKNCEYEDPPNEGDPFDYKAQADTFYMNVESVGSIPVDQVVVRGIDTLQKKVASILLALTQMDQDKVNFASGDNNTASNMLGSNEDVMMTGAEQDPYSNASQMGNTGSGGYDNAW,P20435,MSDYEEAFNDGNENFEDFDVEHFSDEETYEEKPQFKDGETTDANGKTIVTGGNGPEDFQQHEQIRRKTLKEKAIPKDQRATTPYMTKYERARILGTRALQISMNAPVFVDLEGETDPLRIAMKELAEKKIPLVIRRYLPDGSFEDWSVEELIVDL,negatome,0,True
P16370,MSEEGPQVKIREASKDNVDFILSNVDLAMANSLRRVMIAEIPTLAIDSVEVETNTTVLADEFIAHRLGLIPLQSMDIEQLEYSRDCFCEDHCDKCSVVLTLQAFGESESTTNVYSKDLVIVSNLMGRNIGHPIIQDKEGNGVLICKLRKGQELKLTCVAKKGIAKEHAKWGPAAAIEFEYDPWNKLKHTDYWYEQDSAKEWPQSKNCEYEDPPNEGDPFDYKAQADTFYMNVESVGSIPVDQVVVRGIDTLQKKVASILLALTQMDQDKVNFASGDNNTASNMLGSNEDVMMTGAEQDPYSNASQMGNTGSGGYDNAW,P27999,MTTFRFCRDCNNMLYPREDKENNRLLFECRTCSYVEEAGSPLVYRHELITNIGETAGVVQDIGSDPTLPRSDRECPKCHSRENVFFQSQQRRKDTSMVLFFVCLSCSHIFTSDQKNKRTQFS,negatome,0,True
P16370,MSEEGPQVKIREASKDNVDFILSNVDLAMANSLRRVMIAEIPTLAIDSVEVETNTTVLADEFIAHRLGLIPLQSMDIEQLEYSRDCFCEDHCDKCSVVLTLQAFGESESTTNVYSKDLVIVSNLMGRNIGHPIIQDKEGNGVLICKLRKGQELKLTCVAKKGIAKEHAKWGPAAAIEFEYDPWNKLKHTDYWYEQDSAKEWPQSKNCEYEDPPNEGDPFDYKAQADTFYMNVESVGSIPVDQVVVRGIDTLQKKVASILLALTQMDQDKVNFASGDNNTASNMLGSNEDVMMTGAEQDPYSNASQMGNTGSGGYDNAW,P29055,MMTRESIDKRAGRRGPNLNIVLTCPECKVYPPKIVERFSEGDVVCALCGLVLSDKLVDTRSEWRTFSNDDHNGDDPSRVGEASNPLLDGNNLSTRIGKGETTDMRFTKELNKAQGKNVMDKKDNEVQAAFAKITMLCDAAELPKIVKDCAKEAYKLCHDEKTLKGKSMESIMAASILIGCRRAEVARTFKEIQSLIHVKTKEFGKTLNIMKNILRGKSEDGFLKIDTDNMSGAQNLTYIPRFCSHLGLPMQVTTSAEYTAKKCKEIKEIAGKSPITIAVVSIYLNILLFQIPITAAKVGQTLQVTEGTIKSGYKILYEHRDKLVDPQLIANGVVSLDNLPGVEKK,negatome,0,True
P16370,MSEEGPQVKIREASKDNVDFILSNVDLAMANSLRRVMIAEIPTLAIDSVEVETNTTVLADEFIAHRLGLIPLQSMDIEQLEYSRDCFCEDHCDKCSVVLTLQAFGESESTTNVYSKDLVIVSNLMGRNIGHPIIQDKEGNGVLICKLRKGQELKLTCVAKKGIAKEHAKWGPAAAIEFEYDPWNKLKHTDYWYEQDSAKEWPQSKNCEYEDPPNEGDPFDYKAQADTFYMNVESVGSIPVDQVVVRGIDTLQKKVASILLALTQMDQDKVNFASGDNNTASNMLGSNEDVMMTGAEQDPYSNASQMGNTGSGGYDNAW,P34087,MFFIKDLSLNITLHPSFFGPRMKQYLKTKLLEEVEGSCTGKFGYILCVLDYDNIDIQRGRILPTDGSAEFNVKYRAVVFKPFKGEVVDGTVVSCSQHGFEVQVGPMKVFVTKHLMPQDLTFNAGSNPPSYQSSEDVITIKSRIRVKIEGCISQVSSIHAIGSIKEDYLGAI,negatome,0,True
P16410,KAMHVAQPAVVLASSRGIASFVCEYASPGKATEVRVTVLRQADSQVTEVCAATYMMGNELTFLDDSICTGTSSGNQVNLTIQGLRAMDTGLYICKVELMYPPPYYLGIGNGTQIYVIDPEPCPDSD,P42081,MLKIQAYFNETADLPCQFANSQNQSLSELVVFWQDQENLVLNEVYLGKEKFDSVHSKYMGRTSFDSDSWTLRLHNLQIKDKGLYQCIIHHKKPTGMIRIHQMNSELSVLA,negatome,0,True
P17181,ADLGSKNLKSPQKVEVDIIDDNFILRWNRSDESVGNVTFSFDYQKTGMDNWIKLSGCQNITSTKCNFSSLKLNVYEEIKLRIRAEKENTSSWYEVDSFTPFRKAQIGPPEVHLEAEDKAIVIHISPGTKDSVMWALDGLSFTYSLVIWKNSSGVEERIENIYSRHKIYKLSPETTYCLKVKAALLTSWKIGVYSPVHCIKTTVENELPPPENIEVSVQNQNYVLKWDYTYANMTFQVQWLHAFLKRNPGNHLYKWKQIPDCENVKTTQCVFPQNVFQKGIYLLRVQASDGNNTSFWSEEIKFDTEIQAFLLPPVFNIRSLSDSFHIYIGAPKQSGNTPVIQDYPLIYEIIFWENTSNAERKIIEKKTDVTVPNLKPLTVYCVKARAHTMDEKLNKSSVFSDAVCEKTKPGNTSK,P48551,YTDESCTFKISLRNFRSILSWELKNHSIVPTHYTLLYTIMSKPEDLKVVKNCANTTRSFCDLTDEWRSTHEAYVTVLEGFSGNTTLFSCSHNFWLAIDMSFEPPEFEIVGFTNHINVMVKFPSIVEEELQFDLSLVIEEQSEGIVKKHKPEIKGNMSGNFTYIIDKLIPNTNYCVSVYLEHSDEQAVIKSPLKCTLLPP,negatome,0,True
P17342,EREALPPQKIEVLVLLPQDDSYLFSLTRVRPAIEYALRSVEGNGTGRRLLPPGTRFQVAYEDSDCGNRALFSLVDRVAAARGAKPDLILGPVCEYAAAPVARLASHWDLPMLSAGALAAGFQHKDSEYSHLTRVAPAYAKMGEMMLALFRHHHWSRAALVYSDDKLERNCYFTLEGVHEVFQEEGLHTSIYSFDETKDLDLEDIVRNIQASERVVIMCASSDTIRSIMLVAHRHGMTSGDYAFFNIELFNSSSYGDGSWKRGDKHDFEAKQAYSSLQTVTLLRTVKPEFEKFSMEVKSSVEKQGLNMEDYVNMFVEGFHDAILLYVLALHEVLRAGYSKKDGGKIIQQTWNRTFEGIAGQVSIDANGDRYGDFSVIAMTDVEAGTQEVIGDYFGKEGRFEMRPNVKYPWGPLKLRIDENRIVEHTNSSPCKSCGLEESAVT,P23582,GLSKGCFGLKLDRIGSMSGLGC,negatome,0,True
O08675,FHTFFNEKTFGLGEADCGLRPLFEKKSLKDTTEKELLDSYIDGR,P19221,QNTFEEFPLSDIE,negatome,0,True
O88634,FHTFFNEKTFGLGEADCGLRPLFEKKSLKDTTEKELLDSYIDGR,P19221,KSSDKPNPRGYPGKFCANDSDTLELP,negatome,0,True
P19736,GSPGISGGGGILEMNLLETRRSLLEEMEIIENAIAERIQRNPELYYHYIQESSKVFPDTKLPRSSLIAENKIYKFKKVKRKRKQIILQQHEINIFLRDYQEKQQTFNKINRPEETQEDDKDLPNFERKLQQLEKELKNEDENFELDINSKKDKYALFSSSSDPSRRTNILSDRARDLDLNEIFTRDEQYGEYMELEQFHSLWLNVIKRGDCSLLQFLDILELFLDDEKYLLTPPMDRKNDRYMAFLLKLSKYVETFFFKSYALLDAAAVENLIKSDFEHSYCRGSLRSEAKGIYCPFCSRWFKTSSVFESHLVGKIHKKNESKRRNFVYSEYKLHRYLKYLNDEFSRTRSFVERKLAFTANERMAEMDILTQKYEAPAYDSTEKEGAEQVDGEQRDGQLQEE,Q07350,XXXXXXXXXXXXXXXXXXXXXXXXXXXXXXXXXXXXXXXXXXXXXXXXXXXXXXXXXXXXXXXXXXXXXXXXXXXXXXXXXXXXXXXXXXXXXXXXXXXXXXXXXXXXXXXXXGSVGMAIQVNYSSEVKENSVDSDDKAKVPPLIRIVSGLELSDTKQKGKKFLVIAYEPFENIAIELPPNEILFSENNDMDNNNDGVDELNKKCTFWDAISKLYYVQFFFKQAEQEQADV,negatome,0,True
P20226,SGIVPQLQNIVSTVNLGCKLDLKTIALRARNAEYNPKRFAAVIMRIREPRTTALIFSSGKMVCTGAKSEEQSRLAARKYARVVQKLGFPAKFLDFKIQNMVGSCDVKFPIRLEGLVLTHQQFSSYEPELFPGLIYRMIKPRIVLLIFVSGKVVLTGAKVRAEIYEAFENIYPILKGFRKTT,P52655,ANSANTNTVPKLYRSVIEDVINDVRDIFLDDGVDEQVLMELKTLWENKLMQSRAVDG,negatome,0,True
P20433,MNVSTSTFQTRRRRLKKVEEEENAATLQLGQEFQLKQINHQGEEEELIALNLSEARLVIKEALVERRRAFKRSQKKHKKKHLKHENANDETTAVEDEDDDLDEDDVNADDDDFMHSETREKELESIDVLLEQTTGGNNKDLKNTMQYLTNFSRFRDQETVGAVIQLLKSTGLHPFEVAQLGSLACDTADEAKTLIPSLNNKISDDELERILKELSNLETLY,P20434,MDQENERNISRLWRAFRTVKEMVKDRGYFITQEEVELPLEDFKAKYCDSMGRPQRKMMSFQANPTEESISKFPDMGSLWVEFCDEPSVGVKTMKTFVIHIQEKNFQTGIFVYQNNITPSAMKLVPSIPPATIETFNEAALVVNITHHELVPKHIRLSSDEKRELLKRYRLKESQLPRIQRADPVALYLGLKRGEVVKIIRKSETSGRYASYRICM,negatome,0,True
P20433,MNVSTSTFQTRRRRLKKVEEEENAATLQLGQEFQLKQINHQGEEEELIALNLSEARLVIKEALVERRRAFKRSQKKHKKKHLKHENANDETTAVEDEDDDLDEDDVNADDDDFMHSETREKELESIDVLLEQTTGGNNKDLKNTMQYLTNFSRFRDQETVGAVIQLLKSTGLHPFEVAQLGSLACDTADEAKTLIPSLNNKISDDELERILKELSNLETLY,P20436,MSNTLFDDIFQVSEVDPGRYNKVCRIEAASTTQDQCKLTLDINVELFPVAAQDSLTVTIASSLNLEDTPANDSSATRSWRPPQAGDRSLADDYDYVMYGTAYKFEEVSKDLIAVYYSFGGLLMRLEGNYRNLNNLKQENAYLLIRR,negatome,0,True
P20433,MNVSTSTFQTRRRRLKKVEEEENAATLQLGQEFQLKQINHQGEEEELIALNLSEARLVIKEALVERRRAFKRSQKKHKKKHLKHENANDETTAVEDEDDDLDEDDVNADDDDFMHSETREKELESIDVLLEQTTGGNNKDLKNTMQYLTNFSRFRDQETVGAVIQLLKSTGLHPFEVAQLGSLACDTADEAKTLIPSLNNKISDDELERILKELSNLETLY,P22139,MIVPVRCFSCGKVVGDKWESYLNLLQEDELDEGTALSRLGLKRYCCRRMILTHVDLIEKFLRYNPLEKRD,negatome,0,True
P20433,MNVSTSTFQTRRRRLKKVEEEENAATLQLGQEFQLKQINHQGEEEELIALNLSEARLVIKEALVERRRAFKRSQKKHKKKHLKHENANDETTAVEDEDDDLDEDDVNADDDDFMHSETREKELESIDVLLEQTTGGNNKDLKNTMQYLTNFSRFRDQETVGAVIQLLKSTGLHPFEVAQLGSLACDTADEAKTLIPSLNNKISDDELERILKELSNLETLY,P27999,MTTFRFCRDCNNMLYPREDKENNRLLFECRTCSYVEEAGSPLVYRHELITNIGETAGVVQDIGSDPTLPRSDRECPKCHSRENVFFQSQQRRKDTSMVLFFVCLSCSHIFTSDQKNKRTQFS,negatome,0,True
P20433,MNVSTSTFQTRRRRLKKVEEEENAATLQLGQEFQLKQINHQGEEEELIALNLSEARLVIKEALVERRRAFKRSQKKHKKKHLKHENANDETTAVEDEDDDLDEDDVNADDDDFMHSETREKELESIDVLLEQTTGGNNKDLKNTMQYLTNFSRFRDQETVGAVIQLLKSTGLHPFEVAQLGSLACDTADEAKTLIPSLNNKISDDELERILKELSNLETLY,P38902,MNAPDRFELFLLGEGESKLKIDPDTKAPNAVVITFEKEDHTLGNLIRAELLNDRKVLFAAYKVEHPFFARFKLRIQTTEGYDPKDALKNACNSIINKLGALKTNFETEWNLQTLAADDAF,negatome,0,True
P20434,MDQENERNISRLWRAFRTVKEMVKDRGYFITQEEVELPLEDFKAKYCDSMGRPQRKMMSFQANPTEESISKFPDMGSLWVEFCDEPSVGVKTMKTFVIHIQEKNFQTGIFVYQNNITPSAMKLVPSIPPATIETFNEAALVVNITHHELVPKHIRLSSDEKRELLKRYRLKESQLPRIQRADPVALYLGLKRGEVVKIIRKSETSGRYASYRICM,P20436,MSNTLFDDIFQVSEVDPGRYNKVCRIEAASTTQDQCKLTLDINVELFPVAAQDSLTVTIASSLNLEDTPANDSSATRSWRPPQAGDRSLADDYDYVMYGTAYKFEEVSKDLIAVYYSFGGLLMRLEGNYRNLNNLKQENAYLLIRR,negatome,0,True
P20434,MDQENERNISRLWRAFRTVKEMVKDRGYFITQEEVELPLEDFKAKYCDSMGRPQRKMMSFQANPTEESISKFPDMGSLWVEFCDEPSVGVKTMKTFVIHIQEKNFQTGIFVYQNNITPSAMKLVPSIPPATIETFNEAALVVNITHHELVPKHIRLSSDEKRELLKRYRLKESQLPRIQRADPVALYLGLKRGEVVKIIRKSETSGRYASYRICM,P22139,MIVPVRCFSCGKVVGDKWESYLNLLQEDELDEGTALSRLGLKRYCCRRMILTHVDLIEKFLRYNPLEKRD,negatome,0,True
P20434,MDQENERNISRLWRAFRTVKEMVKDRGYFITQEEVELPLEDFKAKYCDSMGRPQRKMMSFQANPTEESISKFPDMGSLWVEFCDEPSVGVKTMKTFVIHIQEKNFQTGIFVYQNNITPSAMKLVPSIPPATIETFNEAALVVNITHHELVPKHIRLSSDEKRELLKRYRLKESQLPRIQRADPVALYLGLKRGEVVKIIRKSETSGRYASYRICM,P27999,MTTFRFCRDCNNMLYPREDKENNRLLFECRTCSYVEEAGSPLVYRHELITNIGETAGVVQDIGSDPTLPRSDRECPKCHSRENVFFQSQQRRKDTSMVLFFVCLSCSHIFTSDQKNKRTQFS,negatome,0,True
P20434,MDQENERNISRLWRAFRTVKEMVKDRGYFITQEEVELPLEDFKAKYCDSMGRPQRKMMSFQANPTEESISKFPDMGSLWVEFCDEPSVGVKTMKTFVIHIQEKNFQTGIFVYQNNITPSAMKLVPSIPPATIETFNEAALVVNITHHELVPKHIRLSSDEKRELLKRYRLKESQLPRIQRADPVALYLGLKRGEVVKIIRKSETSGRYASYRICM,P34087,MFFIKDLSLNITLHPSFFGPRMKQYLKTKLLEEVEGSCTGKFGYILCVLDYDNIDIQRGRILPTDGSAEFNVKYRAVVFKPFKGEVVDGTVVSCSQHGFEVQVGPMKVFVTKHLMPQDLTFNAGSNPPSYQSSEDVITIKSRIRVKIEGCISQVSSIHAIGSIKEDYLGAI,negatome,0,True
P20434,MDQENERNISRLWRAFRTVKEMVKDRGYFITQEEVELPLEDFKAKYCDSMGRPQRKMMSFQANPTEESISKFPDMGSLWVEFCDEPSVGVKTMKTFVIHIQEKNFQTGIFVYQNNITPSAMKLVPSIPPATIETFNEAALVVNITHHELVPKHIRLSSDEKRELLKRYRLKESQLPRIQRADPVALYLGLKRGEVVKIIRKSETSGRYASYRICM,P38902,MNAPDRFELFLLGEGESKLKIDPDTKAPNAVVITFEKEDHTLGNLIRAELLNDRKVLFAAYKVEHPFFARFKLRIQTTEGYDPKDALKNACNSIINKLGALKTNFETEWNLQTLAADDAF,negatome,0,True
P20434,MDQENERNISRLWRAFRTVKEMVKDRGYFITQEEVELPLEDFKAKYCDSMGRPQRKMMSFQANPTEESISKFPDMGSLWVEFCDEPSVGVKTMKTFVIHIQEKNFQTGIFVYQNNITPSAMKLVPSIPPATIETFNEAALVVNITHHELVPKHIRLSSDEKRELLKRYRLKESQLPRIQRADPVALYLGLKRGEVVKIIRKSETSGRYASYRICM,P40422,MSREGFQIPTNLDAAAAGTSQARTATLKYICAECSSKLSLSRTDAVRCKDCGHRILLKARTKRLVQFEAR,negatome,0,True
P20434,MDQENERNISRLWRAFRTVKEMVKDRGYFITQEEVELPLEDFKAKYCDSMGRPQRKMMSFQANPTEESISKFPDMGSLWVEFCDEPSVGVKTMKTFVIHIQEKNFQTGIFVYQNNITPSAMKLVPSIPPATIETFNEAALVVNITHHELVPKHIRLSSDEKRELLKRYRLKESQLPRIQRADPVALYLGLKRGEVVKIIRKSETSGRYASYRICM,Q04307,MGSSHHHHHHSSGLVPRGSHMTTFRFCRDCNNMLYPREDKENNRLLFECRTCSYVEEAGSPLVYRHELITNIGETAGVVQDIGSDPTLPRSDRECPKCHSRENVFFQLQIRSADEPMTTFYKCVNCGHRWKEN,negatome,0,True
P20435,MSDYEEAFNDGNENFEDFDVEHFSDEETYEEKPQFKDGETTDANGKTIVTGGNGPEDFQQHEQIRRKTLKEKAIPKDQRATTPYMTKYERARILGTRALQISMNAPVFVDLEGETDPLRIAMKELAEKKIPLVIRRYLPDGSFEDWSVEELIVDL,P22139,MIVPVRCFSCGKVVGDKWESYLNLLQEDELDEGTALSRLGLKRYCCRRMILTHVDLIEKFLRYNPLEKRD,negatome,0,True
P20435,MSDYEEAFNDGNENFEDFDVEHFSDEETYEEKPQFKDGETTDANGKTIVTGGNGPEDFQQHEQIRRKTLKEKAIPKDQRATTPYMTKYERARILGTRALQISMNAPVFVDLEGETDPLRIAMKELAEKKIPLVIRRYLPDGSFEDWSVEELIVDL,P27999,MTTFRFCRDCNNMLYPREDKENNRLLFECRTCSYVEEAGSPLVYRHELITNIGETAGVVQDIGSDPTLPRSDRECPKCHSRENVFFQSQQRRKDTSMVLFFVCLSCSHIFTSDQKNKRTQFS,negatome,0,True
P20435,MSDYEEAFNDGNENFEDFDVEHFSDEETYEEKPQFKDGETTDANGKTIVTGGNGPEDFQQHEQIRRKTLKEKAIPKDQRATTPYMTKYERARILGTRALQISMNAPVFVDLEGETDPLRIAMKELAEKKIPLVIRRYLPDGSFEDWSVEELIVDL,P38902,MNAPDRFELFLLGEGESKLKIDPDTKAPNAVVITFEKEDHTLGNLIRAELLNDRKVLFAAYKVEHPFFARFKLRIQTTEGYDPKDALKNACNSIINKLGALKTNFETEWNLQTLAADDAF,negatome,0,True
P20436,MSNTLFDDIFQVSEVDPGRYNKVCRIEAASTTQDQCKLTLDINVELFPVAAQDSLTVTIASSLNLEDTPANDSSATRSWRPPQAGDRSLADDYDYVMYGTAYKFEEVSKDLIAVYYSFGGLLMRLEGNYRNLNNLKQENAYLLIRR,P22139,MIVPVRCFSCGKVVGDKWESYLNLLQEDELDEGTALSRLGLKRYCCRRMILTHVDLIEKFLRYNPLEKRD,negatome,0,True
P20436,MSNTLFDDIFQVSEVDPGRYNKVCRIEAASTTQDQCKLTLDINVELFPVAAQDSLTVTIASSLNLEDTPANDSSATRSWRPPQAGDRSLADDYDYVMYGTAYKFEEVSKDLIAVYYSFGGLLMRLEGNYRNLNNLKQENAYLLIRR,P27999,MTTFRFCRDCNNMLYPREDKENNRLLFECRTCSYVEEAGSPLVYRHELITNIGETAGVVQDIGSDPTLPRSDRECPKCHSRENVFFQSQQRRKDTSMVLFFVCLSCSHIFTSDQKNKRTQFS,negatome,0,True
P21242,TSIGTGYDLSNSVFSPDGRNFQVEYAVKAVENGTTSIGIKCNDGVVFAVEKLITSKLLVPQKNVKIQVVDRHIGCVYSGLIPDGRHLVNRGREEAASFKKLYKTPIPIPAFADRLGQYVQAHTLYNSVRPFGVSTIFGGVDKNGAHLYMLEPSGSYWGYKGAATGKGRQSAKAELEKLVDHHPEGLSAREAVKQAAKIIYLAHEDNKEKDFELEISWCSLSETNGLHKFVKGDLLQEAIDFAQKEINGDDDEDEDDSDNVMSSDDENAPVATNANATTDQEGDIHLE,P22141,MDIILGIRVQDSVILASSKAVTRGISVLKDSDDKTRQLSPHTLMSFAGEAGDTVQFAEYIQANIQLYSIREDYELSPQAVSSFVRQELAKSIRSRRPYQVNVLIGGYDKKKNKPELYQIDYLGTKVELPYGAHGYSGFYTFSLLDHHYRPDMTTEEGLDLLKLCVQELEKRMPMDFKGVIVKIVDKDGIRQVDDFQAQ,negatome,0,True
P21242,TSIGTGYDLSNSVFSPDGRNFQVEYAVKAVENGTTSIGIKCNDGVVFAVEKLITSKLLVPQKNVKIQVVDRHIGCVYSGLIPDGRHLVNRGREEAASFKKLYKTPIPIPAFADRLGQYVQAHTLYNSVRPFGVSTIFGGVDKNGAHLYMLEPSGSYWGYKGAATGKGRQSAKAELEKLVDHHPEGLSAREAVKQAAKIIYLAHEDNKEKDFELEISWCSLSETNGLHKFVKGDLLQEAIDFAQKEINGDDDEDEDDSDNVMSSDDENAPVATNANATTDQEGDIHLE,P23724,QFNPYGDNGGTILGIAGEDFAVLAGDTRNITDYSINSRYEPKVFDCGDNIVMSANGFAADGDALVKRFKNSVKWYHFDHNDKKLSINSAARNIQHLLYGKRFFPYYVHTIIAGLDEDGKGAVYSFDPVGSYEREQCRAGGAAASLIMPFLDNQVNFKNQYEPGTNGKVKKPLKYLSVEEVIKLVRDSFTSATERHIQVGDGLEILIVTKDGVRKEFYELKRD,negatome,0,True
P21242,TSIGTGYDLSNSVFSPDGRNFQVEYAVKAVENGTTSIGIKCNDGVVFAVEKLITSKLLVPQKNVKIQVVDRHIGCVYSGLIPDGRHLVNRGREEAASFKKLYKTPIPIPAFADRLGQYVQAHTLYNSVRPFGVSTIFGGVDKNGAHLYMLEPSGSYWGYKGAATGKGRQSAKAELEKLVDHHPEGLSAREAVKQAAKIIYLAHEDNKEKDFELEISWCSLSETNGLHKFVKGDLLQEAIDFAQKEINGDDDEDEDDSDNVMSSDDENAPVATNANATTDQEGDIHLE,P25043,TTIVGVKFNNGVVIAADTRSTQGPIVADKNCAKLHRISPKIWCAGAGTAADTEAVTQLIGSNIELHSLYTSREPRVVSALQMLKQHLFKYQGHIGAYLIVAGVDPTGSHLFSIHAHGSTDVGYYLSLGSGSLAAMAVLESHWKQDLTKEEAIKLASDAIQAGIWNDLGSGSNVDVCVMEIGKDAEYLRNYLTPNVREEKQKSYKFPRGTTAVLKESIVNICDIQEEQVDITA,negatome,0,True
P21242,TSIGTGYDLSNSVFSPDGRNFQVEYAVKAVENGTTSIGIKCNDGVVFAVEKLITSKLLVPQKNVKIQVVDRHIGCVYSGLIPDGRHLVNRGREEAASFKKLYKTPIPIPAFADRLGQYVQAHTLYNSVRPFGVSTIFGGVDKNGAHLYMLEPSGSYWGYKGAATGKGRQSAKAELEKLVDHHPEGLSAREAVKQAAKIIYLAHEDNKEKDFELEISWCSLSETNGLHKFVKGDLLQEAIDFAQKEINGDDDEDEDDSDNVMSSDDENAPVATNANATTDQEGDIHLE,P30656,TTTLAFRFQGGIIVAVDSRATAGNWVASQTVKRVIEINPFLLGTMAGGAADCQFWETWLGSQCRLHELREKERISVAAASKILSNLVYQYKGAGLSMGTMICGYTRKEGPTIYYVDSDGTRLKGDIFCVGSGQTFAYGVLDSNYKWDLSVEDALYLGKRSILAAAHRDAYSGGSVNLYHVTEDGWIYHGNHDVGELFWKVKEEEGSFNNVIG,negatome,0,True
P21242,TSIGTGYDLSNSVFSPDGRNFQVEYAVKAVENGTTSIGIKCNDGVVFAVEKLITSKLLVPQKNVKIQVVDRHIGCVYSGLIPDGRHLVNRGREEAASFKKLYKTPIPIPAFADRLGQYVQAHTLYNSVRPFGVSTIFGGVDKNGAHLYMLEPSGSYWGYKGAATGKGRQSAKAELEKLVDHHPEGLSAREAVKQAAKIIYLAHEDNKEKDFELEISWCSLSETNGLHKFVKGDLLQEAIDFAQKEINGDDDEDEDDSDNVMSSDDENAPVATNANATTDQEGDIHLE,P32379,MFLTRSEYDRGVSTFSPEGRLFQVEYSLEAIKLGSTAIGIATKEGVVLGVEKRATSPLLESDSIEKIVEIDRHIGCAMSGLTADARSMIEHARTAAVTHNLYYDEDINVESLTQSVCDLALRFGEGASGEERLMSRPFGVALLIAGHDADDGYQLFHAEPSGTFYRYNAKAIGSGSEGAQAELLNEWHSSLTLKEAELLVLKILKQVMEEKLDENNAQLSCITKQDGFKIYDNEKTAELIKELKEKEAAESPEEADVEMS,negatome,0,True
P21242,TSIGTGYDLSNSVFSPDGRNFQVEYAVKAVENGTTSIGIKCNDGVVFAVEKLITSKLLVPQKNVKIQVVDRHIGCVYSGLIPDGRHLVNRGREEAASFKKLYKTPIPIPAFADRLGQYVQAHTLYNSVRPFGVSTIFGGVDKNGAHLYMLEPSGSYWGYKGAATGKGRQSAKAELEKLVDHHPEGLSAREAVKQAAKIIYLAHEDNKEKDFELEISWCSLSETNGLHKFVKGDLLQEAIDFAQKEINGDDDEDEDDSDNVMSSDDENAPVATNANATTDQEGDIHLE,P40303,MSGYDRALSIFSPDGHIFQVEYALEAVKRGTCAVGVKGKNCVVLGCERRSTLKLQDTRITPSKVSKIDSHVVLSFSGLNADSRILIEKARVEAQSHRLTLEDPVTVEYLTRYVAGVQQRYTQSGGVRPFGVSTLIAGFDPRDDEPKLYQTEPSGIYSSWSAQTIGRNSKTVREFLEKNYDRKEPPATVEECVKLTVRSLLEVVQTGAKNIEITVVKPDSDIVALSSEEINQYVTQIEQEKQEQQEQDKKKKSNH,negatome,0,True
P21243,MSGAAAASAAGYDRHITIFSPEGRLYQVEYAFKATNQTNINSLAVRGKDCTVVISQKKVPDKLLDPTTVSYIFCISRTIGMVVNGPIPDARNAALRAKAEAAEFRYKYGYDMPCDVLAKRMANLSQIYTQRAYMRPLGVILTFVSVDEELGPSIYKTDPAGYYVGYKATATGPKQQEITTNLENHFKKSKIDHINEESWEKVVEFAITHMIDALGTEFSKNDLEVGVATKDKFFTLSAENIEERLVAIAEQD,P22141,MDIILGIRVQDSVILASSKAVTRGISVLKDSDDKTRQLSPHTLMSFAGEAGDTVQFAEYIQANIQLYSIREDYELSPQAVSSFVRQELAKSIRSRRPYQVNVLIGGYDKKKNKPELYQIDYLGTKVELPYGAHGYSGFYTFSLLDHHYRPDMTTEEGLDLLKLCVQELEKRMPMDFKGVIVKIVDKDGIRQVDDFQAQ,negatome,0,True
P21243,MSGAAAASAAGYDRHITIFSPEGRLYQVEYAFKATNQTNINSLAVRGKDCTVVISQKKVPDKLLDPTTVSYIFCISRTIGMVVNGPIPDARNAALRAKAEAAEFRYKYGYDMPCDVLAKRMANLSQIYTQRAYMRPLGVILTFVSVDEELGPSIYKTDPAGYYVGYKATATGPKQQEITTNLENHFKKSKIDHINEESWEKVVEFAITHMIDALGTEFSKNDLEVGVATKDKFFTLSAENIEERLVAIAEQD,P23724,QFNPYGDNGGTILGIAGEDFAVLAGDTRNITDYSINSRYEPKVFDCGDNIVMSANGFAADGDALVKRFKNSVKWYHFDHNDKKLSINSAARNIQHLLYGKRFFPYYVHTIIAGLDEDGKGAVYSFDPVGSYEREQCRAGGAAASLIMPFLDNQVNFKNQYEPGTNGKVKKPLKYLSVEEVIKLVRDSFTSATERHIQVGDGLEILIVTKDGVRKEFYELKRD,negatome,0,True
P21243,MSGAAAASAAGYDRHITIFSPEGRLYQVEYAFKATNQTNINSLAVRGKDCTVVISQKKVPDKLLDPTTVSYIFCISRTIGMVVNGPIPDARNAALRAKAEAAEFRYKYGYDMPCDVLAKRMANLSQIYTQRAYMRPLGVILTFVSVDEELGPSIYKTDPAGYYVGYKATATGPKQQEITTNLENHFKKSKIDHINEESWEKVVEFAITHMIDALGTEFSKNDLEVGVATKDKFFTLSAENIEERLVAIAEQD,P25451,MSDPSSINGGIVVAMTGKDCVAIACDLRLGSQSLGVSNKFEKIFHYGHVFLGITGLATDVTTLNEMFRYKTNLYKLKEERAIEPETFTQLVSSSLYERRFGPYFVGPVVAGINSKSGKPFIAGFDLIGCIDEAKDFIVSGTASDQLFGMCESLYEPNLEPEDLFETISQALLNAADRDALSGWGAVVYIIKKDEVVKRYLKMRQD,negatome,0,True
P21243,MSGAAAASAAGYDRHITIFSPEGRLYQVEYAFKATNQTNINSLAVRGKDCTVVISQKKVPDKLLDPTTVSYIFCISRTIGMVVNGPIPDARNAALRAKAEAAEFRYKYGYDMPCDVLAKRMANLSQIYTQRAYMRPLGVILTFVSVDEELGPSIYKTDPAGYYVGYKATATGPKQQEITTNLENHFKKSKIDHINEESWEKVVEFAITHMIDALGTEFSKNDLEVGVATKDKFFTLSAENIEERLVAIAEQD,P30656,TTTLAFRFQGGIIVAVDSRATAGNWVASQTVKRVIEINPFLLGTMAGGAADCQFWETWLGSQCRLHELREKERISVAAASKILSNLVYQYKGAGLSMGTMICGYTRKEGPTIYYVDSDGTRLKGDIFCVGSGQTFAYGVLDSNYKWDLSVEDALYLGKRSILAAAHRDAYSGGSVNLYHVTEDGWIYHGNHDVGELFWKVKEEEGSFNNVIG,negatome,0,True
P21243,MSGAAAASAAGYDRHITIFSPEGRLYQVEYAFKATNQTNINSLAVRGKDCTVVISQKKVPDKLLDPTTVSYIFCISRTIGMVVNGPIPDARNAALRAKAEAAEFRYKYGYDMPCDVLAKRMANLSQIYTQRAYMRPLGVILTFVSVDEELGPSIYKTDPAGYYVGYKATATGPKQQEITTNLENHFKKSKIDHINEESWEKVVEFAITHMIDALGTEFSKNDLEVGVATKDKFFTLSAENIEERLVAIAEQD,P32379,MFLTRSEYDRGVSTFSPEGRLFQVEYSLEAIKLGSTAIGIATKEGVVLGVEKRATSPLLESDSIEKIVEIDRHIGCAMSGLTADARSMIEHARTAAVTHNLYYDEDINVESLTQSVCDLALRFGEGASGEERLMSRPFGVALLIAGHDADDGYQLFHAEPSGTFYRYNAKAIGSGSEGAQAELLNEWHSSLTLKEAELLVLKILKQVMEEKLDENNAQLSCITKQDGFKIYDNEKTAELIKELKEKEAAESPEEADVEMS,negatome,0,True
P21243,MSGAAAASAAGYDRHITIFSPEGRLYQVEYAFKATNQTNINSLAVRGKDCTVVISQKKVPDKLLDPTTVSYIFCISRTIGMVVNGPIPDARNAALRAKAEAAEFRYKYGYDMPCDVLAKRMANLSQIYTQRAYMRPLGVILTFVSVDEELGPSIYKTDPAGYYVGYKATATGPKQQEITTNLENHFKKSKIDHINEESWEKVVEFAITHMIDALGTEFSKNDLEVGVATKDKFFTLSAENIEERLVAIAEQD,P40303,MSGYDRALSIFSPDGHIFQVEYALEAVKRGTCAVGVKGKNCVVLGCERRSTLKLQDTRITPSKVSKIDSHVVLSFSGLNADSRILIEKARVEAQSHRLTLEDPVTVEYLTRYVAGVQQRYTQSGGVRPFGVSTLIAGFDPRDDEPKLYQTEPSGIYSSWSAQTIGRNSKTVREFLEKNYDRKEPPATVEECVKLTVRSLLEVVQTGAKNIEITVVKPDSDIVALSSEEINQYVTQIEQEKQEQQEQDKKKKSNH,negatome,0,True
P22139,MIVPVRCFSCGKVVGDKWESYLNLLQEDELDEGTALSRLGLKRYCCRRMILTHVDLIEKFLRYNPLEKRD,P27999,MTTFRFCRDCNNMLYPREDKENNRLLFECRTCSYVEEAGSPLVYRHELITNIGETAGVVQDIGSDPTLPRSDRECPKCHSRENVFFQSQQRRKDTSMVLFFVCLSCSHIFTSDQKNKRTQFS,negatome,0,True
P22139,MIVPVRCFSCGKVVGDKWESYLNLLQEDELDEGTALSRLGLKRYCCRRMILTHVDLIEKFLRYNPLEKRD,P34087,MFFIKDLSLNITLHPSFFGPRMKQYLKTKLLEEVEGSCTGKFGYILCVLDYDNIDIQRGRILPTDGSAEFNVKYRAVVFKPFKGEVVDGTVVSCSQHGFEVQVGPMKVFVTKHLMPQDLTFNAGSNPPSYQSSEDVITIKSRIRVKIEGCISQVSSIHAIGSIKEDYLGAI,negatome,0,True
P22139,MIVPVRCFSCGKVVGDKWESYLNLLQEDELDEGTALSRLGLKRYCCRRMILTHVDLIEKFLRYNPLEKRD,P38902,MNAPDRFELFLLGEGESKLKIDPDTKAPNAVVITFEKEDHTLGNLIRAELLNDRKVLFAAYKVEHPFFARFKLRIQTTEGYDPKDALKNACNSIINKLGALKTNFETEWNLQTLAADDAF,negatome,0,True
P22141,MDIILGIRVQDSVILASSKAVTRGISVLKDSDDKTRQLSPHTLMSFAGEAGDTVQFAEYIQANIQLYSIREDYELSPQAVSSFVRQELAKSIRSRRPYQVNVLIGGYDKKKNKPELYQIDYLGTKVELPYGAHGYSGFYTFSLLDHHYRPDMTTEEGLDLLKLCVQELEKRMPMDFKGVIVKIVDKDGIRQVDDFQAQ,P23639,MTDRYSFSLTTFSPSGKLGQIDYALTAVKQGVTSLGIKATNGVVIATEKKSSSPLAMSETLSKVSLLTPDIGAVYSGMGPDYRVLVDKSRKVAHTSYKRIYGEYPPTKLLVSEVAKIMQEATQSGGVRPFGVSLLIAGHDEFNGFSLYQVDPSGSYFPWKATAIGKGSVAAKTFLEKRWNDELELEDAIHIALLTLKESVEGEFNGDTIELAIIGDENPDLLGYTGIPTDKGPRFRKLTSQEINDRLEAL,negatome,0,True
P22141,MDIILGIRVQDSVILASSKAVTRGISVLKDSDDKTRQLSPHTLMSFAGEAGDTVQFAEYIQANIQLYSIREDYELSPQAVSSFVRQELAKSIRSRRPYQVNVLIGGYDKKKNKPELYQIDYLGTKVELPYGAHGYSGFYTFSLLDHHYRPDMTTEEGLDLLKLCVQELEKRMPMDFKGVIVKIVDKDGIRQVDDFQAQ,P23724,QFNPYGDNGGTILGIAGEDFAVLAGDTRNITDYSINSRYEPKVFDCGDNIVMSANGFAADGDALVKRFKNSVKWYHFDHNDKKLSINSAARNIQHLLYGKRFFPYYVHTIIAGLDEDGKGAVYSFDPVGSYEREQCRAGGAAASLIMPFLDNQVNFKNQYEPGTNGKVKKPLKYLSVEEVIKLVRDSFTSATERHIQVGDGLEILIVTKDGVRKEFYELKRD,negatome,0,True
P22141,MDIILGIRVQDSVILASSKAVTRGISVLKDSDDKTRQLSPHTLMSFAGEAGDTVQFAEYIQANIQLYSIREDYELSPQAVSSFVRQELAKSIRSRRPYQVNVLIGGYDKKKNKPELYQIDYLGTKVELPYGAHGYSGFYTFSLLDHHYRPDMTTEEGLDLLKLCVQELEKRMPMDFKGVIVKIVDKDGIRQVDDFQAQ,P25043,TTIVGVKFNNGVVIAADTRSTQGPIVADKNCAKLHRISPKIWCAGAGTAADTEAVTQLIGSNIELHSLYTSREPRVVSALQMLKQHLFKYQGHIGAYLIVAGVDPTGSHLFSIHAHGSTDVGYYLSLGSGSLAAMAVLESHWKQDLTKEEAIKLASDAIQAGIWNDLGSGSNVDVCVMEIGKDAEYLRNYLTPNVREEKQKSYKFPRGTTAVLKESIVNICDIQEEQVDITA,negatome,0,True
P22141,MDIILGIRVQDSVILASSKAVTRGISVLKDSDDKTRQLSPHTLMSFAGEAGDTVQFAEYIQANIQLYSIREDYELSPQAVSSFVRQELAKSIRSRRPYQVNVLIGGYDKKKNKPELYQIDYLGTKVELPYGAHGYSGFYTFSLLDHHYRPDMTTEEGLDLLKLCVQELEKRMPMDFKGVIVKIVDKDGIRQVDDFQAQ,P30657,TQQPIVTGTSVISMKYDNGVIIAADNLGSYGSLLRFNGVERLIPVGDNTVVGISGDISDMQHIERLLKDLVTENAYDNPLADAEEALEPSYIFEYLATVMYQRRSKMNPLWNAIIVAGVQSNGDQFLRYVNLLGVTYSSPTLATGFGAHMANPLLRKVVDRESDIPKTTVQVAEEAIVNAMRVLYYRDARSSRNFSLAIIDKNTGLTFKKNLQVENMKWDFAKDIKGYGTQKI,negatome,0,True
P22141,MDIILGIRVQDSVILASSKAVTRGISVLKDSDDKTRQLSPHTLMSFAGEAGDTVQFAEYIQANIQLYSIREDYELSPQAVSSFVRQELAKSIRSRRPYQVNVLIGGYDKKKNKPELYQIDYLGTKVELPYGAHGYSGFYTFSLLDHHYRPDMTTEEGLDLLKLCVQELEKRMPMDFKGVIVKIVDKDGIRQVDDFQAQ,P32379,MFLTRSEYDRGVSTFSPEGRLFQVEYSLEAIKLGSTAIGIATKEGVVLGVEKRATSPLLESDSIEKIVEIDRHIGCAMSGLTADARSMIEHARTAAVTHNLYYDEDINVESLTQSVCDLALRFGEGASGEERLMSRPFGVALLIAGHDADDGYQLFHAEPSGTFYRYNAKAIGSGSEGAQAELLNEWHSSLTLKEAELLVLKILKQVMEEKLDENNAQLSCITKQDGFKIYDNEKTAELIKELKEKEAAESPEEADVEMS,negatome,0,True
P22141,MDIILGIRVQDSVILASSKAVTRGISVLKDSDDKTRQLSPHTLMSFAGEAGDTVQFAEYIQANIQLYSIREDYELSPQAVSSFVRQELAKSIRSRRPYQVNVLIGGYDKKKNKPELYQIDYLGTKVELPYGAHGYSGFYTFSLLDHHYRPDMTTEEGLDLLKLCVQELEKRMPMDFKGVIVKIVDKDGIRQVDDFQAQ,P36040,GPMSCLVLPLVSVGNIPQLSIDWLLNSQANEWEYLEALDSKYLVEFVGPLDRPEDGSDSLYKDADMKYSSALEVFYNKKRGLFAIQQRTPLVSVNYLNNFIVEIILPFLSKYNISEICIWDSLYAMEDENGVIVRPQEVYSLGEFYFDDEAELLSNLHLNDQESMVNNWLHFTPTSFQDKISVDQPIFKILFQILNASQRPKALRSIKYCSCLANEGDNSLDSQQFLQWIISQKVIKNAPPIVKFVRPISWQGAYGMADARDKFVDLYN,negatome,0,True
P22141,MDIILGIRVQDSVILASSKAVTRGISVLKDSDDKTRQLSPHTLMSFAGEAGDTVQFAEYIQANIQLYSIREDYELSPQAVSSFVRQELAKSIRSRRPYQVNVLIGGYDKKKNKPELYQIDYLGTKVELPYGAHGYSGFYTFSLLDHHYRPDMTTEEGLDLLKLCVQELEKRMPMDFKGVIVKIVDKDGIRQVDDFQAQ,P38624,TSIMAVTFKDGVILGADSRTTTGAYIANRVTDKLTRVHDKIWCCRSGSAADTQAIADIVQYHLELYTSQYGTPSTETAASVFKELCYENKDNLTAGIIVAGYDDKNKGEVYTIPLGGSVHKLPYAIAGSGSTFIYGYCDKNFRENMSKEETVDFIKHSLSQAIKWDGSSGGVIRMVVLTAAGVERLIFYPDEYEQL,negatome,0,True
P22141,MDIILGIRVQDSVILASSKAVTRGISVLKDSDDKTRQLSPHTLMSFAGEAGDTVQFAEYIQANIQLYSIREDYELSPQAVSSFVRQELAKSIRSRRPYQVNVLIGGYDKKKNKPELYQIDYLGTKVELPYGAHGYSGFYTFSLLDHHYRPDMTTEEGLDLLKLCVQELEKRMPMDFKGVIVKIVDKDGIRQVDDFQAQ,P40302,MFRNNYDGDTVTFSPTGRLFQVEYALEAIKQGSVTVGLRSNTHAVLVALKRNADELSSYQKKIIKCDEHMGLSLAGLAPDARVLSNYLRQQCNYSSLVFNRKLAVERAGHLLCDKAQKNTQSYGGRPYGVGLLIIGYDKSGAHLLEFQPSGNVTELYGTAIGARSQGAKTYLERTLDTFIKIDGNPDELIKAGVEAISQSLRDESLTVDNLSIAIVGKDTPFTIYDGEAVAKYI,negatome,0,True
P23638,MGSRRYDSRTTIFSPEGRLYQVEYALESISHAGTAIGIMASDGIVLAAERKVTSTLLEQDTSTEKLYKLNDKIAVAVAGLTADAEILINTARIHAQNYLKTYNEDIPVEILVRRLSDIKQGYTQHGGLRPFGVSFIYAGYDDRYGYQLYTSNPSGNYTGWKAISVGANTSAAQTLLQMDYKDDMKVDDAIELALKTLSKTTDSSALTYDRLEFATIRKGANDGEVYQKIFKPQEIKDILVKTGIT,P23724,QFNPYGDNGGTILGIAGEDFAVLAGDTRNITDYSINSRYEPKVFDCGDNIVMSANGFAADGDALVKRFKNSVKWYHFDHNDKKLSINSAARNIQHLLYGKRFFPYYVHTIIAGLDEDGKGAVYSFDPVGSYEREQCRAGGAAASLIMPFLDNQVNFKNQYEPGTNGKVKKPLKYLSVEEVIKLVRDSFTSATERHIQVGDGLEILIVTKDGVRKEFYELKRD,negatome,0,True
P23638,MGSRRYDSRTTIFSPEGRLYQVEYALESISHAGTAIGIMASDGIVLAAERKVTSTLLEQDTSTEKLYKLNDKIAVAVAGLTADAEILINTARIHAQNYLKTYNEDIPVEILVRRLSDIKQGYTQHGGLRPFGVSFIYAGYDDRYGYQLYTSNPSGNYTGWKAISVGANTSAAQTLLQMDYKDDMKVDDAIELALKTLSKTTDSSALTYDRLEFATIRKGANDGEVYQKIFKPQEIKDILVKTGIT,P30656,TTTLAFRFQGGIIVAVDSRATAGNWVASQTVKRVIEINPFLLGTMAGGAADCQFWETWLGSQCRLHELREKERISVAAASKILSNLVYQYKGAGLSMGTMICGYTRKEGPTIYYVDSDGTRLKGDIFCVGSGQTFAYGVLDSNYKWDLSVEDALYLGKRSILAAAHRDAYSGGSVNLYHVTEDGWIYHGNHDVGELFWKVKEEEGSFNNVIG,negatome,0,True
P23638,MGSRRYDSRTTIFSPEGRLYQVEYALESISHAGTAIGIMASDGIVLAAERKVTSTLLEQDTSTEKLYKLNDKIAVAVAGLTADAEILINTARIHAQNYLKTYNEDIPVEILVRRLSDIKQGYTQHGGLRPFGVSFIYAGYDDRYGYQLYTSNPSGNYTGWKAISVGANTSAAQTLLQMDYKDDMKVDDAIELALKTLSKTTDSSALTYDRLEFATIRKGANDGEVYQKIFKPQEIKDILVKTGIT,P30657,TQQPIVTGTSVISMKYDNGVIIAADNLGSYGSLLRFNGVERLIPVGDNTVVGISGDISDMQHIERLLKDLVTENAYDNPLADAEEALEPSYIFEYLATVMYQRRSKMNPLWNAIIVAGVQSNGDQFLRYVNLLGVTYSSPTLATGFGAHMANPLLRKVVDRESDIPKTTVQVAEEAIVNAMRVLYYRDARSSRNFSLAIIDKNTGLTFKKNLQVENMKWDFAKDIKGYGTQKI,negatome,0,True
P23638,MGSRRYDSRTTIFSPEGRLYQVEYALESISHAGTAIGIMASDGIVLAAERKVTSTLLEQDTSTEKLYKLNDKIAVAVAGLTADAEILINTARIHAQNYLKTYNEDIPVEILVRRLSDIKQGYTQHGGLRPFGVSFIYAGYDDRYGYQLYTSNPSGNYTGWKAISVGANTSAAQTLLQMDYKDDMKVDDAIELALKTLSKTTDSSALTYDRLEFATIRKGANDGEVYQKIFKPQEIKDILVKTGIT,P38624,TSIMAVTFKDGVILGADSRTTTGAYIANRVTDKLTRVHDKIWCCRSGSAADTQAIADIVQYHLELYTSQYGTPSTETAASVFKELCYENKDNLTAGIIVAGYDDKNKGEVYTIPLGGSVHKLPYAIAGSGSTFIYGYCDKNFRENMSKEETVDFIKHSLSQAIKWDGSSGGVIRMVVLTAAGVERLIFYPDEYEQL,negatome,0,True
P23639,MTDRYSFSLTTFSPSGKLGQIDYALTAVKQGVTSLGIKATNGVVIATEKKSSSPLAMSETLSKVSLLTPDIGAVYSGMGPDYRVLVDKSRKVAHTSYKRIYGEYPPTKLLVSEVAKIMQEATQSGGVRPFGVSLLIAGHDEFNGFSLYQVDPSGSYFPWKATAIGKGSVAAKTFLEKRWNDELELEDAIHIALLTLKESVEGEFNGDTIELAIIGDENPDLLGYTGIPTDKGPRFRKLTSQEINDRLEAL,P23724,QFNPYGDNGGTILGIAGEDFAVLAGDTRNITDYSINSRYEPKVFDCGDNIVMSANGFAADGDALVKRFKNSVKWYHFDHNDKKLSINSAARNIQHLLYGKRFFPYYVHTIIAGLDEDGKGAVYSFDPVGSYEREQCRAGGAAASLIMPFLDNQVNFKNQYEPGTNGKVKKPLKYLSVEEVIKLVRDSFTSATERHIQVGDGLEILIVTKDGVRKEFYELKRD,negatome,0,True
P23639,MTDRYSFSLTTFSPSGKLGQIDYALTAVKQGVTSLGIKATNGVVIATEKKSSSPLAMSETLSKVSLLTPDIGAVYSGMGPDYRVLVDKSRKVAHTSYKRIYGEYPPTKLLVSEVAKIMQEATQSGGVRPFGVSLLIAGHDEFNGFSLYQVDPSGSYFPWKATAIGKGSVAAKTFLEKRWNDELELEDAIHIALLTLKESVEGEFNGDTIELAIIGDENPDLLGYTGIPTDKGPRFRKLTSQEINDRLEAL,P30656,TTTLAFRFQGGIIVAVDSRATAGNWVASQTVKRVIEINPFLLGTMAGGAADCQFWETWLGSQCRLHELREKERISVAAASKILSNLVYQYKGAGLSMGTMICGYTRKEGPTIYYVDSDGTRLKGDIFCVGSGQTFAYGVLDSNYKWDLSVEDALYLGKRSILAAAHRDAYSGGSVNLYHVTEDGWIYHGNHDVGELFWKVKEEEGSFNNVIG,negatome,0,True
P23639,MTDRYSFSLTTFSPSGKLGQIDYALTAVKQGVTSLGIKATNGVVIATEKKSSSPLAMSETLSKVSLLTPDIGAVYSGMGPDYRVLVDKSRKVAHTSYKRIYGEYPPTKLLVSEVAKIMQEATQSGGVRPFGVSLLIAGHDEFNGFSLYQVDPSGSYFPWKATAIGKGSVAAKTFLEKRWNDELELEDAIHIALLTLKESVEGEFNGDTIELAIIGDENPDLLGYTGIPTDKGPRFRKLTSQEINDRLEAL,P30657,TQQPIVTGTSVISMKYDNGVIIAADNLGSYGSLLRFNGVERLIPVGDNTVVGISGDISDMQHIERLLKDLVTENAYDNPLADAEEALEPSYIFEYLATVMYQRRSKMNPLWNAIIVAGVQSNGDQFLRYVNLLGVTYSSPTLATGFGAHMANPLLRKVVDRESDIPKTTVQVAEEAIVNAMRVLYYRDARSSRNFSLAIIDKNTGLTFKKNLQVENMKWDFAKDIKGYGTQKI,negatome,0,True
P23639,MTDRYSFSLTTFSPSGKLGQIDYALTAVKQGVTSLGIKATNGVVIATEKKSSSPLAMSETLSKVSLLTPDIGAVYSGMGPDYRVLVDKSRKVAHTSYKRIYGEYPPTKLLVSEVAKIMQEATQSGGVRPFGVSLLIAGHDEFNGFSLYQVDPSGSYFPWKATAIGKGSVAAKTFLEKRWNDELELEDAIHIALLTLKESVEGEFNGDTIELAIIGDENPDLLGYTGIPTDKGPRFRKLTSQEINDRLEAL,P32379,MFLTRSEYDRGVSTFSPEGRLFQVEYSLEAIKLGSTAIGIATKEGVVLGVEKRATSPLLESDSIEKIVEIDRHIGCAMSGLTADARSMIEHARTAAVTHNLYYDEDINVESLTQSVCDLALRFGEGASGEERLMSRPFGVALLIAGHDADDGYQLFHAEPSGTFYRYNAKAIGSGSEGAQAELLNEWHSSLTLKEAELLVLKILKQVMEEKLDENNAQLSCITKQDGFKIYDNEKTAELIKELKEKEAAESPEEADVEMS,negatome,0,True
P23639,MTDRYSFSLTTFSPSGKLGQIDYALTAVKQGVTSLGIKATNGVVIATEKKSSSPLAMSETLSKVSLLTPDIGAVYSGMGPDYRVLVDKSRKVAHTSYKRIYGEYPPTKLLVSEVAKIMQEATQSGGVRPFGVSLLIAGHDEFNGFSLYQVDPSGSYFPWKATAIGKGSVAAKTFLEKRWNDELELEDAIHIALLTLKESVEGEFNGDTIELAIIGDENPDLLGYTGIPTDKGPRFRKLTSQEINDRLEAL,P38624,TSIMAVTFKDGVILGADSRTTTGAYIANRVTDKLTRVHDKIWCCRSGSAADTQAIADIVQYHLELYTSQYGTPSTETAASVFKELCYENKDNLTAGIIVAGYDDKNKGEVYTIPLGGSVHKLPYAIAGSGSTFIYGYCDKNFRENMSKEETVDFIKHSLSQAIKWDGSSGGVIRMVVLTAAGVERLIFYPDEYEQL,negatome,0,True
P23639,MTDRYSFSLTTFSPSGKLGQIDYALTAVKQGVTSLGIKATNGVVIATEKKSSSPLAMSETLSKVSLLTPDIGAVYSGMGPDYRVLVDKSRKVAHTSYKRIYGEYPPTKLLVSEVAKIMQEATQSGGVRPFGVSLLIAGHDEFNGFSLYQVDPSGSYFPWKATAIGKGSVAAKTFLEKRWNDELELEDAIHIALLTLKESVEGEFNGDTIELAIIGDENPDLLGYTGIPTDKGPRFRKLTSQEINDRLEAL,Q05778,MLFKQWNDLPEPKHLLDLPEISKNLQSLEVCPVPKVEFPQDLDVPQYSTAVITTKIMNPLFPKNLLQLTSIGEIKTTLTVKSPSLPQSSGKHSWNYDENFPNEVDPDQKNDTADETVYGFSFPIYSFGKTLLFSMEENFISISPIFGNMISRSIISQLAQFSPDIIVIGTSDKIASMKVMTENECTLQPPEFITGFIGSVLTQLIVGPSKGLKFKCLVAPSEGPNGFEKLSLSDMGSLVDLCGQWLGFEPSRYSEECYRLWRCDSAAIGAQSGLYI,negatome,0,True
P23724,QFNPYGDNGGTILGIAGEDFAVLAGDTRNITDYSINSRYEPKVFDCGDNIVMSANGFAADGDALVKRFKNSVKWYHFDHNDKKLSINSAARNIQHLLYGKRFFPYYVHTIIAGLDEDGKGAVYSFDPVGSYEREQCRAGGAAASLIMPFLDNQVNFKNQYEPGTNGKVKKPLKYLSVEEVIKLVRDSFTSATERHIQVGDGLEILIVTKDGVRKEFYELKRD,P38624,TSIMAVTFKDGVILGADSRTTTGAYIANRVTDKLTRVHDKIWCCRSGSAADTQAIADIVQYHLELYTSQYGTPSTETAASVFKELCYENKDNLTAGIIVAGYDDKNKGEVYTIPLGGSVHKLPYAIAGSGSTFIYGYCDKNFRENMSKEETVDFIKHSLSQAIKWDGSSGGVIRMVVLTAAGVERLIFYPDEYEQL,negatome,0,True
P23724,QFNPYGDNGGTILGIAGEDFAVLAGDTRNITDYSINSRYEPKVFDCGDNIVMSANGFAADGDALVKRFKNSVKWYHFDHNDKKLSINSAARNIQHLLYGKRFFPYYVHTIIAGLDEDGKGAVYSFDPVGSYEREQCRAGGAAASLIMPFLDNQVNFKNQYEPGTNGKVKKPLKYLSVEEVIKLVRDSFTSATERHIQVGDGLEILIVTKDGVRKEFYELKRD,P40303,MSGYDRALSIFSPDGHIFQVEYALEAVKRGTCAVGVKGKNCVVLGCERRSTLKLQDTRITPSKVSKIDSHVVLSFSGLNADSRILIEKARVEAQSHRLTLEDPVTVEYLTRYVAGVQQRYTQSGGVRPFGVSTLIAGFDPRDDEPKLYQTEPSGIYSSWSAQTIGRNSKTVREFLEKNYDRKEPPATVEECVKLTVRSLLEVVQTGAKNIEITVVKPDSDIVALSSEEINQYVTQIEQEKQEQQEQDKKKKSNH,negatome,0,True
P24588,EPIAIIITDTE,P63098,DADEIKRLGKRFKKLDLDNSGSLSVEEFMSLPELQQNPLVQRVIDIFDTDGNGEVDFKEFIEGVSQFSVKGDKEQKLRFAFRIYDMDKDGYISNGELFQVLKMMVGNNLKDTQLQQIVDKTIINADKDGDGRISFEEFCAVVGGLDIHKKMVVDV,negatome,0,True
P24588,EPIAIIITDTE,Q08209,TDRVVKAVPFPPSHRLTAKEVFDNDGKPRVDILKAHLMKEGRLEESVALRIITEGASILRQEKNLLDIDAPVTVCGDIHGQFFDLMKLFEVGGSPANTRYLFLGDYVDRGYFSIECVLYLWALKILYPKTLFLLRGNHECRHLTEYFTFKQECKIKYSERVYDACMDAFDCLPLAALMNQQFLCVHGGLSPEINTLDDIRKLDRFKEPPAYGPMCDILWSDPLEDFGNEKTQEHFTHNTVRGCSYFYSYPAVCEFLQHNNLLSILRAHEAQDAGYRMYRKSQTTGFPSLITIFSAPNYLDVYNNKAAVLKYENNVMNIRQFNCSPHPYWLPNFMDVFTWSLPFVGEKVTEMLVNVLN,negatome,0,True
P24941,GPLGSMENFQKVEKIGEGTYGVVYKARNKLTGEVVALKKIRLDTETEGVPSTAIREISLLKELNHPNIVKLLDVIHTENKLYLVFEFLHQDLKKFMDASALTGIPLPLIKSYLFQLLQGLAFCHSHRVLHRDLKPQNLLINTEGAIKLADFGLARAFGVPVRTYTHEVVTLWYRAPEILLGCKYYSTAVDIWSLGCIFAEMVTRRALFPGDSEIDQLFRIFRTLGTPDEVVWPGVTSMPDYKPSFPKWARQDFSKVVPPLDEDGRSLLSQMLHYDPNKRISAKAALAHPFFQDVTKPVPHLRL,P28749,AGSAKRRLFGE,negatome,0,True
P24941,GPLGSMENFQKVEKIGEGTYGVVYKARNKLTGEVVALKKIRLDTETEGVPSTAIREISLLKELNHPNIVKLLDVIHTENKLYLVFEFLHQDLKKFMDASALTGIPLPLIKSYLFQLLQGLAFCHSHRVLHRDLKPQNLLINTEGAIKLADFGLARAFGVPVRTYTHEVVTLWYRAPEILLGCKYYSTAVDIWSLGCIFAEMVTRRALFPGDSEIDQLFRIFRTLGTPDEVVWPGVTSMPDYKPSFPKWARQDFSKVVPPLDEDGRSLLSQMLHYDPNKRISAKAALAHPFFQDVTKPVPHLRL,P46527,KPSACRNLFGP,negatome,0,True
P24941,GPLGSMENFQKVEKIGEGTYGVVYKARNKLTGEVVALKKIRLDTETEGVPSTAIREISLLKELNHPNIVKLLDVIHTENKLYLVFEFLHQDLKKFMDASALTGIPLPLIKSYLFQLLQGLAFCHSHRVLHRDLKPQNLLINTEGAIKLADFGLARAFGVPVRTYTHEVVTLWYRAPEILLGCKYYSTAVDIWSLGCIFAEMVTRRALFPGDSEIDQLFRIFRTLGTPDEVVWPGVTSMPDYKPSFPKWARQDFSKVVPPLDEDGRSLLSQMLHYDPNKRISAKAALAHPFFQDVTKPVPHLRL,Q01094,PVKRRLDLE,negatome,0,True
P25043,TTIVGVKFNNGVVIAADTRSTQGPIVADKNCAKLHRISPKIWCAGAGTAADTEAVTQLIGSNIELHSLYTSREPRVVSALQMLKQHLFKYQGHIGAYLIVAGVDPTGSHLFSIHAHGSTDVGYYLSLGSGSLAAMAVLESHWKQDLTKEEAIKLASDAIQAGIWNDLGSGSNVDVCVMEIGKDAEYLRNYLTPNVREEKQKSYKFPRGTTAVLKESIVNICDIQEEQVDITA,P32379,MFLTRSEYDRGVSTFSPEGRLFQVEYSLEAIKLGSTAIGIATKEGVVLGVEKRATSPLLESDSIEKIVEIDRHIGCAMSGLTADARSMIEHARTAAVTHNLYYDEDINVESLTQSVCDLALRFGEGASGEERLMSRPFGVALLIAGHDADDGYQLFHAEPSGTFYRYNAKAIGSGSEGAQAELLNEWHSSLTLKEAELLVLKILKQVMEEKLDENNAQLSCITKQDGFKIYDNEKTAELIKELKEKEAAESPEEADVEMS,negatome,0,True
P25043,TTIVGVKFNNGVVIAADTRSTQGPIVADKNCAKLHRISPKIWCAGAGTAADTEAVTQLIGSNIELHSLYTSREPRVVSALQMLKQHLFKYQGHIGAYLIVAGVDPTGSHLFSIHAHGSTDVGYYLSLGSGSLAAMAVLESHWKQDLTKEEAIKLASDAIQAGIWNDLGSGSNVDVCVMEIGKDAEYLRNYLTPNVREEKQKSYKFPRGTTAVLKESIVNICDIQEEQVDITA,P40302,MFRNNYDGDTVTFSPTGRLFQVEYALEAIKQGSVTVGLRSNTHAVLVALKRNADELSSYQKKIIKCDEHMGLSLAGLAPDARVLSNYLRQQCNYSSLVFNRKLAVERAGHLLCDKAQKNTQSYGGRPYGVGLLIIGYDKSGAHLLEFQPSGNVTELYGTAIGARSQGAKTYLERTLDTFIKIDGNPDELIKAGVEAISQSLRDESLTVDNLSIAIVGKDTPFTIYDGEAVAKYI,negatome,0,True
P25043,TTIVGVKFNNGVVIAADTRSTQGPIVADKNCAKLHRISPKIWCAGAGTAADTEAVTQLIGSNIELHSLYTSREPRVVSALQMLKQHLFKYQGHIGAYLIVAGVDPTGSHLFSIHAHGSTDVGYYLSLGSGSLAAMAVLESHWKQDLTKEEAIKLASDAIQAGIWNDLGSGSNVDVCVMEIGKDAEYLRNYLTPNVREEKQKSYKFPRGTTAVLKESIVNICDIQEEQVDITA,P40303,MSGYDRALSIFSPDGHIFQVEYALEAVKRGTCAVGVKGKNCVVLGCERRSTLKLQDTRITPSKVSKIDSHVVLSFSGLNADSRILIEKARVEAQSHRLTLEDPVTVEYLTRYVAGVQQRYTQSGGVRPFGVSTLIAGFDPRDDEPKLYQTEPSGIYSSWSAQTIGRNSKTVREFLEKNYDRKEPPATVEECVKLTVRSLLEVVQTGAKNIEITVVKPDSDIVALSSEEINQYVTQIEQEKQEQQEQDKKKKSNH,negatome,0,True
P25054,DADTLLHFATESTPD,Q9NSA3,GKSPEEMYIQQKVRVLLMLRKMGSNLTASEEEFLRTYAGVVNSQLS,negatome,0,True
P25451,MSDPSSINGGIVVAMTGKDCVAIACDLRLGSQSLGVSNKFEKIFHYGHVFLGITGLATDVTTLNEMFRYKTNLYKLKEERAIEPETFTQLVSSSLYERRFGPYFVGPVVAGINSKSGKPFIAGFDLIGCIDEAKDFIVSGTASDQLFGMCESLYEPNLEPEDLFETISQALLNAADRDALSGWGAVVYIIKKDEVVKRYLKMRQD,P30657,TQQPIVTGTSVISMKYDNGVIIAADNLGSYGSLLRFNGVERLIPVGDNTVVGISGDISDMQHIERLLKDLVTENAYDNPLADAEEALEPSYIFEYLATVMYQRRSKMNPLWNAIIVAGVQSNGDQFLRYVNLLGVTYSSPTLATGFGAHMANPLLRKVVDRESDIPKTTVQVAEEAIVNAMRVLYYRDARSSRNFSLAIIDKNTGLTFKKNLQVENMKWDFAKDIKGYGTQKI,negatome,0,True
P25451,MSDPSSINGGIVVAMTGKDCVAIACDLRLGSQSLGVSNKFEKIFHYGHVFLGITGLATDVTTLNEMFRYKTNLYKLKEERAIEPETFTQLVSSSLYERRFGPYFVGPVVAGINSKSGKPFIAGFDLIGCIDEAKDFIVSGTASDQLFGMCESLYEPNLEPEDLFETISQALLNAADRDALSGWGAVVYIIKKDEVVKRYLKMRQD,P40303,MSGYDRALSIFSPDGHIFQVEYALEAVKRGTCAVGVKGKNCVVLGCERRSTLKLQDTRITPSKVSKIDSHVVLSFSGLNADSRILIEKARVEAQSHRLTLEDPVTVEYLTRYVAGVQQRYTQSGGVRPFGVSTLIAGFDPRDDEPKLYQTEPSGIYSSWSAQTIGRNSKTVREFLEKNYDRKEPPATVEECVKLTVRSLLEVVQTGAKNIEITVVKPDSDIVALSSEEINQYVTQIEQEKQEQQEQDKKKKSNH,negatome,0,True
P26715,ARHCGHCPEEWITYSNSCYYIGKERRTWEESLLACTSKNSSLLSIDNEEEMKFLSIISPSSWIGVFRNSSHHPWVTMNGLAFKHEIKDSDNAELNCAVLQVNRLKSAQCGSSIIYHCKHK,P61769,MIQRTPKIQVYSRHPAENGKSNFLNCYVSGFHPSDIEVDLLKNGERIEKVEHSDLSFSKDWSFYLLYYTEFTPTEKDEYACRVNHVTLSQPKIVKWDRDM,negatome,0,True
P27797,MLLSVPLLLG,P61769,MIQRTPKIQVYSRHPAENGKSNFLNCYVSGFHPSDIEVDLLKNGERIEKVEHSDLSFSKDWSFYLLYYTEFTPTEKDEYACRVNHVTLSQPKIVKWDRDM,negatome,0,True
P27999,MTTFRFCRDCNNMLYPREDKENNRLLFECRTCSYVEEAGSPLVYRHELITNIGETAGVVQDIGSDPTLPRSDRECPKCHSRENVFFQSQQRRKDTSMVLFFVCLSCSHIFTSDQKNKRTQFS,P34087,MFFIKDLSLNITLHPSFFGPRMKQYLKTKLLEEVEGSCTGKFGYILCVLDYDNIDIQRGRILPTDGSAEFNVKYRAVVFKPFKGEVVDGTVVSCSQHGFEVQVGPMKVFVTKHLMPQDLTFNAGSNPPSYQSSEDVITIKSRIRVKIEGCISQVSSIHAIGSIKEDYLGAI,negatome,0,True
P27999,MTTFRFCRDCNNMLYPREDKENNRLLFECRTCSYVEEAGSPLVYRHELITNIGETAGVVQDIGSDPTLPRSDRECPKCHSRENVFFQSQQRRKDTSMVLFFVCLSCSHIFTSDQKNKRTQFS,P38902,MNAPDRFELFLLGEGESKLKIDPDTKAPNAVVITFEKEDHTLGNLIRAELLNDRKVLFAAYKVEHPFFARFKLRIQTTEGYDPKDALKNACNSIINKLGALKTNFETEWNLQTLAADDAF,negatome,0,True
P30153,GSHMSLYPIAVLIDELRNEDVQLRLNSIKKLSTIALALGVERLSQSLLPAIVELAEDAKWRVRLAIIEYMPLLAGQLGVEFFDEKLNSLCMAWLVDHVYAIREAATSNLKKLVEKFGKEWAHATIIPKVLAMSGDPNYLHRMTTLFCINVLSEVCGQDITTKHMLPTVLRMAGDPVANVRFNVAKSLQKIGPILDNSTLQSEVKPILEKLTQDQDVDVKYFAQEALTVLSLA,Q9Y570,GSHMRDFSPVPWSQYFESMEDVEVENETGKDTFRVYKSGSEGPVLLLLHGGGHSALSWAVFTAAIISRVQCRIVALDLRSHGETKVKNPEDLSAETMAKDVGNVVEAMYGDLPPPIMLIGHAMGGAIAVHTASSNLVPSLLGLCMIDVVEGTAMDALNSMQNFLRGRPKTFKSLENAIEWSVKSGQIRNLESARVSMVGQVKQCEGKPYTWRIELAKTEKYWDGWFRGLSNLFLSCPIPKLLLLAGVDRLDKDLTIGQMQGKFQMQVLPQCGHAVHEDAPDKVAEAVATFLIRHRFAEPIGGFQCVFPGC,negatome,0,True
P30656,TTTLAFRFQGGIIVAVDSRATAGNWVASQTVKRVIEINPFLLGTMAGGAADCQFWETWLGSQCRLHELREKERISVAAASKILSNLVYQYKGAGLSMGTMICGYTRKEGPTIYYVDSDGTRLKGDIFCVGSGQTFAYGVLDSNYKWDLSVEDALYLGKRSILAAAHRDAYSGGSVNLYHVTEDGWIYHGNHDVGELFWKVKEEEGSFNNVIG,P30657,TQQPIVTGTSVISMKYDNGVIIAADNLGSYGSLLRFNGVERLIPVGDNTVVGISGDISDMQHIERLLKDLVTENAYDNPLADAEEALEPSYIFEYLATVMYQRRSKMNPLWNAIIVAGVQSNGDQFLRYVNLLGVTYSSPTLATGFGAHMANPLLRKVVDRESDIPKTTVQVAEEAIVNAMRVLYYRDARSSRNFSLAIIDKNTGLTFKKNLQVENMKWDFAKDIKGYGTQKI,negatome,0,True
P30656,TTTLAFRFQGGIIVAVDSRATAGNWVASQTVKRVIEINPFLLGTMAGGAADCQFWETWLGSQCRLHELREKERISVAAASKILSNLVYQYKGAGLSMGTMICGYTRKEGPTIYYVDSDGTRLKGDIFCVGSGQTFAYGVLDSNYKWDLSVEDALYLGKRSILAAAHRDAYSGGSVNLYHVTEDGWIYHGNHDVGELFWKVKEEEGSFNNVIG,P38624,TSIMAVTFKDGVILGADSRTTTGAYIANRVTDKLTRVHDKIWCCRSGSAADTQAIADIVQYHLELYTSQYGTPSTETAASVFKELCYENKDNLTAGIIVAGYDDKNKGEVYTIPLGGSVHKLPYAIAGSGSTFIYGYCDKNFRENMSKEETVDFIKHSLSQAIKWDGSSGGVIRMVVLTAAGVERLIFYPDEYEQL,negatome,0,True
P30656,TTTLAFRFQGGIIVAVDSRATAGNWVASQTVKRVIEINPFLLGTMAGGAADCQFWETWLGSQCRLHELREKERISVAAASKILSNLVYQYKGAGLSMGTMICGYTRKEGPTIYYVDSDGTRLKGDIFCVGSGQTFAYGVLDSNYKWDLSVEDALYLGKRSILAAAHRDAYSGGSVNLYHVTEDGWIYHGNHDVGELFWKVKEEEGSFNNVIG,P40302,MFRNNYDGDTVTFSPTGRLFQVEYALEAIKQGSVTVGLRSNTHAVLVALKRNADELSSYQKKIIKCDEHMGLSLAGLAPDARVLSNYLRQQCNYSSLVFNRKLAVERAGHLLCDKAQKNTQSYGGRPYGVGLLIIGYDKSGAHLLEFQPSGNVTELYGTAIGARSQGAKTYLERTLDTFIKIDGNPDELIKAGVEAISQSLRDESLTVDNLSIAIVGKDTPFTIYDGEAVAKYI,negatome,0,True
P30656,TTTLAFRFQGGIIVAVDSRATAGNWVASQTVKRVIEINPFLLGTMAGGAADCQFWETWLGSQCRLHELREKERISVAAASKILSNLVYQYKGAGLSMGTMICGYTRKEGPTIYYVDSDGTRLKGDIFCVGSGQTFAYGVLDSNYKWDLSVEDALYLGKRSILAAAHRDAYSGGSVNLYHVTEDGWIYHGNHDVGELFWKVKEEEGSFNNVIG,P43583,TSLLNERLQHYTLDYVSDRAQHMKNIYDPSSRWFSRSVRPEFPIEEFLPYKTESHEDQAKYLCHVLVNLYIAISSL,negatome,0,True
P30657,TQQPIVTGTSVISMKYDNGVIIAADNLGSYGSLLRFNGVERLIPVGDNTVVGISGDISDMQHIERLLKDLVTENAYDNPLADAEEALEPSYIFEYLATVMYQRRSKMNPLWNAIIVAGVQSNGDQFLRYVNLLGVTYSSPTLATGFGAHMANPLLRKVVDRESDIPKTTVQVAEEAIVNAMRVLYYRDARSSRNFSLAIIDKNTGLTFKKNLQVENMKWDFAKDIKGYGTQKI,P32379,MFLTRSEYDRGVSTFSPEGRLFQVEYSLEAIKLGSTAIGIATKEGVVLGVEKRATSPLLESDSIEKIVEIDRHIGCAMSGLTADARSMIEHARTAAVTHNLYYDEDINVESLTQSVCDLALRFGEGASGEERLMSRPFGVALLIAGHDADDGYQLFHAEPSGTFYRYNAKAIGSGSEGAQAELLNEWHSSLTLKEAELLVLKILKQVMEEKLDENNAQLSCITKQDGFKIYDNEKTAELIKELKEKEAAESPEEADVEMS,negatome,0,True
P30657,TQQPIVTGTSVISMKYDNGVIIAADNLGSYGSLLRFNGVERLIPVGDNTVVGISGDISDMQHIERLLKDLVTENAYDNPLADAEEALEPSYIFEYLATVMYQRRSKMNPLWNAIIVAGVQSNGDQFLRYVNLLGVTYSSPTLATGFGAHMANPLLRKVVDRESDIPKTTVQVAEEAIVNAMRVLYYRDARSSRNFSLAIIDKNTGLTFKKNLQVENMKWDFAKDIKGYGTQKI,P40303,MSGYDRALSIFSPDGHIFQVEYALEAVKRGTCAVGVKGKNCVVLGCERRSTLKLQDTRITPSKVSKIDSHVVLSFSGLNADSRILIEKARVEAQSHRLTLEDPVTVEYLTRYVAGVQQRYTQSGGVRPFGVSTLIAGFDPRDDEPKLYQTEPSGIYSSWSAQTIGRNSKTVREFLEKNYDRKEPPATVEECVKLTVRSLLEVVQTGAKNIEITVVKPDSDIVALSSEEINQYVTQIEQEKQEQQEQDKKKKSNH,negatome,0,True
P31785,ADPLPLPEVQCFVFNVEYMNCTWQSSSEPQPTNLTLHYWYKNSDNDKVQKCSHYLFSEEITSGCQLQKKEIHLYQTFVVQLQDPREPRRQATQMLKLQNLVIPWAPENLTLHKLSESQLELNWNNRFLNHCLEHLVQYRTDWDHSWTEQSVDYRHKFSLPSVDGQKRYTFRVRSRFNPLCGSAQHWSEWSHPIHWGSNTSKEN,Q13261,MGITCPPPMSVEHADIWVKSYSLYSRERYICNSGFKRKAGTSSLTECVLNKATNVAHWTTPSLKCIRDP,negatome,0,True
P32379,MFLTRSEYDRGVSTFSPEGRLFQVEYSLEAIKLGSTAIGIATKEGVVLGVEKRATSPLLESDSIEKIVEIDRHIGCAMSGLTADARSMIEHARTAAVTHNLYYDEDINVESLTQSVCDLALRFGEGASGEERLMSRPFGVALLIAGHDADDGYQLFHAEPSGTFYRYNAKAIGSGSEGAQAELLNEWHSSLTLKEAELLVLKILKQVMEEKLDENNAQLSCITKQDGFKIYDNEKTAELIKELKEKEAAESPEEADVEMS,P38624,TSIMAVTFKDGVILGADSRTTTGAYIANRVTDKLTRVHDKIWCCRSGSAADTQAIADIVQYHLELYTSQYGTPSTETAASVFKELCYENKDNLTAGIIVAGYDDKNKGEVYTIPLGGSVHKLPYAIAGSGSTFIYGYCDKNFRENMSKEETVDFIKHSLSQAIKWDGSSGGVIRMVVLTAAGVERLIFYPDEYEQL,negatome,0,True
P32505,MSQEQYTENLKVIVAEKLAGIPNFNEDIKYVAEYIVLLIVNGGTVESVVDELASLFDSVSRDTLANVVQTAFFALEALQQGESAENIVSKIRMMNAQSLGQSDIA,Q04839,KQDTASKMKLLKKKIEEQREILQKTHHKN,negatome,0,True
P32570,MSNQALYEKLEQTRTILSVKLAELINMTTIADRNDDDEGSFAQENSELAVATTSVMMVNNQTMQLIKNVQDLLILTRSIKEKWLLNQIPVTEHSKVTRFDEKQIEELLDNCIETFVAEKTT,P34162,MGKSAVIFVERATPATLTELKDALSNSILSVRDPWSIDFRTYRCSIKNLPADVSKLMYSITFHHHGRQTVLIKDNSAMVTTAAAADIPPALVFNGSSTGVPESIDTILSSKLSNIWMQRQLIKGDAGETLILDGLTVRLVNLFSSTGFKGLLIELQADEAGEFETKIAGIEGHLAEIRAKEYKTSSDSLGPDTSNEICDLAYQYVRALEL,negatome,0,True
P32585,MVQQLSLFGSIGDDGYDLLISTLTTISGNPPLLYNSLCTVWKPNPSYDVENVNSRNQLVEPNRIKLSKEVPFSYLIDETMMDKPLNFRILKSFTNDKIPLNYAMTRNINSDDIIDVDMDASPAPSNESCSPWSLQISDIPAAGNNRSVSMQTIAETIILSSAGKNSSVSSLMNGLGYVFEFQYLTIGVKFFMKHGLILELQKIWQIEEAGNSQITSGGFLLKAYINVSRGTDIDRINYTETALMNLKKELQGYIELSVPDRQSMDSRVAHGNILI,P38782,MNVTPLDELQWKSPEWIQVFGLRTENVLDYFAESPFFDKTSNNQVIKMQRQFSQLNDPNAAVNMTQNIMTLPDGKNGNLEEEFAYVDPARRQILFKYPMYMQLEEELMKLDGTEYVLSSVREPDFWVIRKQRRTNNSGVGSAKGPEIIPLQDYYIIGANIYQSPTIFKIVQSRLMSTSYHLNSTLESLYDLIEFQPSQGVHYKVPTDTSTTATAATNGNNAGGGSNKSSVRPTGGANMATVPSTTNVNMTVNTMGTGGQTIDNGTGRTGNGNMGITTEMLDKLMVTSIRSTPNYI,negatome,0,True
P34087,MFFIKDLSLNITLHPSFFGPRMKQYLKTKLLEEVEGSCTGKFGYILCVLDYDNIDIQRGRILPTDGSAEFNVKYRAVVFKPFKGEVVDGTVVSCSQHGFEVQVGPMKVFVTKHLMPQDLTFNAGSNPPSYQSSEDVITIKSRIRVKIEGCISQVSSIHAIGSIKEDYLGAI,P38902,MNAPDRFELFLLGEGESKLKIDPDTKAPNAVVITFEKEDHTLGNLIRAELLNDRKVLFAAYKVEHPFFARFKLRIQTTEGYDPKDALKNACNSIINKLGALKTNFETEWNLQTLAADDAF,negatome,0,True
P34162,GKSAVIFVERATPATLTELKDALSNSILSVRDPWSIDFRTYRCSIKNLPADVSKLMYSITFHHHGRQTVLIKDNSAMVTTAAAADIPPALVFNGSSTGVPESIDTILSSKLSNIWMQRQLIKGDAGETLILDGLTVRLVNLFSSTGFKGLLIELQADEAGEFETKIAGIEGHLAEIRAKEYKTSSDSLGPDTSNEICDLAYQYVRALEL,P38304,SKPSKPFNVDDVLKFTFTGEKHHHHHH,negatome,0,True
P34162,MGKSAVIFVERATPATLTELKDALSNSILSVRDPWSIDFRTYRCSIKNLPADVSKLMYSITFHHHGRQTVLIKDNSAMVTTAAAADIPPALVFNGSSTGVPESIDTILSSKLSNIWMQRQLIKGDAGETLILDGLTVRLVNLFSSTGFKGLLIELQADEAGEFETKIAGIEGHLAEIRAKEYKTSSDSLGPDTSNEICDLAYQYVRALEL,Q99278,MQVLNTKSETKQENEGSQPPYIQERLKSLNDIETQLCSMLQEASQVTFIFGELKRGNESVKPQFENHVKQFYERLDKSTTQLRKEIQLLDENVGTRLLPINVNKKALGQDTEKMEEQLDLLSAILDPSKSK,negatome,0,True
P35222,KAAVSHWQQQSYLDSGIHSGATTTAP,P63208,MPSIKLQSSDGEIFEVDVEIAKQSVTIKTMLEDLGMDPVPLPNVNAAILKKVIQWCTHHKDDPPDDIPVWDQEFLKVDQGTLFELILAANYLDIKGLLDVTCKTVANMIKGKTPEEIRKTFNIKNDFTEEEEAQVRKENQWCEEK,negatome,0,True
P35226,MHRTTRIKITELNPHLMCVLCGGYFIDATTIIECLHSFCKTCIVRYLETSKYCPICDVQVHKTRPLLNIRSDKTLQDIVYKLVPGLFKNEMKRRRDFYAAHPSADAANGLEHHHHHH,P61077,LGSALKRINKELSDLARDPPAQCSAGPVGDDMFHWQATIMGPNDSPYQGGVFFLTIHFPTDYPFKPPKVAFTTRIYHPNINSNGSICLDILRSQWSPALTISKVLLSICSLLCDPNPDDPLVPEIARIYKTDRDKYNRISREWTQKYAM,negatome,0,True
P36149,MVSTTQSRSLKAMGEEIWKNKTEKINTELFTLTYGSIVAQLCQDYERDFNKVNDHLYSMGYNIGCRLIEDFLARTALPRCENLVKTSEVLSKCAFKIFLNITPNITNWSHNKDTFSLILDENPLADFVELPMDAMKSLWYSNILCGVLKGSLEMVQLDCDVWFVSDILRGDSQTEIKVKLNRILKDEIPIGED,Q03337,MSQRIIQPSASDQQFPGKSDGYEYTVGPKQAITSEASTTYIPSRIYSESLLFKRQEASLSAMAFLFQEMISQLHRTCKTAGDFETKLSDYGHNIGIRLLELLNFRASVSPSSLPRASAFLSQNESSSKLSNASNSPGMLANSSTATSASANERLQEKQTESLSNYITKMRRRDLKILDILQFIHGTLWSYLFNHVSDDLVKSSERDNEYMIVDNFPTLTQFIPGENVSCEYFVCGIIKGFLFNAGFPCGVTAHRMPQGGHSQRTVYLIQFDRQVLDREGLRFG,negatome,0,True
P37727,MADNLPSDFDVIVIGTGLPESIIAAACSRSGQRVLHVDSRSYYGGNWASFSFSGLLSWLKEYQENNDVVTENSMWQEQILENEEAIPLSSKDKTIQHVEVFCYASQDLHKDVEEAGALQKNHASVTSAQSAEAAEAAETSCLPTAVEPLSMGSCEIPAEQSQCPGPESSPEVNDAEATGKKENSDAKSSTEEPSENVPKVQDNTETPKKNRITYSQIIKEGRRFNIDLVSKLLYSRGLLIDLLIKSNVSRYAEFKNITRILAFREGTVEQVPCSRADVFNSKQLTMVEKRMLMKFLTFCVEYEEHPDEYRAYEGTTFSEYLKTQKLTPNLQYFVLHSIAMTSETTSCTVDGLKATKKFLQCLGRYGNTPFLFPLYGQGELPQCFCRMCAVFGGIYCLRHSVQCLVVDKESRKCKAVIDQFGQRIISKHFIIEDSYLSENTCSRVQYRQISRAVLITDGSVLKTDADQQVSILTVPAEEPGSFAVRVIELCSSTMTCMKGTYLVHLTCMSSKTAREDLERVVQKLFTPYTEIEAENEQVEKPRLLWALYFNMRDSSDISRDCYNDLPSNVYVCSGPDSGLGNDNAVKQAETLFQQICPNEDFCPAPPNPEDIVLDGDSSQQEVPESSVTPETNSETPKESTVLGNPEEPSE,Q08603,MGTQQKDVTIKSDAPDTLLLEKHADYIASYGSKKDDYEYCMSEYLRMSGVYWGLTVMDLMGQLHRMNKEEILVFIKSCQHECGGVSASIGHDPHLLYTLSAVQILTLYDSIHVINVDKVVAYVQSLQKEDGSFAGDIWGEIDTRFSFCAVATLALLGKLDAINVEKAIEFVLSCMNFDGGFGCRPGSESHAGQIYCCTGFLAITSQLHQVNSDLLGWWLCERQLPSGGLNGRPEKLPDVCYSWWVLASLKIIGRLHWIDREKLRSFILACQDEETGGFADRPGDMVDPFHTLFGIAGLSLLGEEQIKPVSPVFCMPEEVLQRVNVQPELVS,negatome,0,True
P38251,MSLWVDKYRPKSLNALSHNEELTNFLKSLSDQPRDLPHLLLYGPNGTGKKTRCMALLESIFGPGVYRLKIDVRQFVTASNRKLELNVVSSPYHLEITPSDMGNNDRIVIQELLKEVAQMEQVDFQDSKDGLAHRYKCVIINEANSLTKDAQAALRRTMEKYSKNIRLIMVCDSMSPIIAPIKSQCLLIRCPAPSDSEISTILSDVVTNERIQLETKDILKRIAQASNGNLRVSLLMLESMALNNELALKSSSPIIKPDWIIVIHKLTRKIVKERSVNSLIECRAVLYDLLAHCIPANIILKELTFSLLDVETLNTTNKSSIIEYSSVFDERLSLGNKAIFHLEGFIAKVMCCLD,P38629,MSTSTEKRSKENLPWVEKYRPETLDEVYGQNEVITTVRKFVDEGKLPHLLFYGPPGTGKTSTIVALAREIYGKNYSNMVLELNASDDRGIDVVRNQIKDFASTRQIFSKGFKLIILDEADAMTNAAQNALRRVIERYTKNTRFCVLANYAHKLTPALLSQCTRFRFQPLPQEAIERRIANVLVHEKLKLSPNAEKALIELSNGDMRRVLNVLQSCKATLDNPDEDEISDDVIYECCGAPRPSDLKAVLKSILEDDWGTAHYTLNKVRSAKGLALIDLIEGIVKILEDYELQNEETRVHLLTKLADIEYSISKGGNDQIQGSAVIGAIKASFENETVKANV,negatome,0,True
P38624,TSIMAVTFKDGVILGADSRTTTGAYIANRVTDKLTRVHDKIWCCRSGSAADTQAIADIVQYHLELYTSQYGTPSTETAASVFKELCYENKDNLTAGIIVAGYDDKNKGEVYTIPLGGSVHKLPYAIAGSGSTFIYGYCDKNFRENMSKEETVDFIKHSLSQAIKWDGSSGGVIRMVVLTAAGVERLIFYPDEYEQL,P40303,MSGYDRALSIFSPDGHIFQVEYALEAVKRGTCAVGVKGKNCVVLGCERRSTLKLQDTRITPSKVSKIDSHVVLSFSGLNADSRILIEKARVEAQSHRLTLEDPVTVEYLTRYVAGVQQRYTQSGGVRPFGVSTLIAGFDPRDDEPKLYQTEPSGIYSSWSAQTIGRNSKTVREFLEKNYDRKEPPATVEECVKLTVRSLLEVVQTGAKNIEITVVKPDSDIVALSSEEINQYVTQIEQEKQEQQEQDKKKKSNH,negatome,0,True
P38630,MGSSHHHHHHSSGLEVLFQGPHMASDKLWTVKYAPTNLQQVCGNKGSVMKLKNWLANWENSKKNSFKHAGKDGSGVFRAAMLYGPPGIGKTTAAHLVAQELGYDILEQNASDVRSKTLLNAGVKNALDNMSVVGYFKHNEEAQNLNGKHFVIIMDEVDGMSGGDRGGVGQLAQFCRKTSTPLILICNERNLPKMRPFDRVCLDIQFRRPDANSIKSRLMTIAIREKFKLDPNVIDRLIQTTRGDIRQVINLLSTISTTTKTINHENINEISKAWEKNIALKPFDIAHKMLDGQIYSDIGSRNFTLNDKIALYFDDFDFTPLMIQENYLSTRPSVLKPGQSHLEAVAEAANCISLGDIVEKKIRSSEQLWSLLPLHAVLSSVYPASKVAGHMAGRINFTAWLGQNSKSAKYYRLLQEIHYHTRLGTSTXXXXXXXXXXXXXXXXXXXXXXXXXXXXXXXXXXXXXXXXXXXXXXXXXXXFFVGPDVTTAIIKKIPATVKSGFTRKYNSMTHPVAIYR,P40348,MFEGFGPNKKRKISKLAAEQSLAQQPWVEKYRPKNLDEVTAQDHAVTVLKKTLKSANLPHMLFYGPPGTGKTSTILALTKELYGPDLMKSRILELNASDERGISIVREKVKNFARLTVSKPSKHDLENYPCPPYKIIILDEADSMTADAQSALRRTMETYSGVTRFCLICNYVTRIIDPLASQCSKFRFKALDASNAIDRLRFISEQENVKCDDGVLERILDISAGDLRRGITLLQSASKGAQYLGDGKNITSTQVEELAGVVPHDILIEIVEKVKSGDFDEIKKYVNTFMKSGWSAASVVNQLHEYYITNDNFDTNFKNQISWLLFTTDSRLNNGTNEHIQLLNLLVKISQL,negatome,0,True
P39078,MSAKVPSNATFKNKEKPQEVRKANIIAARSVADAIRTSLGPKGMDKMIKTSRGEIIISNDGHTILKQMAILHPVARMLVEVSAAQDSEAGDGTTSVVILTGALLGAAERLLNKGIHPTIIADSFQSAAKRSVDILLEMCHKVSLSDREQLVRAASTSLSSKIVSQYSSFLAPLAVDSVLKISDENSKNVDLNDIRLVKKVGGTIDDTEMIDGVVLTQTAIKSAGGPTRKEKAKIGLIQFQISPPKPDTENNIIVNDYRQMDKILKEERAYLLNICKKIKKAKCNVLLIQKSILRDAVNDLALHFLSKLNIMVVKDIEREEIEFLSKGLGCKPIADIELFTEDRLDSADLVEEIDSDGSKIVRVTGIRNNNARPTVSVVIRGANNMIIDETERSLHDALCVIRCLVKERGLIAGGGAPEIEISRRLSKEARSMEGVQAFIWQEFASALEVIPTTLAENAGLNSIKVVTELRSKHENGELNDGISVRRSGTTNTYEEHILQPVLVSTSAITLASECVKSILRIDDIAFSR,P39079,MSLQLLNPKAESLRRDAALKVNVTSAEGLQSVLETNLGPKGTLKMLVDGAGNIKLTKDGKVLLTEMQIQSPTAVLIARAAAAQDEITGDGTTTVVCLVGELLRQAHRFIQEGVHPRIITDGFEIARKESMKFLDEFKISKTNLSNDREFLLQVARSSLLTKVDADLTEVLTPIVTDAVLSVYDAQADNLDLHMVEIMQMQHLSPKDTTFIKGLVLDHGGRHPDMPTRVKNAYVLILNVSLEYEKTEVNSGFFYSSADQRDKLAASERKFVDAKLKKIIDLKNEVCGMDPDKGFVIINQKGIDPMSLDVFAKHNILALRRAKRRNMERLQLVTGGEAQNSVEDLSPQILGFSGLVYQETIGEEKFTYVTENTDPKSCTILIKGSTHYALAQTKDAVRDGLRAVANVLKDKNIIPGAGAFYIALSRYLRSANMNKLGAKGKTKTGIEAFAEALLVIPKTLVKNSGFDPLDVLAMVEDELDDAQDSDETRYVGVDLNIGDSCDPTIEGIWDSYRVLRNAITGATGIASNLLLCDELLRAGRSTLKETPQ,negatome,0,True
P21243,FRNNYDGDTVTFSPTGRLFQVEYALEAIKQGSVTVGLRSNTHAVLVALKRNADELSSYQKKIIKCDEHMGLSLAGLAPDARVLSNYLRQQCNYSSLVFNRKLAVERAGHLLCDKAQKNTQSYGGRPYGVGLLIIGYDKSGAHLLEFQPSGNVTELYGTAIGARSQGAKTYLERTLDTFIKIDGNPDELIKAGVEAISQSLRDESLTVDNLSIAIVGKDTPFTIYDGEAVAKYI,P40302,AGYDRHITIFSPEGRLYQVEYAFKATNQTNINSLAVRGKDCTVVISQKKVPDKLLDPTTVSYIFCISRTIGMVVNGPIPDARNAALRAKAEAAEFRYKYGYDMPCDVLAKRMANLSQIYTQRAYMRPLGVILTFVSVDEELGPSIYKTDPAGYYVGYKATATGPKQQEITTNLENHFKKSKIDHINEESWEKVVEFAITHMIDALGTEFSKNDLEVGVATKDKFFTLSAENIEERLVAIAEQD,negatome,0,True
P40302,MFRNNYDGDTVTFSPTGRLFQVEYALEAIKQGSVTVGLRSNTHAVLVALKRNADELSSYQKKIIKCDEHMGLSLAGLAPDARVLSNYLRQQCNYSSLVFNRKLAVERAGHLLCDKAQKNTQSYGGRPYGVGLLIIGYDKSGAHLLEFQPSGNVTELYGTAIGARSQGAKTYLERTLDTFIKIDGNPDELIKAGVEAISQSLRDESLTVDNLSIAIVGKDTPFTIYDGEAVAKYI,P40303,MSGYDRALSIFSPDGHIFQVEYALEAVKRGTCAVGVKGKNCVVLGCERRSTLKLQDTRITPSKVSKIDSHVVLSFSGLNADSRILIEKARVEAQSHRLTLEDPVTVEYLTRYVAGVQQRYTQSGGVRPFGVSTLIAGFDPRDDEPKLYQTEPSGIYSSWSAQTIGRNSKTVREFLEKNYDRKEPPATVEECVKLTVRSLLEVVQTGAKNIEITVVKPDSDIVALSSEEINQYVTQIEQEKQEQQEQDKKKKSNH,negatome,0,True
P43626,MHEGVHRKPSLLAHPGPLVKSEETVILQCWSDVMFEHFLLHREGMFNDTLRLIGEHHDGVSKANFSISRMTQDLAGTYRCYGSVTHSPYQVSAPSDPLDIVIIGLYEKPSLSAQPGPTVLAGENVTLSCSSRSSYDMYHLSREGEAHERRLPAGPKVNGTFQADFPLGPATHGGTYRCFGSFHDSPYEWSKSSDPLLVSVTGNPSNSWPSPTEPSSKTGNPRHLH,P61769,MIQRTPKIQVYSRHPAENGKSNFLNCYVSGFHPSDIEVDLLKNGERIEKVEHSDLSFSKDWSFYLLYYTEFTPTEKDEYACRVNHVTLSQPKIVKWDRDM,negatome,0,True
P46060,SLNTGEPAPVLSSPPPADVSTFLAFPSPEKLLRLGPKSSVLIAQQTDTSDPEKVVSAFLKVSSVFKDEATVRMAVQDAVDALMQKAFNSSSFNSNTFLTRLLVHMGLLKSEDKVKAIANLYGPLMALNHMVQQDYFPKALAPLLLAFVTKPNSALESCSFARHSLLQTLYKV,P49792,SLDVLIVYELTPTAEQKALATKLKLPPTFFCYKNRPDYVSEEEEDDEDFETAVKKLNGKLYLDGSEKCRPLEENTADNEKECI,negatome,0,True
P46527,AGSVEQTPKK,P63208,ASIKLQSSDGEIFEVDVEIAKQSVTIKTMLEDLGMDDEGDDDPVPLPNVNAAILKKVIQWCTHHKDDPPPPEDDENKEKRTDDIPVWDQEFLKVDQGTLFELILAANYLDIKGLLDVTCKTVANMIKGKTPEEIRKTFNIKNDFTEEEEAQVRKENQWC,negatome,0,True
P52292,GAVDPLLAL,P61769,MIQRTPKIQVYSRHPAENGKSNFLNCYVSGFHPSDIEVDLLKNGERIEKVEHSDLSFSKDWSFYLLYYTEFTPTEKDEYACRVNHVTLSQPKIVKWDRDM,negatome,0,True
P61024,QIYYSDKYDDEEFEYRHVMLPKDIAKLVPKTHLMSESEWRNLGVQQSQGWVHYMIHEPEPHILLFRRPL,P63208,ASIKLQSSDGEIFEVDVEIAKQSVTIKTMLEDLGMDDEGDDDPVPLPNVNAAILKKVIQWCTHHKDDPPPPEDDENKEKRTDDIPVWDQEFLKVDQGTLFELILAANYLDIKGLLDVTCKTVANMIKGKTPEEIRKTFNIKNDFTEEEEAQVRKENQWC,negatome,0,True
P61081,GSMIKLFSLKQQKKEEEKGSSKKASAAQLRIQKDINELNLPKTCDISFSDPDDLLNFKLVICPDEGFYKSGKFVFSFKVGQGYPHDPPKVKCETMVYHPNIDLEGNVALNILREDWKPVLTINSIIYGLQYLFLEPNPEDPLNKEAAEVLQNNRRLFEQNVQRSMRGGYIGSTYFERCLK,Q13564,GSMAQLGKLLKEQKYDRQLRLWGDHGQEALESAHVCLINATATGTEILKNLVLPGIGSFTIIDGNQVSGEDAGNNFFLQRSSIGKNRAEAAMEFLQELNSDVSGSFVEESPENLLDNDPSFFCRFTVVVATQLPESTSLRLADVLWNSQIPLLICRTYGLVGYMRIIIKEHPVIESHPDNALEDLRLDKPFPELREHFQSYDLDHMEKKDHSHTPWIVIIAKYLAQWYSETNGRIPKTYKEKEDFRDLIRQGILKNENGAPEDEENFEEAIKNVNTALNTTQIPSSIEDIFNDDRCINITKQTPSFWILARALKEFVAKEGQGNLPVRGTIPDMIADSGKYIKLQNVYREKAKKDAAAVGNHVAKLLQSIGQAPESISEKELKLLCSNSAFLRVVRCRSLAEEYGLDTINKDEIISSMDNPDNEIVLYLMLRAVDRFHKQQGRYPGVSNYQVEEDIGKLKSCLTGFLQEYGLSVMVKDDYVHEFCRYGAAEPHTIAAFLGGAAAQEVIKIITKQFVIFNNTYIYSGMSQTSATFQL,negatome,0,True
P61081,XMIKLFSLKQQKKEEE,Q13616,GSNIEEDRKLLIQAAIVRIMKMRKVLKHQQLLGEVLTQLSSRFKPRVPVIKKCIDILIEKEYLERVDGEKDTYSYLA,negatome,0,True
P61769,MIQRTPKIQVYSRHPAENGKSNFLNCYVSGFHPSDIEVDLLKNGERIEKVEHSDLSFSKDWSFYLLYYTEFTPTEKDEYACRVNHVTLSQPKIVKWDRDM,Q13241,DCCSCQEKWVGYRCNCYFISSEQKTWNESRHLCASQKSSLLQLQNTDELDFMSSSQQFYWIGLSYSEEHTAWLWENGSALSQYLFPSFETFNTKNCIAYNPNGNALDESCEDKNRYICKQQLI,negatome,0,True
P02294,ARTKQTARKSTGGKAPRKQLASKAARKSAPSTGGVKKPHRYKPGTVALREIRRFQKSTELLIRKLPFQRLVREIAQDFKTDLRFQSSAIGALQESVEAYLVSLFEDTNLAAIHAKRVTIQKKEIKLARRLRGERS,P61830,SSAAEKKPASKAPAEKKPAAKKTSTSVDGKKRSKVRKETYSSYIYKVLKQTHPDTGISQKSMSILNSFVNDIFERIATEASKLAAYNKKSTISAREIQTAVRLILPGELAKHAVSEGTRAVTKYSSSTQA,negatome,0,True
P62304,MAYRGQGQKVQKVMVQPINLIFRYLQNRSRIQVWLYEQVNMRIEGCIIGFDEYMNLVLDDAEEIHSKTKSRKQLGRIMLKGDNITLLQSVSN,P62314,MKLVRFLMKLSHETVTIELKNGTQVHGTITGVDVSMNTHLKAVKMTLKNREPVQLETLSIRGNNIRYFILPDSLPLDTLLVDVEPKVKSKKREAVAGRGRGRGRGRGRGRGRGRGGPRR,negatome,0,True
P62304,MAYRGQGQKVQKVMVQPINLIFRYLQNRSRIQVWLYEQVNMRIEGCIIGFDEYMNLVLDDAEEIHSKTKSRKQLGRIMLKGDNITLLQSVSN,P62316,MSLLNKPKSEMTPEELQKREEEEFNTGPLSVLTQSVKNNTQVLINCRNNKKLLGRVKAFDRHCNMVLENVKEMWTEVPKSGKGKKKSKPVNKDRYISKMFLRGDSVIVVLRNPLIAGK,negatome,0,True
P62304,MAYRGQGQKVQKVMVQPINLIFRYLQNRSRIQVWLYEQVNMRIEGCIIGFDEYMNLVLDDAEEIHSKTKSRKQLGRIMLKGDNITLLQSVSN,Q16637,GQSDDSDIWDDTALIKAYDKAVASFKHALKNGDICET,negatome,0,True
P62306,MSLPLNPKPFLNGLTGKPVMVKLKWGMEYKGYLVSVDGYMNMQLANTEEYIDGALSGHLGEVLIRCNNVLYIRGVEEEEEDGEMRE,P62308,MSKAHPPELKKFMDKKLSLKLNGGRHVQGILRGFDPFMNLVIDECVEMATSGQQNNIGMVVIRGNSIIMLEALERV,negatome,0,True
P62306,MSLPLNPKPFLNGLTGKPVMVKLKWGMEYKGYLVSVDGYMNMQLANTEEYIDGALSGHLGEVLIRCNNVLYIRGVEEEEEDGEMRE,P62314,MKLVRFLMKLSHETVTIELKNGTQVHGTITGVDVSMNTHLKAVKMTLKNREPVQLETLSIRGNNIRYFILPDSLPLDTLLVDVEPKVKSKKREAVAGRGRGRGRGRGRGRGRGRGGPRR,negatome,0,True
P62306,MSLPLNPKPFLNGLTGKPVMVKLKWGMEYKGYLVSVDGYMNMQLANTEEYIDGALSGHLGEVLIRCNNVLYIRGVEEEEEDGEMRE,Q16637,GQSDDSDIWDDTALIKAYDKAVASFKHALKNGDICET,negatome,0,True
P62308,MSKAHPPELKKFMDKKLSLKLNGGRHVQGILRGFDPFMNLVIDECVEMATSGQQNNIGMVVIRGNSIIMLEALERV,P62314,MKLVRFLMKLSHETVTIELKNGTQVHGTITGVDVSMNTHLKAVKMTLKNREPVQLETLSIRGNNIRYFILPDSLPLDTLLVDVEPKVKSKKREAVAGRGRGRGRGRGRGRGRGRGGPRR,negatome,0,True
P62308,MSKAHPPELKKFMDKKLSLKLNGGRHVQGILRGFDPFMNLVIDECVEMATSGQQNNIGMVVIRGNSIIMLEALERV,P62316,MSLLNKPKSEMTPEELQKREEEEFNTGPLSVLTQSVKNNTQVLINCRNNKKLLGRVKAFDRHCNMVLENVKEMWTEVPKSGKGKKKSKPVNKDRYISKMFLRGDSVIVVLRNPLIAGK,negatome,0,True
P62308,MSKAHPPELKKFMDKKLSLKLNGGRHVQGILRGFDPFMNLVIDECVEMATSGQQNNIGMVVIRGNSIIMLEALERV,Q16637,GQSDDSDIWDDTALIKAYDKAVASFKHALKNGDICET,negatome,0,True
P62314,MKLVRFLMKLSHETVTIELKNGTQVHGTITGVDVSMNTHLKAVKMTLKNREPVQLETLSIRGNNIRYFILPDSLPLDTLLVDVEPKVKSKKREAVAGRGRGRGRGRGRGRGRGRGGPRR,Q16637,GQSDDSDIWDDTALIKAYDKAVASFKHALKNGDICET,negatome,0,True
P62316,MSLLNKPKSEMTPEELQKREEEEFNTGPLSVLTQSVKNNTQVLINCRNNKKLLGRVKAFDRHCNMVLENVKEMWTEVPKSGKGKKKSKPVNKDRYISKMFLRGDSVIVVLRNPLIAGK,Q16637,GQSDDSDIWDDTALIKAYDKAVASFKHALKNGDICET,negatome,0,True
P62330,MRILMLGLDAAGKTTILYKLKLGQSVTTIPTVGFNVETVTYKNVKFNVWDVGGQDKIRPLWRHYYTGTQGLIFVVDCADRDRIDEARQELHRIINDREMRDAIILIFANKQDLPDAMKPHEIQEKLGLTRIRDRNWYVQPSCATSGDGLYEGLTWLTSNY,P62820,PEYDYLFKLLLIGDSGVGKSCLLLRFADDTYTESYISTIGVDFKIRTIELDGKTIKLQIWDTAGQERFRTITSSYYRGAHGIIVVYDVTDQESFNNVKQWLQEIDRYASENVNKLLVGNKCDLTTKKVVDYTTAKEFADSLGIPFLETSAKNATNVEQSFMTMAAEIKKRM,negatome,0,True
P62877,KKRFEVKKWNAVALWAWDIVVDNCAICRNHIMDLCIECQANQASATSEECTVAWGVCNHAFHFHCISRWLKTRQVCPLDNREWEFQKYGH,P63208,PSIKLQSSDGEIFEVDVEIAKQSVTIKTMLEDLGMDPVPLPNVNAAILKKVIQWCTHHKDDPPPPEDDENKEKRTDDIPVWDQEFLKVDQGTLFELILAANYLDIKGLLDVTCKTVANMIKGKTPEEIRKTFN,negatome,0,True
P62877,KKRFEVKKWNAVALWAWDIVVDNCAICRNHIMDLCIECQANQASATSEECTVAWGVCNHAFHFHCISRWLKTRQVCPLDNREWEFQKYGH,Q13309,WDSLPDELLLGIFSCLCLPELLKVSGVCKRWYRLASDESLW,negatome,0,True
P62877,GSMDVDTPSGTNSGAGKKRFEVKKWNAVALWAWDIVVDNCAICRNHIMDLCIECQANQASATSEECTVAWGVCNHAFHFHCISRWLKTRQVCPLDNREWEFQKYGH,Q15843,GSGGSMLIKVKTLTGKEIEIDIEPTDKVERIKERVEEKEGIPPQQQRLIYSGKQMNDEKTAADYKIMGGSVLHLVLALRGG,negatome,0,True
P62877,MAAAMDVDTPSGTNSGAGKKRFEVKKWNAVALWAWDIVVDNCAICRNHIMDLCIECQANQASATSEECTVAWGVCNHAFHFHCISRWLKTRQVCPLDNREWEFQKYGH,Q16531,MSYNYVVTAQKPTAVNGCVTGHFTSAEDLNLLIAKNTRLEIYVVTAEGLRPVKEVGMYGKIAVMELFRPKGESKDLLFILTAKYNACILEYKQSGESIDIITRAHGNVQDRIGRPSETGIIGIIDPECRMIGLRLYDGLFKVIPLDRDNKELKAFNIRLEELHVIDVKFLYGCQAPTICFVYQDPQGRHVKTYEVSLREKEFNKGPWKQENVEAEASMVIAVPEPFGGAIIIGQESITYHNGDKYLAIAPPIIKQSTIVCHNRVDPNGSRYLLGDMEGRLFMLLLEKEEQMDGTVTLKDLRVELLGETSIAECLTYLDNGVVFVGSRLGDSQLVKLNVDSNEQGSYVVAMETFTNLGPIVDMCVVDLERQGQGQLVTCSGAFKEGSLRIIRNGIGIHEHASIDLPGIKGLWPLRSDPNRETYDTLVLSFVGQTRVLMLNGEEVEETELMGFVDDQQTFFCGNVAHQQLIQITSASVRLVSQEPKALVSEWKEPQAKNISVASCNSSQVVVAVGRALYYLQIHPQELRQISHTEMEHEVACLDITPLGDSNGLSPLCAIGLWTDISARILKLPSFELLHKEMLGGEIIPRSILMTTFESSHYLLCALGDGALFYFGLNIETGLLSDRKKVTLGTQPTVLRTFRSLSTTNVFACSDRPTVIYSSNHKLVFSNVNLKEVNYMCPLNSDGYPDSLALANNSTLTIGTIDEIQKLHIRTVPLYESPRKICYQEVSQCFGVLSSRIEVQDTSGGTTALRPSASTQALSSSVSSSKLFSSSTAPHETSFGEEVEVHNLLIIDQHTFEVLHAHQFLQNEYALSLVSCKLGKDPNTYFIVGTAMVYPEEAEPKQGRIVVFQYSDGKLQTVAEKEVKGAVYSMVEFNGKLLASINSTVRLYEWTTEKDVRTECNHYNNIMALYLKTKGDFILVGDLMRSVLLLAYKPMEGNFEEIARDFNPNWMSAVEILDDDNFLGAENAFNLFVCQKDSAATTDEERQHLQEVGLFHLGEFVNVFCHGSLVMQNLGETSTPTQGSVLFGTVNGMIGLVTSLSESWYNLLLDMQNRLNKVIKSVGKIEHSFWRSFHTERKTEPATGFIDGDLIESFLDISRPKMQEVVANLQYDDGSGMKREATADDLIKVVEELTRIH,negatome,0,True
Q13042,GSYNKPSETVIPESVDGLQENLDVVVSLAERHYYNCDFKMCYKLTSVVMEKDPFHASCLPVHIGTLVELNKANELFYLSHKLVDLYPSNPVSWFAVGCYYLMVGHKNEHARRYLSKATTLEKTYGPAWIAYGHSFAVESEHDQAMAAYFTAAQLMKGCHLPMLYIGLEYGLTNNSKLAERFFSQALSIAPEDPFVMHEVGVVAFQNGEWKTAEKWFLDALEKIKAIGNEVTVDKWEPLLNNLGHVCRKLKKYAEALDYHRQALVLIPQNASTYSAIGYIHSLMGNFENAVDYFHTALGLRRDDTFSVTMLGHCIEMYIGDSEAYIGADIK,Q8NHZ8,MLRRKPTRLELKLDDIEEFENIRKDLETR,negatome,0,True
Q13868,MGSSHHHHHHSQDPHMAMEMRLPVARKPLSERLGRDTKKHLVVPGDTITTDTGFMRGHGTYMGEEKLIASVAGSVERVNKLICVKALKTRYIGEVGDIVVGRITEVQQKRWKVETNSRLDSVLLLSSMNLPGGELRRRSAEDELAMRGFLQEGDLISAEVQAVFSDGAVSLHTRSLKYGKLGQGVLVQVSPSLVKRQKTHFHDLPCGASVILGNNGFIWIYPTPEHKEEEAGGFIANLEPVSLADREVISRLRNCIISLVTQRMMLYDTSILYCYEASLPHQIKDILKPEIMEEIVMETRQRLLEQEG,Q96B26,DPMAAGFKTVEPLEYYRRFLKENCRPDGRELGEFRTTTVNIGSISTADGSALVKLGNTTVICGVKAEFAAPSTDAPDKGYVVPNVDLPPLCSSRFRSGPPGEEAQVASQFIADVIENSQIIQKEDLCISPGKLVWVLYCDLICLDYDGNILDACTFALLAALKNVQLPEVTINEETALAEVNLKKKSYLNIRTHPVATSFAVFDDTLLIVDPTGEEEHLATGTLTIVMDEEGKLCCLHKPGGSGLTGAKLQDCMSRAVTRHKEVKKLMDEVIKSMKPK,negatome,0,True
Q13868,MGSSHHHHHHSQDPHMAMEMRLPVARKPLSERLGRDTKKHLVVPGDTITTDTGFMRGHGTYMGEEKLIASVAGSVERVNKLICVKALKTRYIGEVGDIVVGRITEVQQKRWKVETNSRLDSVLLLSSMNLPGGELRRRSAEDELAMRGFLQEGDLISAEVQAVFSDGAVSLHTRSLKYGKLGQGVLVQVSPSLVKRQKTHFHDLPCGASVILGNNGFIWIYPTPEHKEEEAGGFIANLEPVSLADREVISRLRNCIISLVTQRMMLYDTSILYCYEASLPHQIKDILKPEIMEEIVMETRQRLLEQEG,Q9NQT4,SLMEEETHTDAKIRAENGTGSSPRGPGCSLRHFACEQNLLSRPDGSASFLQGDTSVLAGVYGPAEVKVSKEIFNKATLEVILRPKIGLPGVAEKSRERLIRNTCEAVVLGTLHPRTSITVVLQVVSDAGSLLACCLNAACMALVDAGVPMRALFCGVACALDSDGTLVLDPTSKQEKEARAVLTFALDSVERKLLMSSTKGLYSDTELQQCLAAAQAASQHVFRFYRESLQRRYSKS,negatome,0,True
Q13868,MGSSHHHHHHSQDPHMAMEMRLPVARKPLSERLGRDTKKHLVVPGDTITTDTGFMRGHGTYMGEEKLIASVAGSVERVNKLICVKALKTRYIGEVGDIVVGRITEVQQKRWKVETNSRLDSVLLLSSMNLPGGELRRRSAEDELAMRGFLQEGDLISAEVQAVFSDGAVSLHTRSLKYGKLGQGVLVQVSPSLVKRQKTHFHDLPCGASVILGNNGFIWIYPTPEHKEEEAGGFIANLEPVSLADREVISRLRNCIISLVTQRMMLYDTSILYCYEASLPHQIKDILKPEIMEEIVMETRQRLLEQEG,Q9NQT5,MGSSHHHHHHSQDPMAEPASVAAESLAGSRARAARTVLGQVVLPGEELLLPEQEDAEGPGGAVERPLSLNARACSRVRVVCGPGLRRCGDRLLVTKCGRLRHKEPGSGSGGGVYWVDSQQKRYVPVKGDHVIGIVTAKSGDIFKVDVGGSEPASLSYLSFEGATKRNRPNVQVGDLIYGQFVVANKDMEPEMVCIDSCGRANGMGVIGQDGLLFKVTLGLIRKLLAPDCEIIQEVGKLYPLEIVFGMNGRIWVKAKTIQQTLILANILEACEHMTSDQRKQIFSRLAES,negatome,0,True
Q15019,MSKQQPTQFINPETPGYVGFANLPNQVHRKSVKKGFEFTLMVVGESGLGKSTLINSLFLTDLYPERVIPGAAEKIERTVQIEASTVEIEERGVKLRLTVVDTPGYGDAINCRDCFKTIISYIDEQFERYLHDESGLNRRHIIDNRVHCCFYFISPFGHGLKPLDVAFMKAIHNKVNIVPVIAKADTLTLKERERLKKRILDEIEEHNIKIYHLPDAESDEDEDFKEQTRLLKASIPFSVVGSNQLIEAKGKKVRGRLYPWGVVEVENPEHNDFLKLRTMLITHMQDLQEVTQDLHYENFRSERLKRGGRKVENEDMNKDQILLEKEAELRRMQEMIARMQAQMQMQMQGGDGDGGALGHHV,Q16181,MVAQQKNLEGYVGFANLPNQVYRKSVKRGFEFTLMVVGESGLGKSTLINSLFLTDLYSPEYPGPSHRIKKTVQVEQSKVLIKEGGVQLLLTIVDTPGFGDAVDNSNCWQPVIDYIDSKFEDYLNAESRVNRRQMPDNRVQCCLYFIAPSGHGLKPLDIEFMKRLHEKVNIIPLIAKADTLTPEECQQFKKQIMKEIQEHKIKIYEFPETDDEEENKLVKKIKDRLPLAVVGSNTIIEVNGKRVRGRQYPWGVAEVENGEHCDFTILRNMLIRTHMQDLKDVTNNVHYENYRSRKLAAVTYNGVDNNKNKGQLTKSPLAQMEEERREHVAKMKKMEMEMEQVFEMKVKEKVQKLKDSEAELQRRHEQMKKNLEAQHKELEEKRRQFEDEKANWEAQQRILEQQNSSRTLEKNKKKGKIF,negatome,0,True
Q15024,MGSSHHHHHHSQDPMASVTLSEAEKVYIVHGVQEDLRVDGRGCEDYRCVEVETDVVSNTSGSARVKLGHTDILVGVKAEMGTPKLEKPNEGYLEFFVDCSASATPEFEGRGGDDLGTEIANTLYRIFNNKSSVDLKTLCISPREHCWVLYVDVLLLECGGNLFDAISIAVKAALFNTRIPRVRVLEDEEGSKDIELSDDPYDCIRLSVENVPCIVTLCKIGYRHVVDATLQEEACSLASLLVSVTSKGVVTCMRKVGKGSLDPESIFEMMETGKRVGKVLHASLQSVVHKEESLGPKRQKVGFLG,Q96B26,DPMAAGFKTVEPLEYYRRFLKENCRPDGRELGEFRTTTVNIGSISTADGSALVKLGNTTVICGVKAEFAAPSTDAPDKGYVVPNVDLPPLCSSRFRSGPPGEEAQVASQFIADVIENSQIIQKEDLCISPGKLVWVLYCDLICLDYDGNILDACTFALLAALKNVQLPEVTINEETALAEVNLKKKSYLNIRTHPVATSFAVFDDTLLIVDPTGEEEHLATGTLTIVMDEEGKLCCLHKPGGSGLTGAKLQDCMSRAVTRHKEVKKLMDEVIKSMKPK,negatome,0,True
Q15024,MGSSHHHHHHSQDPMASVTLSEAEKVYIVHGVQEDLRVDGRGCEDYRCVEVETDVVSNTSGSARVKLGHTDILVGVKAEMGTPKLEKPNEGYLEFFVDCSASATPEFEGRGGDDLGTEIANTLYRIFNNKSSVDLKTLCISPREHCWVLYVDVLLLECGGNLFDAISIAVKAALFNTRIPRVRVLEDEEGSKDIELSDDPYDCIRLSVENVPCIVTLCKIGYRHVVDATLQEEACSLASLLVSVTSKGVVTCMRKVGKGSLDPESIFEMMETGKRVGKVLHASLQSVVHKEESLGPKRQKVGFLG,Q9NQT4,SLMEEETHTDAKIRAENGTGSSPRGPGCSLRHFACEQNLLSRPDGSASFLQGDTSVLAGVYGPAEVKVSKEIFNKATLEVILRPKIGLPGVAEKSRERLIRNTCEAVVLGTLHPRTSITVVLQVVSDAGSLLACCLNAACMALVDAGVPMRALFCGVACALDSDGTLVLDPTSKQEKEARAVLTFALDSVERKLLMSSTKGLYSDTELQQCLAAAQAASQHVFRFYRESLQRRYSKS,negatome,0,True
Q15024,MGSSHHHHHHSQDPMASVTLSEAEKVYIVHGVQEDLRVDGRGCEDYRCVEVETDVVSNTSGSARVKLGHTDILVGVKAEMGTPKLEKPNEGYLEFFVDCSASATPEFEGRGGDDLGTEIANTLYRIFNNKSSVDLKTLCISPREHCWVLYVDVLLLECGGNLFDAISIAVKAALFNTRIPRVRVLEDEEGSKDIELSDDPYDCIRLSVENVPCIVTLCKIGYRHVVDATLQEEACSLASLLVSVTSKGVVTCMRKVGKGSLDPESIFEMMETGKRVGKVLHASLQSVVHKEESLGPKRQKVGFLG,Q9NQT5,MGSSHHHHHHSQDPMAEPASVAAESLAGSRARAARTVLGQVVLPGEELLLPEQEDAEGPGGAVERPLSLNARACSRVRVVCGPGLRRCGDRLLVTKCGRLRHKEPGSGSGGGVYWVDSQQKRYVPVKGDHVIGIVTAKSGDIFKVDVGGSEPASLSYLSFEGATKRNRPNVQVGDLIYGQFVVANKDMEPEMVCIDSCGRANGMGVIGQDGLLFKVTLGLIRKLLAPDCEIIQEVGKLYPLEIVFGMNGRIWVKAKTIQQTLILANILEACEHMTSDQRKQIFSRLAES,negatome,0,True
Q15024,MGSSHHHHHHSQDPMASVTLSEAEKVYIVHGVQEDLRVDGRGCEDYRCVEVETDVVSNTSGSARVKLGHTDILVGVKAEMGTPKLEKPNEGYLEFFVDCSASATPEFEGRGGDDLGTEIANTLYRIFNNKSSVDLKTLCISPREHCWVLYVDVLLLECGGNLFDAISIAVKAALFNTRIPRVRVLEDEEGSKDIELSDDPYDCIRLSVENVPCIVTLCKIGYRHVVDATLQEEACSLASLLVSVTSKGVVTCMRKVGKGSLDPESIFEMMETGKRVGKVLHASLQSVVHKEESLGPKRQKVGFLG,Q9Y3B2,MGSSHHHHHHSQDPMAPPVRYCIPGERLCNLEEGSPGSGTYTRHGYIFSSLAGCLMKSSENGALPVVSVVRETESQLLPDVGAIVTCKVSSINSRFAKVHILYVGSMPLKNSFRGTIRKEDVRATEKDKVEIYKSFRPGDIVLAKVISLGDAQSNYLLTTAENELGVVVAHSESGIQMVPISWCEMQCPKTHTKEFRKVARVQPEFLQT,negatome,0,True
Q15370,MDVFLMIRRHKTTIFTDAKESSTVFELKRIVEGILKRPPDEQRLYKDDQLLDDGKTLGECGFTSQTARPQAPATVGLAFRADDTFEALCIEPFSSPPELPDVMKPQDSGSSANEQAVQ,Q16665,DLDLEMLAPYIPMDDDFQLR,negatome,0,True
Q15819,GVKVPRNFRLLEELEEGQKGVGDGTVSWGLEDDEDMTLTRWTGMIIGPPRTNYENRIYSLKVECGPKYPEAPPSVRFVTKINMNGINNSSGMVDARSIPVLAKWQNSYSIKVVLQELRRLMMSKENMKLPQPPEGQTY,Q96FW1,SNPLVSERLELSVLYKEYAEDDNIYQQKIKDLHKKYSYIRKTRPDGNCFYRAFGFSHLEALLDDSKELQRFKAVSAKSKEDLVSQGFTEFTIEDFHNTFMDLIEQVEKQTSVADLLASFNDQSTSDYLVVYLRLLTSGYLQRESKFFEHFIEGGRTVKEFCQQEVEPMCKESDHIHIIALAQALSVSIQVEYMDRGEGGTTNPHIFPEGSEPKVYLLYRPGHYDILYK,negatome,0,True
Q16695,ARTMQTARKSTGGKAPRKQLA,Q9UKL0,RAKRKPPKGMFLSQEDVEAVSANATAATTVLRQLDMELVSVKRQIQNIKQTNSALKEKLDGGIEPYRLPEVIQKCNARWTTEEQLLAVQAIRKYGRDFQAISDVIGNKSVVQVKNFFVNYRRRFNIDEVLQEWEAEHGKEETNGPSNQKPVKSPDNSIKMPEEEDEAPVLDVRYASAS,negatome,0,True
Q5RKV6,MPGDHRRIRGPEESQPPQLYAADEEEAPGTRDPTRLRPVYARAGLLSQAKGSAYLEAGGTKVLCAVSGPRQAEGGERGGGPAGAGGEAPAALRGRLLCDFRRAPFAGRRRRAPPGGCEERELALALQEALEPAVRLGRYPRAQLEVSALLLEDGGSALAAALTAAALALADAGVEMYDLVVGCGLSLAPGPAPTWLLDPTRLEEERAAAGLTVALMPVLNQVAGLLGSGEGGLTESWAEAVRLGLEGCQRLYPVLQQSLVRAARRRGAAAQP,Q9NPD3,MADPMAGLELLSDQGYRVDGRRAGELRKIQARMGVFAQADGSAYIEQGNTKALAVVYGPHEIRGSRARALPDRALVNCQYSSATFSTGERKRRPHGDRKSCEMGLQLRQTFEAAILTQLHPRSQIDIYVQVLQADGGTYAACVNAATLAVLDAGIPMRDFVCACSAGFVDGTALADLSHVEEAAGGPQLALALLPASGQIALLEMDARLHEDHLERVLEAAAQAARDVHTLLDRVVRQHVREASILLGD,negatome,0,True
Q5RKV6,MPGDHRRIRGPEESQPPQLYAADEEEAPGTRDPTRLRPVYARAGLLSQAKGSAYLEAGGTKVLCAVSGPRQAEGGERGGGPAGAGGEAPAALRGRLLCDFRRAPFAGRRRRAPPGGCEERELALALQEALEPAVRLGRYPRAQLEVSALLLEDGGSALAAALTAAALALADAGVEMYDLVVGCGLSLAPGPAPTWLLDPTRLEEERAAAGLTVALMPVLNQVAGLLGSGEGGLTESWAEAVRLGLEGCQRLYPVLQQSLVRAARRRGAAAQP,Q9NQT4,SLMEEETHTDAKIRAENGTGSSPRGPGCSLRHFACEQNLLSRPDGSASFLQGDTSVLAGVYGPAEVKVSKEIFNKATLEVILRPKIGLPGVAEKSRERLIRNTCEAVVLGTLHPRTSITVVLQVVSDAGSLLACCLNAACMALVDAGVPMRALFCGVACALDSDGTLVLDPTSKQEKEARAVLTFALDSVERKLLMSSTKGLYSDTELQQCLAAAQAASQHVFRFYRESLQRRYSKS,negatome,0,True
Q5RKV6,MPGDHRRIRGPEESQPPQLYAADEEEAPGTRDPTRLRPVYARAGLLSQAKGSAYLEAGGTKVLCAVSGPRQAEGGERGGGPAGAGGEAPAALRGRLLCDFRRAPFAGRRRRAPPGGCEERELALALQEALEPAVRLGRYPRAQLEVSALLLEDGGSALAAALTAAALALADAGVEMYDLVVGCGLSLAPGPAPTWLLDPTRLEEERAAAGLTVALMPVLNQVAGLLGSGEGGLTESWAEAVRLGLEGCQRLYPVLQQSLVRAARRRGAAAQP,Q9NQT5,MGSSHHHHHHSQDPMAEPASVAAESLAGSRARAARTVLGQVVLPGEELLLPEQEDAEGPGGAVERPLSLNARACSRVRVVCGPGLRRCGDRLLVTKCGRLRHKEPGSGSGGGVYWVDSQQKRYVPVKGDHVIGIVTAKSGDIFKVDVGGSEPASLSYLSFEGATKRNRPNVQVGDLIYGQFVVANKDMEPEMVCIDSCGRANGMGVIGQDGLLFKVTLGLIRKLLAPDCEIIQEVGKLYPLEIVFGMNGRIWVKAKTIQQTLILANILEACEHMTSDQRKQIFSRLAES,negatome,0,True
Q8N8S7,AARMSEQSICQARAAVMVYDDANKKWVPAGGSTGFSRVHIYHHTGNNTFRVVGRKIQDHQVVINCAIPKGLKYNQATQTFHQWRDARQVYGLNFGSKEDANVFASAMMHALEVLNSQET,Q9Y615,MWAPPAAIMGDGPTKKVGNQAPLQTQALQTASLRDGPAKRAVWVRHTSSEPQEPTESKAAKERPK,negatome,0,True
Q8WUW1,MAGQEDPVQREIHQDWANREYIEIITSSIKKIADFLNSFDMSCRSRLATLNEKLTALERRIEYIEARVTKGETLT,Q9Y2A7,MSRSVLQPSQQKLAEKLTILNDRGVGMLTRLYNIKKACGDPKAKPSYLIDKNLESAVKFIVRKFPAVETRNNNQQLAQLQKEKSEILKNLALYYFTFVDVMEFKDHVCELLNTIDVCQVFFDITVNFDLTKNYLDLIITYTTLMILLSRIEERKAIIGLYNYAHEMTHGASDREYPRLGQMIVDYENPLKKMMEEFVPHSKSLSDALISLQMVYPRRNLSADQWRNAQLLSLISAPSTMLNPAQSDTMPCEYLSLDAMEKWIIFGFILCHGILNTDATALNLWKLALQSSSCLSLFRDEVFHIHKAAEDLFVNIRGYNKRINDIRECKEAAVSHAGSMHRERRKFLRSALKELATVLSDQPGLLGPKALFVFMALSFARDEIIWLLRHADNMPKKSADDFIDKHIAELIFYMEELRAHVRKYGPVMQRYYVQYLSGFDAVVLNELVQNLSVCPEDESIIMSSFVNTMTSLSVKQVEDGEVFDFRGMRLDWFRLQAYTSVSKASLGLADHRELGKMMNTIIFHTKMVDSLVEMLVETSDLSIFCFYSRAFEKMFQQCLELPSQSRYSIAFPLLCTHFMSCTHELCPEERHHIGDRSLSLCNMFLDEMAKQARNLITDICTEQCTLSDQLLPKHCAKTISQAVNKKSKKQTGKKGEPEREKPGVESMRKNRLVVTNLDKLHTALSELCFSINYVPNMVVWEHTFTPREYLTSHLEIRFTKSIVGMTMYNQATQEIAKPSELLTSVRAYMTVLQSIENYVQIDITRVFNNVLLQQTQHLDSHGEPTITSLYTNWYLETLLRQVSNGHIAYFPAMKAFVNLPTENELTFNAEEYSDISEMRSLSELLGPYGMKFLSESLMWHISSQVAELKKLVVENVDVLTQMRTSFDKPDQMAALFKRLSSVDSVLKRMTIIGVILSFRSLAQEALRDVLSYHIPFLVSSIEDFKDHIPRETDMKVAMNVYELSSAAGLPCEIDPALVVALSSQKSENISPEEEYKIACLLMVFVAVSLPTLASNVMSQYSPAIEGHCNNIHCLAKAINQIAAALFTIHKGSIEDRLKEFLALASSSLLKIGQETDKTTTRNRESVYLLLDMIVQESPFLTMDLLESCFPYVLLRNAYHAVYKQSVTSSA,negatome,0,True
Q92558,MPLVKRNIDPRHLCHTALPRGIKNELECVTNISLANIIRQLSSLSKYAEDIFGELFNEAHSFSFRVNSLQERVDRLSVSVTQLDPKEEELSLQDITMRKAFRSSTIQDQQLFDRKTLPIPLQETYDVCEQPPPLNILTPYRDDGKEGLKFYTNPSYFFDLWKEKMLQDTEDKRKEKRKQKQKNLDRGGSGGSGGSGGSGGSGGSKRHPSTLPVISDARSVLLEAIRKGIQLRKVEEQREQEAKHERIENDVATILSRRIAVEYSDSEDDSEFDEVDWLE,Q9Y2A7,MSRSVLQPSQQKLAEKLTILNDRGVGMLTRLYNIKKACGDPKAKPSYLIDKNLESAVKFIVRKFPAVETRNNNQQLAQLQKEKSEILKNLALYYFTFVDVMEFKDHVCELLNTIDVCQVFFDITVNFDLTKNYLDLIITYTTLMILLSRIEERKAIIGLYNYAHEMTHGASDREYPRLGQMIVDYENPLKKMMEEFVPHSKSLSDALISLQMVYPRRNLSADQWRNAQLLSLISAPSTMLNPAQSDTMPCEYLSLDAMEKWIIFGFILCHGILNTDATALNLWKLALQSSSCLSLFRDEVFHIHKAAEDLFVNIRGYNKRINDIRECKEAAVSHAGSMHRERRKFLRSALKELATVLSDQPGLLGPKALFVFMALSFARDEIIWLLRHADNMPKKSADDFIDKHIAELIFYMEELRAHVRKYGPVMQRYYVQYLSGFDAVVLNELVQNLSVCPEDESIIMSSFVNTMTSLSVKQVEDGEVFDFRGMRLDWFRLQAYTSVSKASLGLADHRELGKMMNTIIFHTKMVDSLVEMLVETSDLSIFCFYSRAFEKMFQQCLELPSQSRYSIAFPLLCTHFMSCTHELCPEERHHIGDRSLSLCNMFLDEMAKQARNLITDICTEQCTLSDQLLPKHCAKTISQAVNKKSKKQTGKKGEPEREKPGVESMRKNRLVVTNLDKLHTALSELCFSINYVPNMVVWEHTFTPREYLTSHLEIRFTKSIVGMTMYNQATQEIAKPSELLTSVRAYMTVLQSIENYVQIDITRVFNNVLLQQTQHLDSHGEPTITSLYTNWYLETLLRQVSNGHIAYFPAMKAFVNLPTENELTFNAEEYSDISEMRSLSELLGPYGMKFLSESLMWHISSQVAELKKLVVENVDVLTQMRTSFDKPDQMAALFKRLSSVDSVLKRMTIIGVILSFRSLAQEALRDVLSYHIPFLVSSIEDFKDHIPRETDMKVAMNVYELSSAAGLPCEIDPALVVALSSQKSENISPEEEYKIACLLMVFVAVSLPTLASNVMSQYSPAIEGHCNNIHCLAKAINQIAAALFTIHKGSIEDRLKEFLALASSSLLKIGQETDKTTTRNRESVYLLLDMIVQESPFLTMDLLESCFPYVLLRNAYHAVYKQSVTSSA,negatome,0,True
Q96B26,DPMAAGFKTVEPLEYYRRFLKENCRPDGRELGEFRTTTVNIGSISTADGSALVKLGNTTVICGVKAEFAAPSTDAPDKGYVVPNVDLPPLCSSRFRSGPPGEEAQVASQFIADVIENSQIIQKEDLCISPGKLVWVLYCDLICLDYDGNILDACTFALLAALKNVQLPEVTINEETALAEVNLKKKSYLNIRTHPVATSFAVFDDTLLIVDPTGEEEHLATGTLTIVMDEEGKLCCLHKPGGSGLTGAKLQDCMSRAVTRHKEVKKLMDEVIKSMKPK,Q9NPD3,MADPMAGLELLSDQGYRVDGRRAGELRKIQARMGVFAQADGSAYIEQGNTKALAVVYGPHEIRGSRARALPDRALVNCQYSSATFSTGERKRRPHGDRKSCEMGLQLRQTFEAAILTQLHPRSQIDIYVQVLQADGGTYAACVNAATLAVLDAGIPMRDFVCACSAGFVDGTALADLSHVEEAAGGPQLALALLPASGQIALLEMDARLHEDHLERVLEAAAQAARDVHTLLDRVVRQHVREASILLGD,negatome,0,True
Q96B26,DPMAAGFKTVEPLEYYRRFLKENCRPDGRELGEFRTTTVNIGSISTADGSALVKLGNTTVICGVKAEFAAPSTDAPDKGYVVPNVDLPPLCSSRFRSGPPGEEAQVASQFIADVIENSQIIQKEDLCISPGKLVWVLYCDLICLDYDGNILDACTFALLAALKNVQLPEVTINEETALAEVNLKKKSYLNIRTHPVATSFAVFDDTLLIVDPTGEEEHLATGTLTIVMDEEGKLCCLHKPGGSGLTGAKLQDCMSRAVTRHKEVKKLMDEVIKSMKPK,Q9NQT5,MGSSHHHHHHSQDPMAEPASVAAESLAGSRARAARTVLGQVVLPGEELLLPEQEDAEGPGGAVERPLSLNARACSRVRVVCGPGLRRCGDRLLVTKCGRLRHKEPGSGSGGGVYWVDSQQKRYVPVKGDHVIGIVTAKSGDIFKVDVGGSEPASLSYLSFEGATKRNRPNVQVGDLIYGQFVVANKDMEPEMVCIDSCGRANGMGVIGQDGLLFKVTLGLIRKLLAPDCEIIQEVGKLYPLEIVFGMNGRIWVKAKTIQQTLILANILEACEHMTSDQRKQIFSRLAES,negatome,0,True
Q9NPD3,MADPMAGLELLSDQGYRVDGRRAGELRKIQARMGVFAQADGSAYIEQGNTKALAVVYGPHEIRGSRARALPDRALVNCQYSSATFSTGERKRRPHGDRKSCEMGLQLRQTFEAAILTQLHPRSQIDIYVQVLQADGGTYAACVNAATLAVLDAGIPMRDFVCACSAGFVDGTALADLSHVEEAAGGPQLALALLPASGQIALLEMDARLHEDHLERVLEAAAQAARDVHTLLDRVVRQHVREASILLGD,Q9NQT4,SLMEEETHTDAKIRAENGTGSSPRGPGCSLRHFACEQNLLSRPDGSASFLQGDTSVLAGVYGPAEVKVSKEIFNKATLEVILRPKIGLPGVAEKSRERLIRNTCEAVVLGTLHPRTSITVVLQVVSDAGSLLACCLNAACMALVDAGVPMRALFCGVACALDSDGTLVLDPTSKQEKEARAVLTFALDSVERKLLMSSTKGLYSDTELQQCLAAAQAASQHVFRFYRESLQRRYSKS,negatome,0,True
Q9NPD3,MADPMAGLELLSDQGYRVDGRRAGELRKIQARMGVFAQADGSAYIEQGNTKALAVVYGPHEIRGSRARALPDRALVNCQYSSATFSTGERKRRPHGDRKSCEMGLQLRQTFEAAILTQLHPRSQIDIYVQVLQADGGTYAACVNAATLAVLDAGIPMRDFVCACSAGFVDGTALADLSHVEEAAGGPQLALALLPASGQIALLEMDARLHEDHLERVLEAAAQAARDVHTLLDRVVRQHVREASILLGD,Q9NQT5,MGSSHHHHHHSQDPMAEPASVAAESLAGSRARAARTVLGQVVLPGEELLLPEQEDAEGPGGAVERPLSLNARACSRVRVVCGPGLRRCGDRLLVTKCGRLRHKEPGSGSGGGVYWVDSQQKRYVPVKGDHVIGIVTAKSGDIFKVDVGGSEPASLSYLSFEGATKRNRPNVQVGDLIYGQFVVANKDMEPEMVCIDSCGRANGMGVIGQDGLLFKVTLGLIRKLLAPDCEIIQEVGKLYPLEIVFGMNGRIWVKAKTIQQTLILANILEACEHMTSDQRKQIFSRLAES,negatome,0,True
Q9NPD3,MADPMAGLELLSDQGYRVDGRRAGELRKIQARMGVFAQADGSAYIEQGNTKALAVVYGPHEIRGSRARALPDRALVNCQYSSATFSTGERKRRPHGDRKSCEMGLQLRQTFEAAILTQLHPRSQIDIYVQVLQADGGTYAACVNAATLAVLDAGIPMRDFVCACSAGFVDGTALADLSHVEEAAGGPQLALALLPASGQIALLEMDARLHEDHLERVLEAAAQAARDVHTLLDRVVRQHVREASILLGD,Q9Y3B2,MGSSHHHHHHSQDPMAPPVRYCIPGERLCNLEEGSPGSGTYTRHGYIFSSLAGCLMKSSENGALPVVSVVRETESQLLPDVGAIVTCKVSSINSRFAKVHILYVGSMPLKNSFRGTIRKEDVRATEKDKVEIYKSFRPGDIVLAKVISLGDAQSNYLLTTAENELGVVVAHSESGIQMVPISWCEMQCPKTHTKEFRKVARVQPEFLQT,negatome,0,True
O15234,PQRSVEGWILFVTGVHEEATEEDIHDKFAEYGEIKNIHLNLDRRTGYLKGYTLVEYETYKEAQAAMEGLNGQDLMGQPISVDWCFVRGP,Q9Y5S9,DTKSTVTGERQSGDGQESTEPVENKVGKKGPKHLDDDEDRKNPAYIPRKGLFFEHDLRGQTQEEEVRPKGRQRKLWKDEGRWEHDKFREDEQAPKSRQELIALYGYDIRSAHNPDDIKPRRIRKPRYGSPPQRDPNWNGERLNKSHRHQG,negatome,0,True
