id_1,seq_1,id_2,seq_2,dataset,interaction
Q97ZJ9,MGLERDEILSQDLHFNEVFISLWQNRLTRYEIARVISARALQLAMGAPALIDINNLSSTDVISIAEEEFRRGVLPITIRRRLPNGKIILLSLRKS,Q980Z8,MLIPIRCFTCGSLIADKWQSFITRVNAGENPGKVLDDLGVKRYCCRRMLLSHVDIINEVIHYTRPI,negatome,0
P0C2H6,MAKFLKAGKVAVVVRGRYAGKKVVIVKPHDEGSKSHPFGHALVAGIERYPLKVTKKHGAKKVAKRTKIKPFIKVVNYNHLLPTRYTLDVEAFKSVVSTETFEQPSQREEAKKVVKKAFEERHQAGKNQWFFSKLRF,P10664,MSRPQVTVHSLTGEATANALPLPAVFSAPIRPDIVHTVFTSVNKNKRQAYAVSEKAGHQTSAESWGTGRAVARIPRVGGGGTGRSGQGAFGNMCRGGRMFAPTKTWRKWNVKVNHNEKRYATASAIAATAVASLVLARGHRVEKIPEIPLVVSTDLESIQKTKEAVAALKAVGAHSDLLKVLKSKKLRAGKGKYRNRRWTQRRGPLVVYAEDNGIVKALRNVPGVETANVASLNLLQLAPGAHLGRFVIWTEAAFTKLDQVWGSETVASSKVGYTLPSHIISTSDVTRIINSSEIQSAIRPAGQATQKRTHVLKKNPLKNKQVLLRLNPYAKVFAAEKLGSKKAEKTGTKPAAVFTETLKHD,negatome,0
O14459,MPFFLKELSLTISLHPSYFGPRMQDYLKAKLLADVEGTCSGQYGYIICVLDSNTIDIDKGRVVPGQGFAEFEVKYRAVLWRPFRGEVVDAIVTTVNKMGFFANIGPLNVFVSSHLVPPDMKFDPTANPPNYSGEDQVIEKGSNVRLKIVGTRTDATEIFAIATMKEDYLGVL,O74635,MSNFQYCIECNNMLYPREDKVDRVLRLACRNCDYSEIAATSKVYRHELQSSNVENTTVSHDASTDPTLPRSDKECPRCHQHEAVFYQTHSRRGDTMMTLIYVCVHCGFAFEEQ,negatome,0
P0CX82,MANLRTQKRLAASVVGVGKRKVWLDPNETSEIAQANSRNAIRKLVKNGTIVKKAVTVHSKSRTRAHAQSKREGRHSGYGKRKGTREARLPSQVVWIRRLRVLRRLLAKYRDAGKIDKHLYHVLYKESKGNAFKHKRALVEHIIQAKADAQREKALNEEAEARRLKNRAARDRRAQRVAEKRDALLKEDA,P26321,MAFQKDAKSSAYSSRFQTPFRRRREGKTDYYQRKRLVTQHKAKYNTPKYRLVVRFTNKDIICQIISSTITGDVVLAAAYSHELPRYGITHGLTNWAAAYATGLLIARRTLQKLGLDETYKGVEEVEGEYELTEAVEDGPRPFKVFLDIGLQRTTTGARVFGALKGASDGGLYVPHSENRFPGWDFETEEIDPELLRSYIFGGHVSQYMEELADDDEERFSELFKGYLADDIDADSLEDIYTSAHEAIRADPAFKPTEKKFTKEQYAAESKKYRQTKLSKEERAARVAAKIAALAGQQ,negatome,0
P0CX27,MVNVPKTRKTYCKGKTCRKHTQHKVTQYKAGKASLFAQGKRRYDRKQSGFGGQTKPVFHKKAKTTKKVVLRLECVKCKTRAQLTLKRCKHFELGGEKKQKGQALQF,P17076,MAPGKKVAPAPFGAKSTKSNKTRNPLTHSTPKNFGIGQAVQPKRNLSRYVKWPEYVRVQRQKKILSIRLKVPPTIAQFQYTLDRNTAAETFKLFNKYRPETAAEKKERLTKEAAAVAEGKSKQDASPKPYAVKYGLNHVVALIENKKAKLVLIANDVDPIELVVFLPALCKKMGVPYAIVKGKARLGTLVNQKTSAVAALTEVRAEDEAALAKLVSTIDANFADKYDEVKKHWGGGILGNKAQAKMDKRAKNSDSA,negatome,0
P0A403,MALTDTQVYVALVIALLPAVLAFRLSTELYK,P0A415,AHTVKIYDTCIGCTQCVRACPTDVLEMVPWDGCKAGQIASSPRTEDCVGCKRCETACPTDFLSIRVYLGAETTRSMGLAY,negatome,0
P05749,MAPNTSRKQKIAKTFTVDVSSPTENGVFDPASYAKYLIDHIKVEGAVGNLGNAVTVTEDGTVVTVVSTAKFSGKYLKYLTKKYLKKNQLRDWIRFVSTKTNEYRLAFYQVTPEEDEEEDEE,P0CX49,MGIDHTSKQHKRSGHRTAPKSDNVYLKLLVKLYTFLARRTDAPFNKVVLKALFLSKINRPPVSVSRIARALKQEGAANKTVVVVGTVTDDARIFEFPKTTVAALRFTAGARAKIVKAGGECITLDQLAVRAPKGQNTLILRGPRNSREAVRHFGMGPHKGKAPRILSTGRKFERARGRRRSKGFKV,negatome,0
P05744,MAESHRLYVKGKHLSYQRSKRVNNPNVSLIKIEGVATPQDAQFYLGKRIAYVYRASKEVRGSKIRVMWGKVTRTHGNSGVVRATFRNNLPAKTFGASVRIFLYPSNI,P0CX27,MVNVPKTRKTYCKGKTCRKHTQHKVTQYKAGKASLFAQGKRRYDRKQSGFGGQTKPVFHKKAKTTKKVVLRLECVKCKTRAQLTLKRCKHFELGGEKKQKGQALQF,negatome,0
P02605,DEDETTALVCDNGSGLVKAGFAGDDAPRAVFPSIVGRPRHQGVMVGMGQKDSYVGDEAQSKRGILTLKYPIEHGIITNWDDMEKIWHHTFYNELRVAPEEHPTLLTEAPLNPKANREKMTQIMFETFNVPAMYVAIQAVLSLYASGRTTGIVLDSGDGVTHNVPIYEGYALPHAIMRLDLAGRDLTDYLMKILTERGYSFVTTAEREIVRDIKEKLCYVALDFENEMATAASSSSLEKSYELPDGQVITIGNERFRCPETLFQPSFIGMESAGIHETTYNSIMKCDIDIRKDLYANNVMSGGTTMYPGIADRMQKEITALAPSTMKIKIIAPPERKYSVWIGGSILASLSTFQQMWITKQEYDEAGPSIVHRKCF,P68135,SKAAADDFKEAFLLFDRTGDAKITASQVGDIARALGQNPTNAEINKILGNPSKEEMNAAAITFEEFLPMLQAAANNKDQGTFEDFVEGLRVFDKEGNGTVMGAELRHVLATLGEKMTEEEVEELMKGQEDSNGCINYEAFVKHIMSV,negatome,0
P0C0W9,MSAKAQNPMRDLKIEKLVLNISVGESGDRLTRASKVLEQLSGQTPVQSKARYTVRTFGIRRNEKIAVHVTVRGPKAEEILERGLKVKEYQLRDRNFSATGNFGFGIDEHIDLGIKYDPSIGIFGMDFYVVMNRPGARVTRRKRCKGTVGNSHKTTKEDTVSWFKQKYDADVLDK,P17076,MAPGKKVAPAPFGAKSTKSNKTRNPLTHSTPKNFGIGQAVQPKRNLSRYVKWPEYVRVQRQKKILSIRLKVPPTIAQFQYTLDRNTAAETFKLFNKYRPETAAEKKERLTKEAAAVAEGKSKQDASPKPYAVKYGLNHVVALIENKKAKLVLIANDVDPIELVVFLPALCKKMGVPYAIVKGKARLGTLVNQKTSAVAALTEVRAEDEAALAKLVSTIDANFADKYDEVKKHWGGGILGNKAQAKMDKRAKNSDSA,negatome,0
P05737,MAAEKILTPESQLKKSKAQQKTAEQVAAERAARKAANKEKRAIILERNAAYQKEYETAERNIIQAKRDAKAAGSYYVEAQHKLVFVVRIKGINKIPPKPRKVLQLLRLTRINSGTFVKVTKATLELLKLIEPYVAYGYPSYSTIRQLVYKRGFGKINKQRVPLSDNAIIEANLGKYGILSIDDLIHEIITVGPHFKQANNFLWPFKLSNPSGGWGVPRKFKHFIQGGSFGNREEFINKLVKSMN,P05744,MAESHRLYVKGKHLSYQRSKRVNNPNVSLIKIEGVATPQDAQFYLGKRIAYVYRASKEVRGSKIRVMWGKVTRTHGNSGVVRATFRNNLPAKTFGASVRIFLYPSNI,negatome,0
P0CX82,MANLRTQKRLAASVVGVGKRKVWLDPNETSEIAQANSRNAIRKLVKNGTIVKKAVTVHSKSRTRAHAQSKREGRHSGYGKRKGTREARLPSQVVWIRRLRVLRRLLAKYRDAGKIDKHLYHVLYKESKGNAFKHKRALVEHIIQAKADAQREKALNEEAEARRLKNRAARDRRAQRVAEKRDALLKEDA,P87262,MAQRVTFRRRNPYNTRSNKIKVVKTPGGILRAQHVKKLATRPKCGDCGSALQGISTLRPRQYATVSKTHKTVSRAYGGSRCANCVKERIIRAFLIEEQKIVKKVVKEQTEAAKKSEKKAKK,negatome,0
O35955,TTIAGLVFRDGVILGADTRATNDSVVADKSCEKIHFIAPKIYCCGAGVAADTEMTTRMAASKMELHALSTGREPRVATVTRILRQTLFRYQGHVGASLVVGGVDLNGPQLYEVHPHGSYSRLPFTALGSGQGAAVALLEDRFQPNMTLEAAQELLVEAITAGILSDLGSGGNVDACVITAGGAKLQRALSTPTEPVQRAGRYRFAPGTTPVLTREVRPLTLELLEETVQAMEVE,Q9R1P3,MEYLIGIQGPDYVLVASDRVAASNIVQMKDDHDKMFKMSEKILLLCVGEAGDTVQFAEYIQKNVQLYKMRNGYELSPTAAANFTRRNLADCLRSRTPYHVNLLLAGYDEHEGPALYYMDYLAALAKAPFAAHGYGAFLTLSILDRYYTPTISRERAVELLRKCLEELQKRFILNLPTFSVRVIDKDGIHNLENIAFPKRDS,negatome,0
Q8DJI1,MGIFNGIIEFLSNINFEVIAQLTMIAMIGIAGPMIIFLLAVRRGNL,Q8DJZ6,METLKITVYIVVTFFVLLFVFGFLSGDPARNPKRKDLE,negatome,0
O35955,TTIAGLVFRDGVILGADTRATNDSVVADKSCEKIHFIAPKIYCCGAGVAADTEMTTRMAASKMELHALSTGREPRVATVTRILRQTLFRYQGHVGASLVVGGVDLNGPQLYEVHPHGSYSRLPFTALGSGQGAAVALLEDRFQPNMTLEAAQELLVEAITAGILSDLGSGGNVDACVITAGGAKLQRALSTPTEPVQRAGRYRFAPGTTPVLTREVRPLTLELLEETVQAMEVE,Q9R1P4,MFRNQYDNDVTVWSPQGRIHQIEYAMEAVKQGSATVGLKSKTHAVLVALKRAQSELAAHQKKILHVDNHIGISIAGLTADARLLCNFMRQECLDSRFVFDRPLPVSRLVSLIGSKTQIPTQRYGRRPYGVGLLIAGYDDMGPHIFQTCPSANYFDCRAMSIGARSQSARTYLERHMSEFMECNLDELVKHGLRALRETLPAEQDLTTKNVSIGIVGKDLEFTIYDDDDVSPFLDGLEERPQRKAQPSQAAEEPAEKADEPMEH,negatome,0
P0CX45,MGRVIRNQRKGAGSIFTSHTRLRQGAAKLRTLDYAERHGYIRGIVKQIVHDSGRGAPLAKVVFRDPYKYRLREEIFIANEGVHTGQFIYAGKKASLNVGNVLPLGSVPEGTIVSNVEEKPGDRGALARASGNYVIIIGHNPDENKTRVRLPSGAKKVISSDARGVIGVIAGGGRVDKPLLKAGRAFHKYRLKRNSWPKTRGVAMNPVDHPHGGGNHQHIGKASTISRGAVSGQKAGLIAARRTGLLRGSQKTQD,P49167,MAREITDIKQFLELTRRADVKTATVKINKKLNKAGKPFRQTKFKVRGSSSLYTLVINDAGKAKKLIQSLPPTLKVNRL,negatome,0
P05744,MAESHRLYVKGKHLSYQRSKRVNNPNVSLIKIEGVATPQDAQFYLGKRIAYVYRASKEVRGSKIRVMWGKVTRTHGNSGVVRATFRNNLPAKTFGASVRIFLYPSNI,P41805,MARRPARCYRYQKNKPYPKSRYNRAVPDSKIRIYDLGKKKATVDEFPLCVHLVSNELEQLSSEALEAARICANKYMTTVSGRDAFHLRVRVHPFHVLRINKMLSCAGADRLQQGMRGAWGKPHGLAARVDIGQIIFSVRTKDSNKDVVVEGLRRARYKFPGQQKIILSKKWGFTNLDRPEYLKKREAGEVKDDGAFVKFLSKKGSLENNIREFPEYFAAQA,negatome,0
P87262,MAQRVTFRRRNPYNTRSNKIKVVKTPGGILRAQHVKKLATRPKCGDCGSALQGISTLRPRQYATVSKTHKTVSRAYGGSRCANCVKERIIRAFLIEEQKIVKKVVKEQTEAAKKSEKK,Q02753,MGKSHGYRSRTRYMFQRDFRKHGAVHLSTYLKVYKVGDIVDIKANGSIQKGMPHKFYQGKTGVVYNVTKSSVGVIINKMVGNRYLEKRLNLRVEHIKHSKCRQEFLERVKANAAKRAEAKAQGVAVQLKRQPAQPRESRIVSTEGNVPQTLAPVPYETFI,negatome,0
P0CX41,MSGNGAQGTKFRISLGLPVGAIMNCADNSGARNLYIIAVKGSGSRLNRLPAASLGDMVMATVKKGKPELRKKVMPAIVVRQAKSWRRRDGVFLYFEDNAGVIANPKGEMKGSAITGPVGKECADLWPRVASNSGVVV,P49166,MGKGTPSFGKRHNKSHTLCNRCGRRSFHVQKKTCSSCGYPAAKTRSYNWGAKAKRRHTTGTGRMRYLKHVSRRFKNGFQTGSASKASA,negatome,0
P04449,MKVEIDSFSGAKIYPGRGTLFVRGDSKIFRFQNSKSASLFKQRKNPRRIAWTVLFR,P26321,AYSSRFQTPFRRRREGKTDYYQRKRLVTQHKAKYNTPKYRLVVRFTNKDIICQIISSTITGDVVLAAAYSHELPRYGITHGLTNWAAAYATGLLIARRTLQRLGLDETYKGVEEVEGEYELTEAVEDGPRPFKVFLDIGLQRTTTGARVFGALKGASDGGLYVPHSENRFPGWDFETEEIDPELLRSYIFGGHVSQYMEELADDDEERFSELFKGYLADDID,negatome,0
Q8DHJ2,MTILFQLALAALVILSFVMVIGVPVAYASPQDWDRSKQLIFLGSGLWIALVLVVGVLNFFVV,Q8DIN9,MTSNTPNQEPVSYPIFTVRWVAVHTLAVPTIFFLGAIAAMQFIQR,negatome,0
Q60692,TTIMAVQFNGGVVLGADSRTTTGSYIANRVTDKLTPIHDHIFCCRSGSAADTQAVADAVTYQLGFHSIELNEPPLVHTAASLFKEMCYRYREDLMAGIIIAGWDPQEGGQVYSVPMGGMMVRQSFAIGGSGSSYIYGYVDATYREGMTKDECLQFTANALALAMERDGSSGGVIRLAAIQESGVERQVLLGDQIPKFTIATLPPP,Q9Z2U1,MFLTRSEYDRGVNTFSPEGRLFQVEYAIEAIKLGSTAIGIQTSEGVCLAVEKRITSPLMEPSSIEKIVEIDAHIGCAMSGLIADAKTLIDKARVETQNHWFTYNETMTVESVTQAVSNLALQFGEEDADPGAMSRPFGVALLFGGVDEKGPQLFHMDPSGTFVQCDARAIGSASEGAQSSLQEVYHKSMTLKEAIKSSLIILKQVMEEKLNATNIELATVQPGQNFHMFTKEELEEVIKDI,negatome,0
P87262,MAQRVTFRRRNPYNTRSNKIKVVKTPGGILRAQHVKKLATRPKCGDCGSALQGISTLRPRQYATVSKTHKTVSRAYGGSRCANCVKERIIRAFLIEEQKIVKKVVKEQTEAAKKSEKK,Q02326,MSAQKAPKWYPSEDVAALKKTRKAARPQKLRASLVPGTVLILLAGRFRGKRVVYLKHLEDNTLLISGPFKVNGVPLRRVNARYVIATSTKVSVEGVNVEKFNVEYFAKEKLTKKEKKEANLFPEQQNKEIKAERVEDQKVVDKALIAEIKKTPLLKQYLSASFSLKNGDKPHMLKF,negatome,0
P0CX23,MAHFKEYQVIGRRLPTESVPEPKLFRMRIFASNEVIAKSRYWYFLQKLHKVKKASGEIVSINQINEAHPTKVKNFGVWVRYDSRSGTHNMYKEIRDVSRVAAVETLYQDMAARHRARFRSIHILKVAEIEKTADVKRQYVKQFLTKDLKFPLPHRVQKSTKTFSYKRPSTFY,P26784,MSVSEQPVVVIDGAKGDHLVLGRLASVTVIAKQLVLNGQKIVVVRAEEALNISGEFFRNKLKYHDFLRKATAFNKTRGPFHFRAPSRIFLYKALIRGMVSHKTARGKAALERLKVIFEGIPPPYDKKKRVVVPQALRVLRLKPGRKYTTLGKLSTSVGWKYEDVVAKLEADKRKVSRSAEYYAKKRAFTKKVASSANSATAAASESDVAKQLAASLFGY,negatome,0
P05747,MAKSKNHTAHNQTRKAHRNGIKKPKTYKYPSLKGVDPKFRRNHKHALHGTAKALAAAKK,P0CX84,MAGVKAYELRTKSKEQLASQLVDLKKELAELKVQKLSRPSLPKIKTVRKSIACVLTVINEQQREAVRQLYKGKKYQPKDLRAKKTRALRRALTKFEASQVTEKQRKKQIAFPQRKYAIKA,negatome,0
Q56218,MALKDLFERDVQELEREGILFTTLEKLVAWGRSNSLWPATFGLACCAIEMMASTDARNDLARFGSEVFRASPRQADVMIVAGRLSKKMAPVMRRVWEQMPDPKWVISMGACASSGGMFNNYAIVQNVDSVVPVDVYVPGCPPRPEALIYAVMQLQKKVRGQAYNERGERLPPVAAWKRTRG,Q56223,MVRVKVNDRIVEVPPGTSVMDAVFHAGYDVPLFCSEKHLSPIGACRMCLVRIGLPKKGPDGKPLLNEKGEPEIQWQPKLAASCVTAVADGMVVDTLSDVVREAQAGMVEFTLLNHPLDCPTCDKGGACELQDRTVEYGLYEKYYQKGPLELPVYTRFEFTRRHVDKHHPLSPFVILDRERCIHCKRCVRYFEEVPGDEVLDFIERGVHTFIGTMDFGLPSGFSGNITDICPVGALLDLTARFRARNWEMEETPTTCALCPVGCGITADTRSGELLRIRAREVPEVNEIWICDAGRFGHEWADQNRLKTPLVRKEGRLVEATWEEAFLALKEGLKEARGEEVGLYLAHDATLEEGLLASELAKALKTPHLDFQGRTAAPASLFPPASLEDLLQADFALVLGDPTEEAPILHLRLSEFVRDLKPPHRYNHGTPFADLQIKERMPRRTDKMALFAPYRAPLMKWAAIHEVHRPGEEREILLALLGDKEGSEMVAKAKEAWEKAKNPVLILGAGVLQDTVAAERARLLAERKGAKVLAMTPAANARGLEAMGVLPGAKGASWDEPGALYAYYGFVPPEEALKGKRFVVMHLSHLHPLAERYAHVVLPAPTFYEKRGHLVNLEGRVLPLSPAPIENGEAEGALQVLALLAEALGVRPPFRLHLEAQKALKARKVPEAMGRLSFRLKELRPKERKGAFYLRPTMWKAHQAVGKAQEAARAELWAHPETARAEALPEGAQVAVETPFGRVEARVVHREDVPKGHLYLSALGPAAGLRVEGRVLVPAGGEA,negatome,0
P0CG48,MQIFVKTLTGKTITLEVEPSDTIENVKAKIQDKEGIPPDQQRLIFAGKQLEDGRTLSDYNIQKESTLHLVLRLRGG,P61088,MAGLPRRIIKETQRLLAEPVPGIKAEPDESNARYFHVVIAGPQDSPFEGGTFKLELFLPEEYPMAAPKVRFMTKIYHPNVDKLGRICLDILKDKWSPALQIRTVLLSIQALLSAPNPDDPLANDVAEQWKTNEAQAIETARAWTRLYAMNNI,negatome,0
P05748,MGAYKYLEELQRKKQSDVLRFLQRVRVWEYRQKNVIHRAARPTRPDKARRLGYKAKQGFVIYRVRVRRGNRKRPVPKGATYGKPTNQGVNELKYQRSLRATAEERVGRRAANLRVLNSYWVNQDSTYKYFEVILVDPQHKAIRRDARYNWICDPVHKHREARGLTATGKKSRGINKGHKFNNTKAGRRKTWKRQNTLSLWRYRK,P0CX82,MANLRTQKRLAASVVGVGKRKVWLDPNETSEIAQANSRNAIRKLVKNGTIVKKAVTVHSKSRTRAHAQSKREGRHSGYGKRKGTREARLPSQVVWIRRLRVLRRLLAKYRDAGKIDKHLYHVLYKESKGNAFKHKRALVEHIIQAKADAQREKALNEEAEARRLKNRAARDRRAQRVAEKRDALLKEDA,negatome,0
P36149,MVSTTQSRSLKAMGEEIWKNKTEKINTELFTLTYGSIVAQLCQDYERDFNKVNDHLYSMGYNIGCRLIEDFLARTALPRCENLVKTSEVLSKCAFKIFLNITPNITNWSHNKDTFSLILDENPLADFVELPMDAMKSLWYSNILCGVLKGSLEMVQLDCDVWFVSDILRGDSQTEIKVKLNRILKDEIPIGED,Q03784,MAIETILVINKSGGLIYQRNFTNDEQKLNSNEYLILASTLHGVFAIASQLTPKALQLTQQTNIENTIPYIPYVGMSSNRSDTRNGGGNNNKHTNNEKLGSFKGDDFFKEPFTNWNKSGLRQLCTDQFTMFIYQTLTGLKFVAISSSVMPQRQPTIATTDKPDRPKSTSNLAIQIADNFLRKVYCLYSDYVMKDPSYSMEMPIRSNLFDEKVKKMVENLQ,negatome,0
P26783,MSDTEAPVEVQEDFEVVEEFTPVVLATPIPEEVQQAQTEIKLFNKWSFEEVEVKDASLVDYVQVRQPIFVAHTAGRYANKRFRKAQCPIIERLTNSLMMNGRNNGKKLKAVRIIKHTLDIINVLTDQNPIQVVVDAITNTGPREDTTRVGGGGAARRQAVDVSPLRRVNQAIALLTIGAREAAFRNIKTIAETLAEELINAAKGSSTSYAIKKKDELERVAKSNR,P38011,MASNEVLVLRGTLEGHNGWVTSLATSAGQPNLLLSASRDKTLISWKLTGDDQKFGVPVRSFKGHSHIVQDCTLTADGAYALSASWDKTLRLWDVATGETYQRFVGHKSDVMSVDIDKKASMIISGSRDKTIKVWTIKGQCLATLLGHNDWVSQVRVVPNEKADDDSVTIISAGNDKMVKAWNLNQFQIEADFIGHNSNINTLTASPDGTLIASAGKDGEIMLWNLAAKKAMYTLSAQDEVFSLAFSPNRYWLAAATATGIKVFSLDPQYLVDDLRPEFAGYSKAAEPHAVSLAWSADGQTLFAGYTDNVIRVWQVMTAN,negatome,0
Q8DIN9,MTSNTPNQEPVSYPIFTVRWVAVHTLAVPTIFFLGAIAAMQFIQR,Q8DIQ0,METITYVFIFACIIALFFFAIFFREPPRITKK,negatome,0
Q9R1P1,MSIMSYNGGAVMAMKGKNCVAIAADRRFGIQAQMVTTDFQKIFPMGDRLYIGLAGLATDVQTVAQRLKFRLNLYELKEGRQIKPYTLMSMVANLLYEKRFGPYYTEPVIAGLDPKTFKPFICSLDLIGCPMVTDDFVVSGTCSEQMYGMCESLWEPNMDPEHLFETISQAMLNAVDRDAVSGMGVIVHVIEKDKITTRTLKARMD,Q9Z2U1,MFLTRSEYDRGVNTFSPEGRLFQVEYAIEAIKLGSTAIGIQTSEGVCLAVEKRITSPLMEPSSIEKIVEIDAHIGCAMSGLIADAKTLIDKARVETQNHWFTYNETMTVESVTQAVSNLALQFGEEDADPGAMSRPFGVALLFGGVDEKGPQLFHMDPSGTFVQCDARAIGSASEGAQSSLQEVYHKSMTLKEAIKSSLIILKQVMEEKLNATNIELATVQPGQNFHMFTKEELEEVIKDI,negatome,0
P05737,MAAEKILTPESQLKKSKAQQKTAEQVAAERAARKAANKEKRAIILERNAAYQKEYETAERNIIQAKRDAKAAGSYYVEAQHKLVFVVRIKGINKIPPKPRKVLQLLRLTRINSGTFVKVTKATLELLKLIEPYVAYGYPSYSTIRQLVYKRGFGKINKQRVPLSDNAIIEANLGKYGILSIDDLIHEIITVGPHFKQANNFLWPFKLSNPSGGWGVPRKFKHFIQGGSFGNREEFINKLVKSMN,P0CX49,MGIDHTSKQHKRSGHRTAPKSDNVYLKLLVKLYTFLARRTDAPFNKVVLKALFLSKINRPPVSVSRIARALKQEGAANKTVVVVGTVTDDARIFEFPKTTVAALRFTAGARAKIVKAGGECITLDQLAVRAPKGQNTLILRGPRNSREAVRHFGMGPHKGKAPRILSTGRKFERARGRRRSKGFKV,negatome,0
P39938,MPKKRASNGRNKKGRGHVKPVRCVNCSKSIPKDKAIKRMAIRNIVEAAAVRDLSEASVYPEYALPKTYNKLHYCVSCAIHARIVRVRSREDRKNRAPPQRPRFNRENKVSPADAAKKAL,P41057,MAHENVWFSHPRRYGKGSRQCRVCSSHTGLIRKYGLNICRQCFREKANDIGFNKFR,negatome,0
Q01855,MSQAVNAKKRVFKTHSYRGVDLEKLLEMSTEDFVKLAPARVRRRFARGMTSKPAGFMKKLRAAKLAAPENEKPAPVRTHMRNMIIVPEMIGSVVGIYNGKAFNQVEIRPEMLGHYLGEFSITYTPVRHGRAGATTSRFIPLK,Q3E792,MPPKQQLSKAAKAAAALAGGKKSKKKWSKKSMKDRAQHAVILDQEKYDRILKEVPTYRYVSVSVLVDRLKIGGSLARIALRHLEKEGIIKPISKHSKQAIYTRATASE,negatome,0
P0CX33,MAKVHGSLARAGKVKSQTPKVEKTEKPKKPKGRAYKRLLYTRRFVNVTLVNGKRRMNPGPSVQ,P0CX47,MSTELTVQSERAFQKQPHIFNNPKVKTSKRTKRWYKNAGLGFKTPKTAIEGSYIDKKCPFTGLVSIRGKILTGTVVSTKMHRTIVIRRAYLHYIPKYNRYEKRHKNVPVHVSPAFRVQVGDIVTVGQCRPISKTVRFNVVKVSAAAGKANKQFAKF,negatome,0
P04456,YKVIEQPITSETAMKKVEDGNILVFQVSMKANKYQIKKAVKELYEVDVLKVNTLVRPNGTKKAYVRLTADYDALDIANRIGYI,P14126,SHRKYEAPRHGHLGFLPRKRAASIRARVKAFPKDDRSKPVALTSFLGYKAGMTTIVRDLDRPGSKFHKREVVEAVTVVDTPPVVVVGVVGYVETPRGLRSLTTVWAEHLSDEVKRRFYKNWYKSKKKAFTKYSAKYAQDGAGIERELARIKKYASVVRVLVHTQIRKTPLAQKKAHLAEIQLNGGSISEKVDWAREHFEKTVAVDSVFEQNEMIDAIAVTKGHGFEGVTHRWGTKKLPRKTHRGLRKVACIGAWHPAHVMWSVARAGQRGYHSRTSINHKIYRVGKGDDEANGATSFDRTKKTITPMGGFVHYGEIKNDFIMVKGCIPGNRKRIVTLRKSLYTNTSRKALEEVSLKWIDTASKFGKGRFQTPAEKHAFMGTLKKDL,negatome,0
P10824,GCTLSAEDKAAVERSKMIDRNLREDGEKAAREVKLLLLGAGESGKSTIVKQMKIIHEAGYSEEECKQYKAVVYSNTIQSIIAIIRAMGRLKIDFGDAARADDARQLFVLAGAAEEGFMTAELAGVIKRLWKDSGVQACFNRSREYQLNDSAAYYLNDLDRIAQPNYIPTQQDVLRTRVKTTGIVETHFTFKDLHFKMFDVGAQRSERKKWIHCFEGVTAIIFCVALSDYDLVLAEDEEMNRMHESMKLFDSICNNKWFTDTSIILFLNKKDLFEEKIKKSPLTICYPEYAGSNTYEEAAAYIQCQFEDLNKRKDTKEIYTHFTCATDTKNVQFVFDAVTDVIIKNNLKDCGLF,P63212,MASNNTASIAQARKLVEQLKMEANIDRIKVSKAAADLMAYCEAHAKEDPLLTPVPASENPFREKKFFSAIL,negatome,0
P0CX84,MAGVKAYELRTKSKEQLASQLVDLKKELAELKVQKLSRPSLPKIKTVRKSIACVLTVINEQQREAVRQLYKGKKYQPKDLRAKKTRALRRALTKFEASQVTEKQRKKQIAFPQRKYAIKA,P14120,MAPVKSQESINQKLALVIKSGKYTLGYKSTVKSLRQGKSKLIIIAANTPVLRKSELEYYAMLSKTKVYYFQGGNNELGTAVGKLFRVGVVSILEAGDSDILTTLA,negatome,0
P0AEX9,KIEEGKLVIWINGDKGYNGLAEVGKKFEKDTGIKVTVEHPDKLEEKFPQVAATGDGPDIIFWAHDRFGGYAQSGLLAEITPDKAFQDKLYPFTWDAVRYNGKLIAYPIAVEALSLIYNKDLLPNPPKTWEEIPALDKELKAKGKSALMFNLQEPYFTWPLIAADGGYAFKYENGKYDIKDVGVDNAGAKAGLTFLVDLIKNKHMNADTDYSIAEAAFNKGETAMTINGPWAWSNIDTSKVNYGVTVLPTFKGQPSKPFVGVLSAGINAASPNKELAKEFLENYLLTDEGLEAVNKDKPLGAVALKSYEEELAKDPRIAATMENAQKGEIMPNIPQMSAFWYAVRTAVINAASGRQTVDEALKDAQTRITKASASHHHH,P68187,MASVQLQNVTKAWGEVVVSKDINLDIHEGEFVVFVGPSGCGKSTLLRMIAGLETITSGDLFIGEKRMNDTPPAERGVGMVFQSYALYPHLSVAENMSFGLKLAGAKKEVINQRVNQVAEVLQLAHLLDRKPKALSGGQRQRVAIGRTLVAEPSVFLLDEPLSNLDAALRVQMRIEISRLHKRLGRTMIYVTHDQVEAMTLADKIVVLDAGRVAQVGKPLELYHYPADRFVAGFIGSPKMNFLPVKVTATAIDQVQVELPMPNRQQVWLPVESRDVQVGANMSLGIRPEHLLPSDIADVILEGEVQVVEQLGNETQIHIQIPSIRQNLVYRQNDVVLVEEGATFAIGLPPERCHLFREDGTACRRLHKEPGVASASHHHHHH,negatome,0
P0C2H8,MAGLKDVVTREYTINLHKRLHGVSFKKRAPRAVKEIKKFAKLHMGTDDVRLAPELNQAIWKRGVKGVEYRLRLRISRKRNEEEDAKNPLFSYVEPVLVASAKGLQTVVVEEDA,P49167,MAREITDIKQFLELTRRADVKTATVKINKKLNKAGKPFRQTKFKVRGSSSLYTLVINDAGKAKKLIQSLPPTLKVNRL,negatome,0
P41805,MARRPARCYRYQKNKPYPKSRYNRAVPDSKIRIYDLGKKKATVDEFPLCVHLVSNELEQLSSEALEAARICANKYMTTVSGRDAFHLRVRVHPFHVLRINKMLSCAGADRLQQGMRGAWGKPHGLAARVDIGQIIFSVRTKDSNKDVVVEGLRRARYKFPGQQKIILSKKWGFTNLDRPEYLKKREAGEVKDDGAFVKFLSKKGSLENNIREFPEYFAAQA,Q02326,MSAQKAPKWYPSEDVAALKKTRKAARPQKLRASLVPGTVLILLAGRFRGKRVVYLKHLEDNTLLISGPFKVNGVPLRRVNARYVIATSTKVSVEGVNVEKFNVEYFAKEKLTKKEKKEANLFPEQQNKEIKAERVEDQKVVDKALIAEIKKTPLLKQYLSASFSLKNGDKPHMLKF,negatome,0
P0CX49,MGIDHTSKQHKRSGHRTAPKSDNVYLKLLVKLYTFLARRTDAPFNKVVLKALFLSKINRPPVSVSRIARALKQEGAANKTVVVVGTVTDDARIFEFPKTTVAALRFTAGARAKIVKAGGECITLDQLAVRAPKGQNTLILRGPRNSREAVRHFGMGPHKGKAPRILSTGRKFERARGRRRSKGFKV,P87262,MAQRVTFRRRNPYNTRSNKIKVVKTPGGILRAQHVKKLATRPKCGDCGSALQGISTLRPRQYATVSKTHKTVSRAYGGSRCANCVKERIIRAFLIEEQKIVKKVVKEQTEAAKKSEKKAKK,negatome,0
P10664,MSRPQVTVHSLTGEATANALPLPAVFSAPIRPDIVHTVFTSVNKNKRQAYAVSEKAGHQTSAESWGTGRAVARIPRVGGGGTGRSGQGAFGNMCRGGRMFAPTKTWRKWNVKVNHNEKRYATASAIAATAVASLVLARGHRVEKIPEIPLVVSTDLESIQKTKEAVAALKAVGAHSDLLKVLKSKKLRAGKGKYRNRRWTQRRGPLVVYAEDNGIVKALRNVPGVETANVASLNLLQLAPGAHLGRFVIWTEAAFTKLDQVWGSETVASSKVGYTLPSHIISTSDVTRIINSSEIQSAIRPAGQATQKRTHVLKKNPLKNKQVLLRLNPYAKVFAAEKLGSKKAEKTGTKPAAVFTETLKHD,P41805,MARRPARCYRYQKNKPYPKSRYNRAVPDSKIRIYDLGKKKATVDEFPLCVHLVSNELEQLSSEALEAARICANKYMTTVSGRDAFHLRVRVHPFHVLRINKMLSCAGADRLQQGMRGAWGKPHGLAARVDIGQIIFSVRTKDSNKDVVVEGLRRARYKFPGQQKIILSKKWGFTNLDRPEYLKKREAGEVKDDGAFVKFLSKKGSLENNIREFPEYFAAQA,negatome,0
P36595,MSDYEEDEAFGMDGAVMEEEVDELEMIDENGQSQQGVSHPGEPSTTVITEDVASSKTAQSGKAVAKEDRTTTPYMTKYERARILGTRALQISMNAPVLVDLEGETDPLQIAMKELAQKKIPLLVRRYLPDGSYEDWSVAELI,Q92399,MSESVLLDEIFTVTSVDKQKYQRVSRITAVSGQNDMNLTLDINSQIYPLEKDATFSLQITSNLNSPDLKEAADYIMYGKVYRVEEAKDEKVSVYVSFGGLLMAIEGSHRKLYRLSLDHVYLLLRR,negatome,0
P02407,MGRVRTKTVKRASKALIERYYPKLTLDFQTNKRLCDEIATIQSKRLRNKIAGYTTHLMKRIQKGPVRGISFKLQEEERERKDQYVPEVSALDLSRSNGVLNVDNQTSDLVKSLGLKLPLSVINVSAQRDRRYRKRV,P0C0W1,MTRSSVLADALNAINNAEKTGKRQVLIRPSSKVIIKFLQVMQKHGYIGEFEYIDDHRSGKIVVQLNGRLNKCGVISPRFNVKIGDIEKWTANLLPARQFGYVILTTSAGIMDHEEARRKHVSGKILGFVY,negatome,0
P16370,MSEEGPQVKIREASKDNVDFILSNVDLAMANSLRRVMIAEIPTLAIDSVEVETNTTVLADEFIAHRLGLIPLQSMDIEQLEYSRDCFCEDHCDKCSVVLTLQAFGESESTTNVYSKDLVIVSNLMGRNIGHPIIQDKEGNGVLICKLRKGQELKLTCVAKKGIAKEHAKWGPAAAIEFEYDPWNKLKHTDYWYEQDSAKEWPQSKNCEYEDPPNEGDPFDYKAQADTFYMNVESVGSIPVDQVVVRGIDTLQKKVASILLALTQMDQDKVNFASGDNNTASNMLGSNEDVMMTGAEQDPYSNASQMGNTGSGGYDNAW,Q04307,MGSSHHHHHHSSGLVPRGSHMTTFRFCRDCNNMLYPREDKENNRLLFECRTCSYVEEAGSPLVYRHELITNIGETAGVVQDIGSDPTLPRSDRECPKCHSRENVFFQLQIRSADEPMTTFYKCVNCGHRWKEN,negatome,0
P0CX31,MSDAVTIRTRKVISNPLLARKQFVVDVLHPNRANVSKDELREKLAEVYKAEKDAVSVFGFRTQFGGGKSVGFGLVYNSVAEAKKFEPTYRLVRYGLAEKVEKASRQQRKQKKNRDKKIFGTGKRLAKKVARRNAD,P26783,MSDTEAPVEVQEDFEVVEEFTPVVLATPIPEEVQQAQTEIKLFNKWSFEEVEVKDASLVDYVQVRQPIFVAHTAGRYANKRFRKAQCPIIERLTNSLMMNGRNNGKKLKAVRIIKHTLDIINVLTDQNPIQVVVDAITNTGPREDTTRVGGGGAARRQAVDVSPLRRVNQAIALLTIGAREAAFRNIKTIAETLAEELINAAKGSSTSYAIKKKDELERVAKSNR,negatome,0
P38011,MASNEVLVLRGTLEGHNGWVTSLATSAGQPNLLLSASRDKTLISWKLTGDDQKFGVPVRSFKGHSHIVQDCTLTADGAYALSASWDKTLRLWDVATGETYQRFVGHKSDVMSVDIDKKASMIISGSRDKTIKVWTIKGQCLATLLGHNDWVSQVRVVPNEKADDDSVTIISAGNDKMVKAWNLNQFQIEADFIGHNSNINTLTASPDGTLIASAGKDGEIMLWNLAAKKAMYTLSAQDEVFSLAFSPNRYWLAAATATGIKVFSLDPQYLVDDLRPEFAGYSKAAEPHAVSLAWSADGQTLFAGYTDNVIRVWQVMTAN,P38701,MSDFQKEKVEEQEQQQQQIIKIRITLTSTKVKQLENVSSNIVKNAEQHNLVKKGPVRLPTKVLKISTRKTPNGEGSKTWETYEMRIHKRYIDLEAPVQIVKRITQITIEPGVDVEVVVASN,negatome,0
P05317,MGGIREKKAEYFAKLREYLEEYKSLFVVGVDNVSSQQMHEVRKELRGRAVVLMGKNTMVRRAIRGFLSDLPDFEKLLPFVKGNVGFVFTNEPLTEIKNVIVSNRVAAPARAGAVAPEDIWVRAVNTGMEPGKTSFFQALGVPTKIARGTIEIVSDVKVVDAGNKVGQSEASLLNLLNISPFTFGLTVVQVYDNGQVFPSSILDITDEELVSHFVSAVSTIASISLAIGYPTLPSVGHTLINNYKDLLAVAIAASYHYPEIEDLVDRIENPEKYAAAAPAATSAASGDAAPAEEAAAEEEEESDDDMGFGLFD,P17076,MAPGKKVAPAPFGAKSTKSNKTRNPLTHSTPKNFGIGQAVQPKRNLSRYVKWPEYVRVQRQKKILSIRLKVPPTIAQFQYTLDRNTAAETFKLFNKYRPETAAEKKERLTKEAAAVAEGKSKQDASPKPYAVKYGLNHVVALIENKKAKLVLIANDVDPIELVVFLPALCKKMGVPYAIVKGKARLGTLVNQKTSAVAALTEVRAEDEAALAKLVSTIDANFADKYDEVKKHWGGGILGNKAQAKMDKRAKNSDSA,negatome,0
P00126,GDPKEEEEEEEELVDPLTTVREQCEQLEKCVKARERLELCDERVSSRSQTEEDCTEELFDFLHARDHCVAHKLFNSLK,P00130,VAPTLTARLYSLLFRRTSTFALTIVVGALLFERAFDQGADAIYEHINEGKLWKHIKHKYENK,negatome,0
P05745,MTVKTGIAIGLNKGKKVTSMTPAPKISYKKGAASNRTKFVRSLVREIAGLSPYERRLIDLIRNSGEKRARKVAKKRLGSFTRAKAKVEEMNNIIAASRRH,P0CX84,MAGVKAYELRTKSKEQLASQLVDLKKELAELKVQKLSRPSLPKIKTVRKSIACVLTVINEQQREAVRQLYKGKKYQPKDLRAKKTRALRRALTKFEASQVTEKQRKKQIAFPQRKYAIKA,negatome,0
P05740,ARYGATSTNPAKSASARGSYLRVSFKNTRETAQAINGWELTKAQKYLEQVLDHQRAIPFRRFNSSIGRTAQGKEFGVTKARWPAKSVKFVQGLLQNAAANAEAKGLDATKLYVSHIQVNQAPKQRRRTYRAHGRINKYESSPSHIELVVTEKEEAVAKAAEKKVVRLTSRQRGRIAAQKRIAA,P49166,GKGTPSFGKRHNKSHTLCNRCGRRSFHVQKKTCSSCGYPAAKTRSYNWGAKAKRRHTTGTGRMRYLKHVSRRFKNGFQTGSASKASA,negatome,0
P0CX27,MVNVPKTRKTYCKGKTCRKHTQHKVTQYKAGKASLFAQGKRRYDRKQSGFGGQTKPVFHKKAKTTKKVVLRLECVKCKTRAQLTLKRCKHFELGGEKKQKGQALQF,P41805,MARRPARCYRYQKNKPYPKSRYNRAVPDSKIRIYDLGKKKATVDEFPLCVHLVSNELEQLSSEALEAARICANKYMTTVSGRDAFHLRVRVHPFHVLRINKMLSCAGADRLQQGMRGAWGKPHGLAARVDIGQIIFSVRTKDSNKDVVVEGLRRARYKFPGQQKIILSKKWGFTNLDRPEYLKKREAGEVKDDGAFVKFLSKKGSLENNIREFPEYFAAQA,negatome,0
P33442,MAVGKNKRLSKGKKGQKKRVVDPFTRKEWFDIKAPSTFENRNVGKTLVNKSTGLKSASDALKGRVVEVCLADLQGSEDHSFRKIKLRVDEVQGKNLLTNFHGMDFTTDKLRSMVRKWQTLIEANVTVKTSDDYVLRIFAIAFTRKQANQVKRHSYAQSSHIRAIRKVISEILTKEVQGSTLAQLTSKLIPEVINKEIENATKDIFPLQNIHVRKVKLLKQPKFDVGALMALHGEGSGEEKGKKVTGFKDEVLETV,Q3E7X9,MDNKTPVTLAKVIKVLGRTGSRGGVTQVRVEFLEDTSRTIVRNVKGPVRENDILVLMESEREARRLR,negatome,0
P0CX23,MAHFKEYQVIGRRLPTESVPEPKLFRMRIFASNEVIAKSRYWYFLQKLHKVKKASGEIVSINQINEAHPTKVKNFGVWVRYDSRSGTHNMYKEIRDVSRVAAVETLYQDMAARHRARFRSIHILKVAEIEKTADVKRQYVKQFLTKDLKFPLPHRVQKSTKTFSYKRPSTFY,P49167,MAREITDIKQFLELTRRADVKTATVKINKKLNKAGKPFRQTKFKVRGSSSLYTLVINDAGKAKKLIQSLPPTLKVNRL,negatome,0
Q8DJ43,MARRTWLGDILRPLNSEYGKVAPGWGTTPLMAVFMGLFLVFLLIILEIYNSTLILDGVNVSWKALG,Q9F1L5,MQRLGRWLALAYFVGVSLLGWINWSAPTLAATASTEEELVNVVDEKLGTAYGEKIDLNNTNIAAFIQYRGLYPTLAKLIVKNAPYESVEDVLNIPGLTERQKQILRENLEHFTVTEVETALVEGGDRYNNGLYK,negatome,0
P05756,MGRMHSAGKGISSSAIPYSRNAPAWFKLSSESVIEQIVKYARKGLTPSQIGVLLRDAHGVTQARVITGNKIMRILKSNGLAPEIPEDLYYLIKKAVSVRKHLERNRKDKDAKFRLILIESRIHRLARYYRTVAVLPPNWKYESATASALVN,P0CX39,MGISRDSRHKRSATGAKRAQFRKKRKFELGRQPANTKIGAKRIHSVRTRGGNKKYRALRIETGNFSWASEGISKKTRIAGVVYHPSNNELVRTNTLTKAAIVQIDATPFRQWFEAHYGQTLGKKKNVKEEETVAKSKNAERKWAARAASAKIESSVESQFSAGRLYACISSRPGQSGRCDGYILEGEELAFYLRRLTAKK,negatome,0
P25443,GLQDEVMNIKPVQKQTRAGQRTRFKAVVVVGDSNGHVGLGIKTAKEVAGAIRAGIIIAKLSVIPIRRGYWGTNLGQPHSLATKTTGKCGSVTVRLIPAPRGSGIVASPAVKKLLQLAGVEDVYTQSNGKTRTLENTLKAAFVAIGNTYG,P26783,RYANKRFRKAQCPIIERLTNSLMMNGRNNGKKLKAVRIIKHTLDIINVLTDQNPIQVVVDAITNTGPREDTTRVGGGGAARRQAVDVSPLRRVNQAIALLTIGAREAAFRNIKTIAETLAEELINAAKGSSTSYAIKKKDELERVAKSNR,negatome,0
P0CX41,MSGNGAQGTKFRISLGLPVGAIMNCADNSGARNLYIIAVKGSGSRLNRLPAASLGDMVMATVKKGKPELRKKVMPAIVVRQAKSWRRRDGVFLYFEDNAGVIANPKGEMKGSAITGPVGKECADLWPRVASNSGVVV,P0CX45,MGRVIRNQRKGAGSIFTSHTRLRQGAAKLRTLDYAERHGYIRGIVKQIVHDSGRGAPLAKVVFRDPYKYRLREEIFIANEGVHTGQFIYAGKKASLNVGNVLPLGSVPEGTIVSNVEEKPGDRGALARASGNYVIIIGHNPDENKTRVRLPSGAKKVISSDARGVIGVIAGGGRVDKPLLKAGRAFHKYRLKRNSWPKTRGVAMNPVDHPHGGGNHQHIGKASTISRGAVSGQKAGLIAARRTGLLRGSQKTQD,negatome,0
Q8DHA7,MEVNQLGLIATALFVLVPSVFLIILYVQTESQQKSS,Q9F1L5,MQRLGRWLALAYFVGVSLLGWINWSAPTLAATASTEEELVNVVDEKLGTAYGEKIDLNNTNIAAFIQYRGLYPTLAKLIVKNAPYESVEDVLNIPGLTERQKQILRENLEHFTVTEVETALVEGGDRYNNGLYK,negatome,0
P0C0V8,MENDKGQLVELYVPRKCSATNRIIKADDHASVQINVAKVDEEGRAIPGEYVTYALSGYVRSRGESDDSLNRLAQNDGLLKNVWSYSR,P0CX29,MGKGKPRGLNSARKLRVHRRNNRWAENNYKKRLLGTAFKSSPFGGSSHAKGIVLEKLGIESKQPNSAIRKCVRVQLIKNGKKVTAFVPNDGCLNFVDENDEVLLAGFGRKGKAKGDIPGVRFKVVKVSGVSLLALWKEKKEKPRS,negatome,0
P0CX31,MSDAVTIRTRKVISNPLLARKQFVVDVLHPNRANVSKDELREKLAEVYKAEKDAVSVFGFRTQFGGGKSVGFGLVYNSVAEAKKFEPTYRLVRYGLAEKVEKASRQQRKQKKNRDKKIFGTGKRLAKKVARRNAD,P0CX51,MSAVPSVQTFGKKKSATAVAHVKAGKGLIKVNGSPITLVEPEILRFKVYEPLLLVGLDKFSNIDIRVRVTGGGHVSQVYAIRQAIAKGLVAYHQKYVDEQSKNELKKAFTSYDRTLLIADSRRPEPKKFGGKGARSRFQKSYR,negatome,0
P0CX47,MSTELTVQSERAFQKQPHIFNNPKVKTSKRTKRWYKNAGLGFKTPKTAIEGSYIDKKCPFTGLVSIRGKILTGTVVSTKMHRTIVIRRAYLHYIPKYNRYEKRHKNVPVHVSPAFRVQVGDIVTVGQCRPISKTVRFNVVKVSAAAGKANKQFAKF,P26786,MSAPQAKILSQAPTELELQVAQAFVELENSSPELKAELRPLQFKSIREIDVAGGKKALAIFVPVPSLAGFHKVQTKLTRELEKKFQDRHVIFLAERRILPKPSRTSRQVQKRPRSRTLTAVHDKILEDLVFPTEIVGKRVRYLVGGNKIQKVLLDSKDVQQIDYKLESFQAVYNKLTGKQIVFEIPSETH,negatome,0
P07591,MNVGDRVRVTSSVVVYHHPEHKKTAFDLQGMEGEVAAVLTEWQGRPISANLPVLVKFEQRFKAHFRPDEVTLI,Q55781,EVQDVNDSSWKEFVLESEVPVMVDFWAPWCGPSKLIAPVIDELAKEYSGKIAVYKLNTDEAPGIATQYNIRSIPTVLFFKNGERKESIIGAVPKSTLTDSIEKYLS,negatome,0
P05504,ILFPSSERLISNR,P07151,IQKTPQIQVYSRHPPENGKPNFLNCYVSQFHPPQIEIELLKNGKKIPNIEMSDLSFSKDWSFYILAHTEFTPTETDVYACRVKHVTLKEPKTVTWDRDM,negatome,0
P0CX31,MSDAVTIRTRKVISNPLLARKQFVVDVLHPNRANVSKDELREKLAEVYKAEKDAVSVFGFRTQFGGGKSVGFGLVYNSVAEAKKFEPTYRLVRYGLAEKVEKASRQQRKQKKNRDKKIFGTGKRLAKKVARRNAD,P33442,MAVGKNKRLSKGKKGQKKRVVDPFTRKEWFDIKAPSTFENRNVGKTLVNKSTGLKSASDALKGRVVEVCLADLQGSEDHSFRKIKLRVDEVQGKNLLTNFHGMDFTTDKLRSMVRKWQTLIEANVTVKTSDDYVLRIFAIAFTRKQANQVKRHSYAQSSHIRAIRKVISEILTKEVQGSTLAQLTSKLIPEVINKEIENATKDIFPLQNIHVRKVKLLKQPKFDVGALMALHGEGSGEEKGKKVTGFKDEVLETV,negatome,0
P05749,MAPNTSRKQKIAKTFTVDVSSPTENGVFDPASYAKYLIDHIKVEGAVGNLGNAVTVTEDGTVVTVVSTAKFSGKYLKYLTKKYLKKNQLRDWIRFVSTKTNEYRLAFYQVTPEEDEEEDEE,P0CX45,MGRVIRNQRKGAGSIFTSHTRLRQGAAKLRTLDYAERHGYIRGIVKQIVHDSGRGAPLAKVVFRDPYKYRLREEIFIANEGVHTGQFIYAGKKASLNVGNVLPLGSVPEGTIVSNVEEKPGDRGALARASGNYVIIIGHNPDENKTRVRLPSGAKKVISSDARGVIGVIAGGGRVDKPLLKAGRAFHKYRLKRNSWPKTRGVAMNPVDHPHGGGNHQHIGKASTISRGAVSGQKAGLIAARRTGLLRGSQKTQD,negatome,0
P0CX37,MKLNISYPVNGSQKTFEIDDEHRIRVFFDKRIGQEVDGEAVGDEFKGYVFKISGGNDKQGFPMKQGVLLPTRIKLLLTKNVSCYRPRRDGERKRKSVRGAIVGPDLAVLALVIVKKGEQELEGLTDTTVPKRLGPKRANNIRKFFGLSKEDDVRDFVIRREVTKGEKTYTKAPKIQRLVTPQRLQRKRHQRALKVRNAQAQREAAAEYAQLLAKRLSERKAEKAEIRKRRASSLKA,P32905,MSLPATFDLTPEDAQLLLAANTHLGARNVQVHQEPYVFNARPDGVHVINVGKTWEKLVLAARIIAAIPNPEDVVAISSRTFGQRAVLKFAAHTGATPIAGRFTPGSFTNYITRSFKEPRLVIVTDPRSDAQAIKEASYVNIPVIALTDLDSPSEFVDVAIPCNNRGKHSIGLIWYLLAREVLRLRGALVDRTQPWSIMPDLYFYRDPEEVEQQVAEEATTEEAGEEEAKEEVTEEQAEATEWAEENADNVEW,negatome,0
P25443,MSAPEAQQQKRGGFGGRNRGRPNRRGPRNTEEKGWVPVTKLGRLVKAGKITTIEEIFLHSLPVKEFQIIDTLLPGLQDEVMNIKPVQKQTRAGQRTRFKAVVVVGDSNGHVGLGIKTAKEVAGAIRAGIIIAKLSVIPIRRGYWGTNLGQPHSLATKTTGKCGSVTVRLIPAPRGSGIVASPAVKKLLQLAGVEDVYTQSNGKTRTLENTLKAAFVAIGNTYGFLTPNLWAEQPLPVSPLDIYSDEASAQKKRF,Q3E792,MPPKQQLSKAAKAAAALAGGKKSKKKWSKKSMKDRAQHAVILDQEKYDRILKEVPTYRYVSVSVLVDRLKIGGSLARIALRHLEKEGIIKPISKHSKQAIYTRATASE,negatome,0
P05743,MAKQSLDVSSDRRKARKAYFTAPSSQRRVLLSAPLSKELRAQYGIKALPIRRDDEVLVVRGSKKGQEGKISSVYRLKFAVQVDKVTKEKVNGASVPINLHPSKLVITKLHLDKDRKALIQRKGGKLE,P0CX49,MGIDHTSKQHKRSGHRTAPKSDNVYLKLLVKLYTFLARRTDAPFNKVVLKALFLSKINRPPVSVSRIARALKQEGAANKTVVVVGTVTDDARIFEFPKTTVAALRFTAGARAKIVKAGGECITLDQLAVRAPKGQNTLILRGPRNSREAVRHFGMGPHKGKAPRILSTGRKFERARGRRRSKGFKV,negatome,0
P0CX23,MAHFKEYQVIGRRLPTESVPEPKLFRMRIFASNEVIAKSRYWYFLQKLHKVKKASGEIVSINQINEAHPTKVKNFGVWVRYDSRSGTHNMYKEIRDVSRVAAVETLYQDMAARHRARFRSIHILKVAEIEKTADVKRQYVKQFLTKDLKFPLPHRVQKSTKTFSYKRPSTFY,Q02753,MGKSHGYRSRTRYMFQRDFRKHGAVHLSTYLKVYKVGDIVDIKANGSIQKGMPHKFYQGKTGVVYNVTKSSVGVIINKMVGNRYLEKRLNLRVEHIKHSKCRQEFLERVKANAAKRAEAKAQGVAVQLKRQPAQPRESRIVSTEGNVPQTLAPVPYETFI,negatome,0
P04456,MAPSAKATAAKKAVVKGTNGKKALKVRTSATFRLPKTLKLARAPKYASKAVPHYNRLDSYKVIEQPITSETAMKKVEDGNILVFQVSMKANKYQIKKAVKELYEVDVLKVNTLVRPNGTKKAYVRLTADYDALDIANRIGYI,P49167,MAREITDIKQFLELTRRADVKTATVKINKKLNKAGKPFRQTKFKVRGSSSLYTLVINDAGKAKKLIQSLPPTLKVNRL,negatome,0
Q8DHA7,MEVNQLGLIATALFVLVPSVFLIILYVQTESQQKSS,Q8DIP0,MAGTTGERPFSDIITSVRYWVIHSITIPALFIAGWLFVSTGLAYDVFGTPRPDSYYAQEQRSIPLVTDRFEAKQQVETFLEQLK,negatome,0
P08190,ADVTITVNGKVVAKPCTVSTTNATVDLGDLYSFSLMSAGAASAWHDVALELTNCPVGTSRVTASFSGAADSTGYYKNQGTAQNIQLELQDDSGNTLNTGATKTVQVDDSSQSAHFPLQVRALTVNGGATQGTIQAVISITYTYS,P31697,GVALGATRVIYPAGQKQEQLAVTNNDENSTYLIQSWVENADGVKDGRFIVTPPLFAMKGKKENTLRILDATNNQLPQDRESLFWMNVKAIPSMDKSKLTENTLQLAIISRIKLYYRPAKLALPPDQAAEKLRFRRSANSLTLINPTPYYLTVTELNAGTRVLENALVPPMGESTVKLPSDAGSNITYRTINDYGALTPKMTGVME,negatome,0
P0CH08,IIEPSLKALASKYNCDKSVCRKCYARLPPRATNCRKRKCGHTNQLRPKKKLK,P49167,MAREITDIKQFLELTRRADVKTATVKINKKLNKAGKPFRQTKFKVRGSSSLYTLVINDAGKAKKLIQSLPPTLKVNRL,negatome,0
O88384,GSHMNRATQSIERSHRIATETDQIGTEIIEELGEQRDQLERTKSRLVNTNENLSKSRKILRSMSR,Q9WUF4,GSHMSAGNDRVRNLQSEVEGVKNIMTQNVERILARGENLDHLRNKTEDLEATSEHFKTTSQKVAR,negatome,0
P02406,PSRFTKTRKHRGHVSAGKGRIGKHRKHPGGRGMAGGEHHHRINMDKYHPGYFGKVGMRYFHKQQAHFWKPVLNLDKLWTLIPEDKRDQYLKSASKETAPVIDTLAAGYGKILGKGRIPNVPVIVKARFVSKLAEEKIRAAGGVVELIA,P14126,SHRKYEAPRHGHLGFLPRKRAASIRARVKAFPKDDRSKPVALTSFLGYKAGMTTIVRDLDRPGSKFHKREVVEAVTVVDTPPVVVVGVVGYVETPRGLRSLTTVWAEHLSDEVKRRFYKNWYKSKKKAFTKYSAKYAQDGAGIERELARIKKYASVVRVLVHTQIRKTPLAQKKAHLAEIQLNGGSISEKVDWAREHFEKTVAVDSVFEQNEMIDAIAVTKGHGFEGVTHRWGTKKLPRKTHRGLRKVACIGAWHPAHVMWSVARAGQRGYHSRTSINHKIYRVGKGDDEANGATSFDRTKKTITPMGGFVHYGEIKNDFIMVKGCIPGNRKRIVTLRKSLYTNTSRKALEEVSLKWIDTASKFGKGRFQTPAEKHAFMGTLKKDL,negatome,0
P0CX86,MRAKWRKKRTRRLKRKRRKVRARSK,P38061,MASLPHPKIVKKHTKKFKRHHSDRYHRVAENWRKQKGIDSVVRRRFRGNISQPKIGYGSNKKTKFLSPSGHKTFLVANVKDLETLTMHTKTYAAEIAHNISAKNRVVILARAKALGIKVTNPKGRLALEA,negatome,0
P05748,GAYKYLEELQRKKQSDVLRFLQRVRVWEYRQKNVIHRAARPTRPDKARRLGYKAKQGFVIYRVRVRRGNRKRPVPKGATYGKPTNQGVNELKYQRSLRATAEERVGRRAANLRVLNSYWVNQDSTYKYFEVILVDPQHKAIRRDARYNWICDPVHKHREARGLTATGKKSRGINKGHKFNNTKAGRRKTWKRQNTLSLWRYRK,Q02753,MGKSHGYRSRTRYMFQRDFRKHGAVHLSTYLKVYKVGDIVDIKANGSIQKGMPHKFYQGKTGVVYNVTKSSVGVIINKMVGNRYLEKRLNLRVEHIKHSK,negatome,0
P35997,MVLVQDLLHPTAASEARKHKLKTLVQGPRSYFLDVKCPGCLNITTVFSHAQTAVTCESCSTILCTPTGGKAKLSEGTSFRRK,P39938,MPKKRASNGRNKKGRGHVKPVRCVNCSKSIPKDKAIKRMAIRNIVEAAAVRDLSEASVYPEYALPKTYNKLHYCVSCAIHARIVRVRSREDRKNRAPPQRPRFNRENKVSPADAAKKAL,negatome,0
P0CX82,MANLRTQKRLAASVVGVGKRKVWLDPNETSEIAQANSRNAIRKLVKNGTIVKKAVTVHSKSRTRAHAQSKREGRHSGYGKRKGTREARLPSQVVWIRRLRVLRRLLAKYRDAGKIDKHLYHVLYKESKGNAFKHKRALVEHIIQAKADAQREKALNEEAEARRLKNRAARDRRAQRVAEKRDALLKEDA,P38061,MASLPHPKIVKKHTKKFKRHHSDRYHRVAENWRKQKGIDSVVRRRFRGNISQPKIGYGSNKKTKFLSPSGHKTFLVANVKDLETLTMHTKTYAAEIAHNISAKNRVVILARAKALGIKVTNPKGRLALEA,negatome,0
P0CX39,MGISRDSRHKRSATGAKRAQFRKKRKFELGRQPANTKIGAKRIHSVRTRGGNKKYRALRIETGNFSWASEGISKKTRIAGVVYHPSNNELVRTNTLTKAAIVQIDATPFRQWFEAHYGQTLGKKKNVKEEETVAKSKNAERKWAARAASAKIESSVESQFSAGRLYACISSRPGQSGRCDGYILEGEELAFYLRRLTAKK,Q3E792,MPPKQQLSKAAKAAAALAGGKKSKKKWSKKSMKDRAQHAVILDQEKYDRILKEVPTYRYVSVSVLVDRLKIGGSLARIALRHLEKEGIIKPISKHSKQAIYTRATASE,negatome,0
P0C2H6,MAKFLKAGKVAVVVRGRYAGKKVVIVKPHDEGSKSHPFGHALVAGIERYPLKVTKKHGAKKVAKRTKIKPFIKVVNYNHLLPTRYTLDVEAFKSVVSTETFEQPSQREEAKKVVKKAFEERHQAGKNQWFFSKLRF,P49166,MGKGTPSFGKRHNKSHTLCNRCGRRSFHVQKKTCSSCGYPAAKTRSYNWGAKAKRRHTTGTGRMRYLKHVSRRFKNGFQTGSASKASA,negatome,0
P04449,MKVEIDSFSGAKIYPGRGTLFVRGDSKIFRFQNSKSASLFKQRKNPRRIAWTVLFR,Q02753,MGKSHGYRSRTRYMFQRDFRKHGAVHLSTYLKVYKVGDIVDIKANGSIQKGMPHKFYQGKTGVVYNVTKSSVGVIINKMVGNRYLEKRLNLRVEHIKHSK,negatome,0
P00130,VAPTLTARLYSLLFRRTSTFALTIVVGALLFERAFDQGADAIYEHINEGKLWKHIKHKYENK,P13271,GRQFGHLTRVRHLITYSLSPFEQRPFPHYFSKGVPNVWRRLRACILRVAPPFLAFYLLYTWGTQEFEKSKRKNPAAYVNDR,negatome,0
P0A423,VQRGSKVKILRPESYWYNEVGTVASVDQTPGVKYPVIVRFDKVNYTGYSGSASGVNTNNFALHEVQEVAPPKKGK,P0A427,MMGSYAASFLPWIFIPVVCWLMPTVVMGLLFLYIEGEA,negatome,0
P02406,MPSRFTKTRKHRGHVSAGKGRIGKHRKHPGGRGMAGGQHHHRINMDKYHPGYFGKVGMRYFHKQQAHFWKPVLNLDKLWTLIPEDKRDQYLKSASKETAPVIDTLAAGYGKILGKGRIPNVPVIVKARFVSKLAEEKIRAAGGVVELIA,P0CX25,MAKRTKKVGITGKYGVRYGSSLRRQVKKLEIQQHARYDCSFCGKKTVKRGAAGIWTCSCCKKTVAGGAYTVSTAAAATVRSTIRRLREMVEA,negatome,0
P0CX37,MKLNISYPVNGSQKTFEIDDEHRIRVFFDKRIGQEVDGEAVGDEFKGYVFKISGGNDKQGFPMKQGVLLPTRIKLLLTKNVSCYRPRRDGERKRKSVRGAIVGPDLAVLALVIVKKGEQELEGLTDTTVPKRLGPKRANNIRKFFGLSKEDDVRDFVIRREVTKGEKTYTKAPKIQRLVTPQRLQRKRHQRALKVRNAQAQREAAAEYAQLLAKRLSERKAEKAEIRKRRASSLKA,P39938,MPKKRASNGRNKKGRGHVKPVRCVNCSKSIPKDKAIKRMAIRNIVEAAAVRDLSEASVYPEYALPKTYNKLHYCVSCAIHARIVRVRSREDRKNRAPPQRPRFNRENKVSPADAAKKAL,negatome,0
P0CX33,MAKVHGSLARAGKVKSQTPKVEKTEKPKKPKGRAYKRLLYTRRFVNVTLVNGKRRMNPGPSVQ,P35997,MVLVQDLLHPTAASEARKHKLKTLVQGPRSYFLDVKCPGCLNITTVFSHAQTAVTCESCSTILCTPTGGKAKLSEGTSFRRK,negatome,0
P05744,MAESHRLYVKGKHLSYQRSKRVNNPNVSLIKIEGVATPQDAQFYLGKRIAYVYRASKEVRGSKIRVMWGKVTRTHGNSGVVRATFRNNLPAKTFGASVRIFLYPSNI,P0C2H6,MAKFLKAGKVAVVVRGRYAGKKVVIVKPHDEGSKSHPFGHALVAGIERYPLKVTKKHGAKKVAKRTKIKPFIKVVNYNHLLPTRYTLDVEAFKSVVSTETFEQPSQREEAKKVVKKAFEERHQAGKNQWFFSKLRF,negatome,0
P05631,ATLKDITRRLKSIKNIQKITKSMKMVAAAKYARAERELKPARVYGVGSLALYEKADIKTPEDKKKHLIIGVSSDRGLCGAIHSSVAKQMKSEAANLAAAGKEVKIIGVGDKIRSILHRTHSDQFLVTFKEVGRRPPTFGDASVIALELLNSGYEFDEGSIIFNRFRSVISYKTEEKPIFSLDTISSAESMSIYDDIDADVLRNYQEYSLANIIYYSLKESTTSEQSARMTAMDNASKNASEMIDKLTLTFNRTRQAVITKELIEIISGAAAL,P13621,FAKLVRPPVQIYGIEGRYATALYSAASKQNKLEQVEKELLRVGQILKEPKMAASLLNPYVKRSVKVKSLSDMTAKEKFSPLTSNLINLLAENGRLTNTPAVISAFSTMMSVHRGEVPCTVTTASALDETTLTELKTVLKSFLSKGQVLKLEVKIDPSIMGGMIVRIGEKYVDMSAKTKIQKLSRAMREIL,negatome,0
P0CX23,MAHFKEYQVIGRRLPTESVPEPKLFRMRIFASNEVIAKSRYWYFLQKLHKVKKASGEIVSINQINEAHPTKVKNFGVWVRYDSRSGTHNMYKEIRDVSRVAAVETLYQDMAARHRARFRSIHILKVAEIEKTADVKRQYVKQFLTKDLKFPLPHRVQKSTKTFSYKRPSTFY,P49166,MGKGTPSFGKRHNKSHTLCNRCGRRSFHVQKKTCSSCGYPAAKTRSYNWGAKAKRRHTTGTGRMRYLKHVSRRFKNGFQTGSASKASA,negatome,0
P05738,MKYIQTEQQIEVPEGVTVSIKSRIVKVVGPRGTLTKNLKHIDVTFTKVNNQLIKVAVHNGGRKHVAALRTVKSLVDNMITGVTKGYKYKMRYVYAHFPINVNIVEKDGAKFIEVRNFLGDKKIRNVPVRDGVTIEFSTNVKDEIVLSGNSVEDVSQNAADLQQICRVRNKDIRKFLDGIYVSHKGFITEDL,P0CH08,IIEPSLKALASKYNCDKSVCRKCYARLPPRATNCRKRKCGHTNQLRPKKKLK,negatome,0
P02406,MPSRFTKTRKHRGHVSAGKGRIGKHRKHPGGRGMAGGQHHHRINMDKYHPGYFGKVGMRYFHKQQAHFWKPVLNLDKLWTLIPEDKRDQYLKSASKETAPVIDTLAAGYGKILGKGRIPNVPVIVKARFVSKLAEEKIRAAGGVVELIA,P0CX27,MVNVPKTRKTYCKGKTCRKHTQHKVTQYKAGKASLFAQGKRRYDRKQSGFGGQTKPVFHKKAKTTKKVVLRLECVKCKTRAQLTLKRCKHFELGGEKKQKGQALQF,negatome,0
P05749,MAPNTSRKQKIAKTFTVDVSSPTENGVFDPASYAKYLIDHIKVEGAVGNLGNAVTVTEDGTVVTVVSTAKFSGKYLKYLTKKYLKKNQLRDWIRFVSTKTNEYRLAFYQVTPEEDEEEDEE,P36105,MSTDSIVKASNWRLVEVGRVVLIKKGQSAGKLAAIVEIIDQKKVLIDGPKAGVPRQAINLGQVVLTPLTFALPRGARTATVSKKWAAAAVCEKWAASSWAKKIAQRERRAALTDFERFQVMVLRKQKRYTVKKALAKA,negatome,0
P05740,MARYGATSTNPAKSASARGSYLRVSFKNTRETAQAINGWELTKAQKYLEQVLDHQRAIPFRRFNSSIGRTAQGKEFGVTKARWPAKSVKFVQGLLQNAAANAEAKGLDATKLYVSHIQVNQAPKQRRRTYRAHGRINKYESSPSHIELVVTEKEEAVAKAAEKKVVRLTS,P14120,MAPVKSQESINQKLALVIKSGKYTLGYKSTVKSLRQGKSKLIIIAANTPVLRKSELEYYAMLSKTKVYYFQGGNNELGTAVGKLFRVGVVSILEAGDSDILTTLA,negatome,0
P02406,MPSRFTKTRKHRGHVSAGKGRIGKHRKHPGGRGMAGGQHHHRINMDKYHPGYFGKVGMRYFHKQQAHFWKPVLNLDKLWTLIPEDKRDQYLKSASKETAPVIDTLAAGYGKILGKGRIPNVPVIVKARFVSKLAEEKIRAAGGVVELIA,P0CX41,MSGNGAQGTKFRISLGLPVGAIMNCADNSGARNLYIIAVKGSGSRLNRLPAASLGDMVMATVKKGKPELRKKVMPAIVVRQAKSWRRRDGVFLYFEDNAGVIANPKGEMKGSAITGPVGKECADLWPRVASNSGVVV,negatome,0
P05756,MGRMHSAGKGISSSAIPYSRNAPAWFKLSSESVIEQIVKYARKGLTPSQIGVLLRDAHGVTQARVITGNKIMRILKSNGLAPEIPEDLYYLIKKAVSVRKHLERNRKDKDAKFRLILIESRIHRLARYYRTVAVLPPNWKYESATASALVN,Q3E7X9,MDNKTPVTLAKVIKVLGRTGSRGGVTQVRVEFLEDTSRTIVRNVKGPVRENDILVLMESEREARRLR,negatome,0
P04456,MAPSAKATAAKKAVVKGTNGKKALKVRTSATFRLPKTLKLARAPKYASKAVPHYNRLDSYKVIEQPITSETAMKKVEDGNILVFQVSMKANKYQIKKAVKELYEVDVLKVNTLVRPNGTKKAYVRLTADYDALDIANRIGYI,P05744,MAESHRLYVKGKHLSYQRSKRVNNPNVSLIKIEGVATPQDAQFYLGKRIAYVYRASKEVRGSKIRVMWGKVTRTHGNSGVVRATFRNNLPAKTFGASVRIFLYPSNI,negatome,0
P07471,ASAAKGDHGGTGARTWRFLTFGLALPSVALCTLNSWLHSGHRERPAFIPYHHLRIRTKPFSWGDGNHTFFHNPRVNPLPTGYEK,P10175,ITAKPAKTPTSPKEQAIGLSVTFLSFLLPAGWVLYHLDNYKKSSAA,negatome,0
O35718,VATLQHLCRKTVNGHLDSYEKVTQLPGPIREFLDQYDAPL,Q15370,MDVFLMIRRHKTTIFTDAKESSTVFELKRIVEGILKRPPDEQRLYKDDQLLDDGKTLGECGFTSQTARPQAPATVGLAFRADDTFEALCIEPFSSPPELPDVMKPQDSGSSANEQAVQ,negatome,0
P05738,MKYIQTEQQIEVPEGVTVSIKSRIVKVVGPRGTLTKNLKHIDVTFTKVNNQLIKVAVHNGGRKHVAALRTVKSLVDNMITGVTKGYKYKMRYVYAHFPINVNIVEKDGAKFIEVRNFLGDKKIRNVPVRDGVTIEFSTNVKDEIVLSGNSVEDVSQNAADLQQICRVRNKDIRKFLDGIYVSHKGFITEDL,P0C0W9,MSAKAQNPMRDLKIEKLVLNISVGESGDRLTRASKVLEQLSGQTPVQSKARYTVRTFGIRRNEKIAVHVTVRGPKAEEILERGLKVKEYQLRDRNFSATGNFGFGIDEHIDLGIKYDPSIGIFGMDFYVVMNRPGARVTRRKRCKGTVGNSHKTTKEDTVSWFKQKYDADVLDK,negatome,0
P0CX25,MAKRTKKVGITGKYGVRYGSSLRRQVKKLEIQQHARYDCSFCGKKTVKRGAAGIWTCSCCKKTVAGGAYTVSTAAAATVRSTIRRLREMVEA,P26321,MAFQKDAKSSAYSSRFQTPFRRRREGKTDYYQRKRLVTQHKAKYNTPKYRLVVRFTNKDIICQIISSTITGDVVLAAAYSHELPRYGITHGLTNWAAAYATGLLIARRTLQKLGLDETYKGVEEVEGEYELTEAVEDGPRPFKVFLDIGLQRTTTGARVFGALKGASDGGLYVPHSENRFPGWDFETEEIDPELLRSYIFGGHVSQYMEELADDDEERFSELFKGYLADDIDADSLEDIYTSAHEAIRADPAFKPTEKKFTKEQYAAESKKYRQTKLSKEERAARVAAKIAALAGQQ,negatome,0
P0C2H6,MAKFLKAGKVAVVVRGRYAGKKVVIVKPHDEGSKSHPFGHALVAGIERYPLKVTKKHGAKKVAKRTKIKPFIKVVNYNHLLPTRYTLDVEAFKSVVSTETFEQPSQREEAKKVVKKAFEERHQAGKNQWFFSKLRF,P0CX27,MVNVPKTRKTYCKGKTCRKHTQHKVTQYKAGKASLFAQGKRRYDRKQSGFGGQTKPVFHKKAKTTKKVVLRLECVKCKTRAQLTLKRCKHFELGGEKKQKGQALQF,negatome,0
P38701,KIRITLTSTKVKQLENVSSNIVKNAEQHNLVKKGPVRLPTKVLKISTRKTPNGEGSKTWETYEMRIHKRYIDLEAPVQIVKRITQITIEPGVDVEVVASN,Q01855,RGMTSKPAGFMKKLRAAKLAAPENEKPAPVRTHMRNMIIVPEMIGSVVGIYNGKAFNQVEIRPEMLGHYLGEFSITYTPV,negatome,0
P0CX47,MSTELTVQSERAFQKQPHIFNNPKVKTSKRTKRWYKNAGLGFKTPKTAIEGSYIDKKCPFTGLVSIRGKILTGTVVSTKMHRTIVIRRAYLHYIPKYNRYEKRHKNVPVHVSPAFRVQVGDIVTVGQCRPISKTVRFNVVKVSAAAGKANKQFAKF,Q3E792,MPPKQQLSKAAKAAAALAGGKKSKKKWSKKSMKDRAQHAVILDQEKYDRILKEVPTYRYVSVSVLVDRLKIGGSLARIALRHLEKEGIIKPISKHSKQAIYTRATASE,negatome,0
O13516,MPRAPRTYSKTYSTPKRPYESSRLDAELKLAGEFGLKNKKEIYRISFQLSKIRRAARDLLTRDEKDPKRLFEGNALIRRLVRVGVLSEDKKKLDYVLALKVEDFLERRLQTQVYKLGLAKSVHHARVLITQRHIAVGKQIVNIPSFMVRLDSEKHIDFAPTSPFGGARPGRVARRNAARKAEASGEAADEADEADEE,P0CX37,MKLNISYPVNGSQKTFEIDDEHRIRVFFDKRIGQEVDGEAVGDEFKGYVFKISGGNDKQGFPMKQGVLLPTRIKLLLTKNVSCYRPRRDGERKRKSVRGAIVGPDLAVLALVIVKKGEQELEGLTDTTVPKRLGPKRANNIRKFFGLSKEDDVRDFVIRREVTKGEKTYTKAPKIQRLVTPQRLQRKRHQRALKVRNAQAQREAAAEYAQLLAKRLSERKAEKAEIRKRRASSLKA,negatome,0
P05745,MTVKTGIAIGLNKGKKVTSMTPAPKISYKKGAASNRTKFVRSLVREIAGLSPYERRLIDLIRNSGEKRARKVAKKRLGSFTRAKAKVEEMNNIIAASRRH,P0CX45,MGRVIRNQRKGAGSIFTSHTRLRQGAAKLRTLDYAERHGYIRGIVKQIVHDSGRGAPLAKVVFRDPYKYRLREEIFIANEGVHTGQFIYAGKKASLNVGNVLPLGSVPEGTIVSNVEEKPGDRGALARASGNYVIIIGHNPDENKTRVRLPSGAKKVISSDARGVIGVIAGGGRVDKPLLKAGRAFHKYRLKRNSWPKTRGVAMNPVDHPHGGGNHQHIGKASTISRGAVSGQKAGLIAARRTGLLRGSQKTQD,negatome,0
P04456,MAPSAKATAAKKAVVKGTNGKKALKVRTSATFRLPKTLKLARAPKYASKAVPHYNRLDSYKVIEQPITSETAMKKVEDGNILVFQVSMKANKYQIKKAVKELYEVDVLKVNTLVRPNGTKKAYVRLTADYDALDIANRIGYI,P10664,MSRPQVTVHSLTGEATANALPLPAVFSAPIRPDIVHTVFTSVNKNKRQAYAVSEKAGHQTSAESWGTGRAVARIPRVGGGGTGRSGQGAFGNMCRGGRMFAPTKTWRKWNVKVNHNEKRYATASAIAATAVASLVLARGHRVEKIPEIPLVVSTDLESIQKTKEAVAALKAVGAHSDLLKVLKSKKLRAGKGKYRNRRWTQRRGPLVVYAEDNGIVKALRNVPGVETANVASLNLLQLAPGAHLGRFVIWTEAAFTKLDQVWGSETVASSKVGYTLPSHIISTSDVTRIINSSEIQSAIRPAGQATQKRTHVLKKNPLKNKQVLLRLNPYAKVFAAEKLGSKKAEKTGTKPAAVFTETLKHD,negatome,0
P0A384,MANVYDWFEERLEIQAIAEDVTSKYVPPHVNIFYCLGGITLVCFLIQFATGFAMTFYYKPTVAEAYSSVQYIMNEVNFGWLIRSIHRWSASMMVLMMILHVFRVYLTGGFKKPRELTWVSGVILAVITVSFGVTGYSLPWDQVGYWAVKIVSGVPEAIPVVGVLISDLLRGGSSVGQATLTRYYSAHTFVLPWLIAVFMLFHFLMIRKQGISGPL,P0A3Y1,MSGELLNAALLSFGLIFVGWALGALLLKIQGAEE,negatome,0
P25451,MSDPSSINGGIVVAMTGKDCVAIACDLRLGSQSLGVSNKFEKIFHYGHVFLGITGLATDVTTLNEMFRYKTNLYKLKEERAIEPETFTQLVSSSLYERRFGPYFVGPVVAGINSKSGKPFIAGFDLIGCIDEAKDFIVSGTASDQLFGMCESLYEPNLEPEDLFETISQALLNAADRDALSGWGAVVYIIKKDEVVKRYLKMRQD,P40302,MFRNNYDGDTVTFSPTGRLFQVEYALEAIKQGSVTVGLRSNTHAVLVALKRNADELSSYQKKIIKCDEHMGLSLAGLAPDARVLSNYLRQQCNYSSLVFNRKLAVERAGHLLCDKAQKNTQSYGGRPYGVGLLIIGYDKSGAHLLEFQPSGNVTELYGTAIGARSQGAKTYLERTLDTFIKIDGNPDELIKAGVEAISQSLRDESLTVDNLSIAIVGKDTPFTIYDGEAVAKYI,negatome,0
P36105,MSTDSIVKASNWRLVEVGRVVLIKKGQSAGKLAAIVEIIDQKKVLIDGPKAGVPRQAINLGQVVLTPLTFALPRGARTATVSKKWAAAAVCEKWAASSWAKKIAQRERRAALTDFERFQVMVLRKQKRYTVKKALAKA,Q02326,MSAQKAPKWYPSEDVAALKKTRKAARPQKLRASLVPGTVLILLAGRFRGKRVVYLKHLEDNTLLISGPFKVNGVPLRRVNARYVIATSTKVSVEGVNVEKFNVEYFAKEKLTKKEKKEANLFPEQQNKEIKAERVEDQKVVDKALIAEIKKTPLLKQYLSASFSLKNGDKPHMLKF,negatome,0
P0CX82,MANLRTQKRLAASVVGVGKRKVWLDPNETSEIAQANSRNAIRKLVKNGTIVKKAVTVHSKSRTRAHAQSKREGRHSGYGKRKGTREARLPSQVVWIRRLRVLRRLLAKYRDAGKIDKHLYHVLYKESKGNAFKHKRALVEHIIQAKADAQREKALNEEAEARRLKNRAARDRRAQRVAEKRDALLKEDA,P26784,MSVSEQPVVVIDGAKGDHLVLGRLASVTVIAKQLVLNGQKIVVVRAEEALNISGEFFRNKLKYHDFLRKATAFNKTRGPFHFRAPSRIFLYKALIRGMVSHKTARGKAALERLKVIFEGIPPPYDKKKRVVVPQALRVLRLKPGRKYTTLGKLSTSVGWKYEDVVAKLEADKRKVSRSAEYYAKKRAFTKKVASSANSATAAASESDVAKQLAASLFGY,negatome,0
P0CX86,MRAKWRKKRTRRLKRKRRKVRARSK,P17076,MAPGKKVAPAPFGAKSTKSNKTRNPLTHSTPKNFGIGQAVQPKRNLSRYVKWPEYVRVQRQKKILSIRLKVPPTIAQFQYTLDRNTAAETFKLFNKYRPETAAEKKERLTKEAAAVAEGKSKQDASPKPYAVKYGLNHVVALIENKKAKLVLIANDVDPIELVVFLPALCKKMGVPYAIVKGKARLGTLVNQKTSAVAALTEVRAEDEAALAKLVSTIDANFADKYDEVKKHWGGGILGNKAQAKMDKRAKNSDSA,negatome,0
P05743,MAKQSLDVSSDRRKARKAYFTAPSSQRRVLLSAPLSKELRAQYGIKALPIRRDDEVLVVRGSKKGQEGKISSVYRLKFAVQVDKVTKEKVNGASVPINLHPSKLVITKLHLDKDRKALIQRKGGKLE,P0C2H8,MAGLKDVVTREYTINLHKRLHGVSFKKRAPRAVKEIKKFAKLHMGTDDVRLAPELNQAIWKRGVKGVEYRLRLRISRKRNEEEDAKNPLFSYVEPVLVASAKGLQTVVVEEDA,negatome,0
P05737,MAAEKILTPESQLKKSKAQQKTAEQVAAERAARKAANKEKRAIILERNAAYQKEYETAERNIIQAKRDAKAAGSYYVEAQHKLVFVVRIKGINKIPPKPRKVLQLLRLTRINSGTFVKVTKATLELLKLIEPYVAYGYPSYSTIRQLVYKRGFGKINKQRVPLSDNAIIEANLGKYGILSIDDLIHEIITVGPHFKQANNFLWPFKLSNPSGGWGVPRKFKHFIQGGSFGNREEFINKLVKSMN,P0CX27,MVNVPKTRKTYCKGKTCRKHTQHKVTQYKAGKASLFAQGKRRYDRKQSGFGGQTKPVFHKKAKTTKKVVLRLECVKCKTRAQLTLKRCKHFELGGEKKQKGQALQF,negatome,0
P05745,MTVKTGIAIGLNKGKKVTSMTPAPKISYKKGAASNRTKFVRSLVREIAGLSPYERRLIDLIRNSGEKRARKVAKKRLGSFTRAKAKVEEMNNIIAASRRH,P49166,MGKGTPSFGKRHNKSHTLCNRCGRRSFHVQKKTCSSCGYPAAKTRSYNWGAKAKRRHTTGTGRMRYLKHVSRRFKNGFQTGSASKASA,negatome,0
P02406,PSRFTKTRKHRGHVSAGKGRIGKHRKHPGGRGMAGGEHHHRINMDKYHPGYFGKVGMRYFHKQQAHFWKPVLNLDKLWTLIPEDKRDQYLKSASKETAPVIDTLAAGYGKILGKGRIPNVPVIVKARFVSKLAEEKIRAAGGVVELIA,Q02753,MGKSHGYRSRTRYMFQRDFRKHGAVHLSTYLKVYKVGDIVDIKANGSIQKGMPHKFYQGKTGVVYNVTKSSVGVIINKMVGNRYLEKRLNLRVEHIKHSK,negatome,0
P38701,MSDFQKEKVEEQEQQQQQIIKIRITLTSTKVKQLENVSSNIVKNAEQHNLVKKGPVRLPTKVLKISTRKTPNGEGSKTWETYEMRIHKRYIDLEAPVQIVKRITQITIEPGVDVEVVVASN,Q08745,MLMPKEDRNKIHQYLFQEGVVVAKKDFNQAKHEEIDTKNLYVIKALQSLTSKGYVKTQFSWQYYYYTLTEEGVEYLREYLNLPEHIVPGTYIQERNPTQRPQRRY,negatome,0
P25443,MSAPEAQQQKRGGFGGRNRGRPNRRGPRNTEEKGWVPVTKLGRLVKAGKITTIEEIFLHSLPVKEFQIIDTLLPGLQDEVMNIKPVQKQTRAGQRTRFKAVVVVGDSNGHVGLGIKTAKEVAGAIRAGIIIAKLSVIPIRRGYWGTNLGQPHSLATKTTGKCGSVTVRLIPAPRGSGIVASPAVKKLLQLAGVEDVYTQSNGKTRTLENTLKAAFVAIGNTYGFLTPNLWAEQPLPVSPLDIYSDEASAQKKRF,P38011,MASNEVLVLRGTLEGHNGWVTSLATSAGQPNLLLSASRDKTLISWKLTGDDQKFGVPVRSFKGHSHIVQDCTLTADGAYALSASWDKTLRLWDVATGETYQRFVGHKSDVMSVDIDKKASMIISGSRDKTIKVWTIKGQCLATLLGHNDWVSQVRVVPNEKADDDSVTIISAGNDKMVKAWNLNQFQIEADFIGHNSNINTLTASPDGTLIASAGKDGEIMLWNLAAKKAMYTLSAQDEVFSLAFSPNRYWLAAATATGIKVFSLDPQYLVDDLRPEFAGYSKAAEPHAVSLAWSADGQTLFAGYTDNVIRVWQVMTAN,negatome,0
P0A425,MVLATLPDTTWTPSVGLVVILCNLFAIALGRYAIQSRGKGPGLPIALPALFEGFGLPELLATTSFGHLLAAGVVSGLQYAGAL,P0A427,MMGSYAASFLPWIFIPVVCWLMPTVVMGLLFLYIEGEA,negatome,0
P04650,MAAQKSFRIKQKMAKAKKQNRPLPQWIRLRTNNTIRYNAKRRNWRRTKMNI,P05748,MGAYKYLEELQRKKQSDVLRFLQRVRVWEYRQKNVIHRAARPTRPDKARRLGYKAKQGFVIYRVRVRRGNRKRPVPKGATYGKPTNQGVNELKYQRSLRATAEERVGRRAANLRVLNSYWVNQDSTYKYFEVILVDPQHKAIRRDARYNWICDPVHKHREARGLTATGKKSRGINKGHKFNNTKAGRRKTWKRQNTLSLWRYRK,negatome,0
P0CX39,MGISRDSRHKRSATGAKRAQFRKKRKFELGRQPANTKIGAKRIHSVRTRGGNKKYRALRIETGNFSWASEGISKKTRIAGVVYHPSNNELVRTNTLTKAAIVQIDATPFRQWFEAHYGQTLGKKKNVKEEETVAKSKNAERKWAARAASAKIESSVESQFSAGRLYACISSRPGQSGRCDGYILEGEELAFYLRRLTAKK,P0CX55,MSLVVQEQGSFQHILRLLNTNVDGNIKIVYALTTIKGVGRRYSNLVCKKADVDLHKRAGELTQEELERIVQIMQNPTHYKIPAWFLNRQNDITDGKDYHTLANNVESKLRDDLERLKKIRAHRGIRHFWGLRVRGQHTKTTGRRRA,negatome,0
P25451,MSDPSSINGGIVVAMTGKDCVAIACDLRLGSQSLGVSNKFEKIFHYGHVFLGITGLATDVTTLNEMFRYKTNLYKLKEERAIEPETFTQLVSSSLYERRFGPYFVGPVVAGINSKSGKPFIAGFDLIGCIDEAKDFIVSGTASDQLFGMCESLYEPNLEPEDLFETISQALLNAADRDALSGWGAVVYIIKKDEVVKRYLKMRQD,Q05778,MLFKQWNDLPEPKHLLDLPEISKNLQSLEVCPVPKVEFPQDLDVPQYSTAVITTKIMNPLFPKNLLQLTSIGEIKTTLTVKSPSLPQSSGKHSWNYDENFPNEVDPDQKNDTADETVYGFSFPIYSFGKTLLFSMEENFISISPIFGNMISRSIISQLAQFSPDIIVIGTSDKIASMKVMTENECTLQPPEFITGFIGSVLTQLIVGPSKGLKFKCLVAPSEGPNGFEKLSLSDMGSLVDLCGQWLGFEPSRYSEECYRLWRCDSAAIGAQSGLYI,negatome,0
P05745,MTVKTGIAIGLNKGKKVTSMTPAPKISYKKGAASNRTKFVRSLVREIAGLSPYERRLIDLIRNSGEKRARKVAKKRLGSFTRAKAKVEEMNNIIAASRRH,P0C0W9,MSAKAQNPMRDLKIEKLVLNISVGESGDRLTRASKVLEQLSGQTPVQSKARYTVRTFGIRRNEKIAVHVTVRGPKAEEILERGLKVKEYQLRDRNFSATGNFGFGIDEHIDLGIKYDPSIGIFGMDFYVVMNRPGARVTRRKRCKGTVGNSHKTTKEDTVSWFKQKYDADVLDK,negatome,0
P0CX23,MAHFKEYQVIGRRLPTESVPEPKLFRMRIFASNEVIAKSRYWYFLQKLHKVKKASGEIVSINQINEAHPTKVKNFGVWVRYDSRSGTHNMYKEIRDVSRVAAVETLYQDMAARHRARFRSIHILKVAEIEKTADVKRQYVKQFLTKDLKFPLPHRVQKSTKTFSYKRPSTFY,P87262,MAQRVTFRRRNPYNTRSNKIKVVKTPGGILRAQHVKKLATRPKCGDCGSALQGISTLRPRQYATVSKTHKTVSRAYGGSRCANCVKERIIRAFLIEEQKIVKKVVKEQTEAAKKSEKKAKK,negatome,0
P00127,VTDQLEDLREHFKNTEEGKALVHHYEECAERVKIQQQQPGYADLEHKEDCVEEFFHLQHYLDTATAPRLFDKLK,P07257,LTVSARDAPTKISTLAVKVHGGSRYATKDGVAHLLNRFNFQNTNTRSALKLVRESELLGGTFKSTLDREYITLKATFLKDDLPYYVNALADVLYKTAFKPHELTESVLPAARYDYAVAEQCPVKSAEDQLYAITFRKGLGNPLLYDGVERVSLQDIKDFADKVYTKENLEVSGENVVEADLKRFVDESLLSTLPAGKSLVSKSEPKFFLGEENRVRFIGDSVAAIGIPVNKASLAQYEVLANYLTSALSELSGLISSAKLDKFTDGGLFTLFVRDQDSAVVSSNIKKIVADLKKGKDLSPAINYTKLKNAVQNESVSSPIELNFDAVKDFKLGKFNYVAVGDVSNLPYLDEL,negatome,0
P0CX49,MGIDHTSKQHKRSGHRTAPKSDNVYLKLLVKLYTFLARRTDAPFNKVVLKALFLSKINRPPVSVSRIARALKQEGAANKTVVVVGTVTDDARIFEFPKTTVAALRFTAGARAKIVKAGGECITLDQLAVRAPKGQNTLILRGPRNSREAVRHFGMGPHKGKAPRILSTGRKFERARGRRRSKGFKV,Q12690,MAISKNLPILKNHFRKHWQERVKVHFDQAGKKVSRRNARATRAAKIAPRPLDLLRPVVRAPTVKYNRKVRAGRGFTLAEVKAAGLTAAYARTIGIAVDHRRQNRNQEIFDANVQRLKEYQSKIIVFPRNGKAPEAEQVLSAAATFPIAQPATDVEARAVQDNGESAFRTLRLARSEKKFRGIREKRAREKAEAEAEKKK,negatome,0
P05744,MAESHRLYVKGKHLSYQRSKRVNNPNVSLIKIEGVATPQDAQFYLGKRIAYVYRASKEVRGSKIRVMWGKVTRTHGNSGVVRATFRNNLPAKTFGASVRIFLYPSNI,P10664,MSRPQVTVHSLTGEATANALPLPAVFSAPIRPDIVHTVFTSVNKNKRQAYAVSEKAGHQTSAESWGTGRAVARIPRVGGGGTGRSGQGAFGNMCRGGRMFAPTKTWRKWNVKVNHNEKRYATASAIAATAVASLVLARGHRVEKIPEIPLVVSTDLESIQKTKEAVAALKAVGAHSDLLKVLKSKKLRAGKGKYRNRRWTQRRGPLVVYAEDNGIVKALRNVPGVETANVASLNLLQLAPGAHLGRFVIWTEAAFTKLDQVWGSETVASSKVGYTLPSHIISTSDVTRIINSSEIQSAIRPAGQATQKRTHVLKKNPLKNKQVLLRLNPYAKVFAAEKLGSKKAEKTGTKPAAVFTETLKHD,negatome,0
P15873,MGSSHHHHHHSSGLEVLFQGPHMASMLEAKFEEASLFKRIIDGFKDCVQLVNFQCKEDGIIAQAVDDSRVLLVSLEIGVEAFQEYRCDHPVTLGMDLTSLSKILRCGNNTDTLTLIADNTPDSIILLFEDTKKDRIAEYSLKLMDIDADFLKIEELQYDSTLSLPSSEFSKIVRDLSQLSDSINIMITKETIKFVADGDIGSGSVIIKPFVDMEHPETSIKLEMDQPVDLTFGAKYLLDIIKGSSLSDRVGIRLSSEAPALFQFDLKSGFLQFFLAPKFNDEE,P40348,MFEGFGPNKKRKISKLAAEQSLAQQPWVEKYRPKNLDEVTAQDHAVTVLKKTLKSANLPHMLFYGPPGTGKTSTILALTKELYGPDLMKSRILELNASDERGISIVREKVKNFARLTVSKPSKHDLENYPCPPYKIIILDEADSMTADAQSALRRTMETYSGVTRFCLICNYVTRIIDPLASQCSKFRFKALDASNAIDRLRFISEQENVKCDDGVLERILDISAGDLRRGITLLQSASKGAQYLGDGKNITSTQVEELAGVVPHDILIEIVEKVKSGDFDEIKKYVNTFMKSGWSAASVVNQLHEYYITNDNFDTNFKNQISWLLFTTDSRLNNGTNEHIQLLNLLVKISQL,negatome,0
P00363,MQTFQADLAIVGAGGAGLRAAIAAAQANPNAKIALISKVYPMRSHTVAAEGGSAAVAQDHDSFEYHFHDTVAGGDWLCEQDVVDYFVHHCPTEMTQLELWGCPWSRRPDGSVNVRRFGGMKIERTWFAADKTGFHMLHTLFQTSLQFPQIQRFDEHFVLDILVDDGHVRGLVAMNMMEGTLVQIRANAVVMATGGAGRVYRYNTNGGIVTGDGMGMALSHGVPLRDMEFVQYHPTGLPGSGILMTEGCRGEGGILVNKNGYRYLQDYGMGPETPLGEPKNKYMELGPRDKVSQAFWHEWRKGNTISTPRGDVVYLDLRHLGEKKLHERLPFICELAKAYVGVDPVKEPIPVRPTAHYTMGGIETDQNCETRIKGLFAVGECSSVGLHGANRLGSNSLAELVVFGRLAGEQATERAATAGNGNEAAIEAQAAGVEQRLKDLVNQDGGENWAKIRDEMGLAMEEGCGIYRTPELMQKTIDKLAELQERFKRVRITDTSSVFNTDLLYTIELGHGLNVAECMAHSAMARKESRGAHQRLDEGCTERDDVNFLKHTLAFRDADGTTRLEYSDVKITTLPPAKRVYGGEADAADKAEAANKKEKANG,P0A8Q3,MINPNPKRSDEPVFWGLFGAGGMWSAIIAPVMILLVGILLPLGLFPGDALSYERVLAFAQSFIGRVFLFLMIVLPLWCGLHRMHHAMHDLKIHVPAGKWVFYGLAAILTVVTLIGVVTI,negatome,0
P05740,ARYGATSTNPAKSASARGSYLRVSFKNTRETAQAINGWELTKAQKYLEQVLDHQRAIPFRRFNSSIGRTAQGKEFGVTKARWPAKSVKFVQGLLQNAAANAEAKGLDATKLYVSHIQVNQAPKQRRRTYRAHGRINKYESSPSHIELVVTEKEEAVAKAAEKKVVRLTSRQRGRIAAQKRIAA,P26321,AYSSRFQTPFRRRREGKTDYYQRKRLVTQHKAKYNTPKYRLVVRFTNKDIICQIISSTITGDVVLAAAYSHELPRYGITHGLTNWAAAYATGLLIARRTLQRLGLDETYKGVEEVEGEYELTEAVEDGPRPFKVFLDIGLQRTTTGARVFGALKGASDGGLYVPHSENRFPGWDFETEEIDPELLRSYIFGGHVSQYMEELADDDEERFSELFKGYLADDID,negatome,0
P04650,MAAQKSFRIKQKMAKAKKQNRPLPQWIRLRTNNTIRYNAKRRNWRRTKMNI,Q02753,MGKSHGYRSRTRYMFQRDFRKHGAVHLSTYLKVYKVGDIVDIKANGSIQKGMPHKFYQGKTGVVYNVTKSSVGVIINKMVGNRYLEKRLNLRVEHIKHSKCRQEFLERVKANAAKRAEAKAQGVAVQLKRQPAQPRESRIVSTEGNVPQTLAPVPYETFI,negatome,0
P04449,MKVEIDSFSGAKIYPGRGTLFVRGDSKIFRFQNSKSASLFKQRKNPRRIAWTVLFRKHHKKGITEEVAKKRSRKTVKAQRPITGASLDLIKERRSLKPEVRKANREEKLKANKEKKKAEKAARKAEKAKSAGTQSSKFSKQQAKGAFQKVAATSR,P05749,MAPNTSRKQKIAKTFTVDVSSPTENGVFDPASYAKYLIDHIKVEGAVGNLGNAVTVTEDGTVVTVVSTAKFSGKYLKYLTKKYLKKNQLRDWIRFVSTKTNEYRLAFYQVTPEEDEEEDEE,negatome,0
P04650,MAAQKSFRIKQKMAKAKKQNRPLPQWIRLRTNNTIRYNAKRRNWRRTKMNI,Q02326,MSAQKAPKWYPSEDVAALKKTRKAARPQKLRASLVPGTVLILLAGRFRGKRVVYLKHLEDNTLLISGPFKVNGVPLRRVNARYVIATSTKVSVEGVNVEKFNVEYFAKEKLTKKEKKEANLFPEQQNKEIKAERVEDQKVVDKALIAEIKKTPLLKQYLSASFSLKNGDKPHMLKF,negatome,0
P02407,MGRVRTKTVKRASKALIERYYPKLTLDFQTNKRLCDEIATIQSKRLRNKIAGYTTHLMKRIQKGPVRGISFKLQEEERERKDQYVPEVSALDLSRSNGVLNVDNQTSDLVKSLGLKLPLSVINVSAQRDRRYRKRV,P25443,MSAPEAQQQKRGGFGGRNRGRPNRRGPRNTEEKGWVPVTKLGRLVKAGKITTIEEIFLHSLPVKEFQIIDTLLPGLQDEVMNIKPVQKQTRAGQRTRFKAVVVVGDSNGHVGLGIKTAKEVAGAIRAGIIIAKLSVIPIRRGYWGTNLGQPHSLATKTTGKCGSVTVRLIPAPRGSGIVASPAVKKLLQLAGVEDVYTQSNGKTRTLENTLKAAFVAIGNTYGFLTPNLWAEQPLPVSPLDIYSDEASAQKKRF,negatome,0
P32905,MSLPATFDLTPEDAQLLLAANTHLGARNVQVHQEPYVFNARPDGVHVINVGKTWEKLVLAARIIAAIPNPEDVVAISSRTFGQRAVLKFAAHTGATPIAGRFTPGSFTNYITRSFKEPRLVIVTDPRSDAQAIKEASYVNIPVIALTDLDSPSEFVDVAIPCNNRGKHSIGLIWYLLAREVLRLRGALVDRTQPWSIMPDLYFYRDPEEVEQQVAEEATTEEAGEEEAKEEVTEEQAEATEWAEENADNVEW,P41057,MAHENVWFSHPRRYGKGSRQCRVCSSHTGLIRKYGLNICRQCFREKANDIGFNKFR,negatome,0
P00125,SDLELHPPSYPWSHRGPLSSLDHTSIRRGFQVYKQVCSSCHSMDYVAYRHLVGVCYTEDEAKALAEEVEVQDGPNEDGEMFMRPGKLSDYFPKPYPNPEAARAANNGALPPDLSYIVRARHGGEDYVFSLLTGYCEPPTGVSVREGLYFNPYFPGQAIGMAPPIYNDVLEFDDGTPATMSQVAKDVCTFLRWAAEPEHDHRKRMGLKMLLMMGLLVPLVYYMKRHKWSVLKSRKLAYRPPK,P23004,PPHPQDLEITKLPNGLVIASLENYSPGSTIGVFIKAGSRYENSSNLGTSHLLRLASSLTTKGASSFKITRGIEAVGGKLSVESTRENMAYTVECLRDDVEILMEFLLNVTTAPEFRPWEVADLQPQLKIDKAVAFQNPQTHVIENLHAAAYRNALADSLYCPDYRIGKVTSVELHDFVQNHFTSARMALVGLGVSHPVLKNVAEQLLNIRGGLGLSGAKAKYRGGEIREQNGDSLVHAAIVAESAAIGGAEANAFSVLQHVLGANPHVKRGLNATSSLYQAVAKGVHNPFDVSAFNASYSDSGLFGFYTISQAAYAGQVIKAAYNQVKTIAQGNVSNENVQAAKNKLKAKYLMSVESSEGFLEEVGSQALAAGSYNPPSTVLQQIDAVADADVIKAAKKFVSRQKSMAASGNLGHTPFVDEL,negatome,0
P61769,MIQRTPKIQVYSRHPAENGKSNFLNCYVSGFHPSDIEVDLLKNGERIEKVEHSDLSFSKDWSFYLLYYTEFTPTEKDEYACRVNHVTLSQPKIVKWDRDM,Q01668,SRRWRRWNR,negatome,0
P0CX23,MAHFKEYQVIGRRLPTESVPEPKLFRMRIFASNEVIAKSRYWYFLQKLHKVKKASGEIVSINQINEAHPTKVKNFGVWVRYDSRSGTHNMYKEIRDVSRVAAVETLYQDMAARHRARFRSIHILKVAEIEKTADVKRQYVKQFLTKDLKFPLPHRVQKSTKTFSYKRPSTFY,P36105,MSTDSIVKASNWRLVEVGRVVLIKKGQSAGKLAAIVEIIDQKKVLIDGPKAGVPRQAINLGQVVLTPLTFALPRGARTATVSKKWAAAAVCEKWAASSWAKKIAQRERRAALTDFERFQVMVLRKQKRYTVKKALAKA,negatome,0
P20433,MNVSTSTFQTRRRRLKKVEEEENAATLQLGQEFQLKQINHQGEEEELIALNLSEARLVIKEALVERRRAFKRSQKKHKKKHLKHENANDETTAVEDEDDDLDEDDVNADDDDFMHSETREKELESIDVLLEQTTGGNNKDLKNTMQYLTNFSRFRDQETVGAVIQLLKSTGLHPFEVAQLGSLACDTADEAKTLIPSLNNKISDDELERILKELSNLETLY,P20435,MSDYEEAFNDGNENFEDFDVEHFSDEETYEEKPQFKDGETTDANGKTIVTGGNGPEDFQQHEQIRRKTLKEKAIPKDQRATTPYMTKYERARILGTRALQISMNAPVFVDLEGETDPLRIAMKELAEKKIPLVIRRYLPDGSFEDWSVEELIVDL,negatome,0
P02406,PSRFTKTRKHRGHVSAGKGRIGKHRKHPGGRGMAGGEHHHRINMDKYHPGYFGKVGMRYFHKQQAHFWKPVLNLDKLWTLIPEDKRDQYLKSASKETAPVIDTLAAGYGKILGKGRIPNVPVIVKARFVSKLAEEKIRAAGGVVELIA,P05737,LVFVVRIKGINKIPPKPRKVLQLLRLTRINSGTFVKVTKATLELLKLIEPYVAYGYPSYSTIRQLVYKRGFGKINKQRVPLSDNAIIEANLGKYGILSIDDLIHEIITVGPHFKQANNFLWPFKLSNPSGGWGVPRKFKHFIQGGSFGNREEFINKLVKSMN,negatome,0
P05743,AKQSLDVSSDRRKARKAYFTAPSSQRRVLLSAPLSKELRAQYGIKALPIRRDDEVLVVRGSKKGQEGKISSVYRLKFAVQVDKVTKEKVNGASVPINLHPSKLVITKLHLDKDRKALIQRKGGKLE,P05748,GAYKYLEELQRKKQSDVLRFLQRVRVWEYRQKNVIHRAARPTRPDKARRLGYKAKQGFVIYRVRVRRGNRKRPVPKGATYGKPTNQGVNELKYQRSLRATAEERVGRRAANLRVLNSYWVNQDSTYKYFEVILVDPQHKAIRRDARYNWICDPVHKHREARGLTATGKKSRGINKGHKFNNTKAGRRKTWKRQNTLSLWRYRK,negatome,0
P04449,MKVEIDSFSGAKIYPGRGTLFVRGDSKIFRFQNSKSASLFKQRKNPRRIAWTVLFRKHHKKGITEEVAKKRSRKTVKAQRPITGASLDLIKERRSLKPEVRKANREEKLKANKEKKKAEKAARKAEKAKSAGTQSSKFSKQQAKGAFQKVAATSR,P0CX41,MSGNGAQGTKFRISLGLPVGAIMNCADNSGARNLYIIAVKGSGSRLNRLPAASLGDMVMATVKKGKPELRKKVMPAIVVRQAKSWRRRDGVFLYFEDNAGVIANPKGEMKGSAITGPVGKECADLWPRVASNSGVVV,negatome,0
P02407,MGRVRTKTVKRASKALIERYYPKLTLDFQTNKRLCDEIATIQSKRLRNKIAGYTTHLMKRIQKGPVRGISFKLQEEERERKDQYVPEVSALDLSRSNGVLNVDNQTSDLVKSLGLKLPLSVINVSAQRDRRYRKRV,P05756,MGRMHSAGKGISSSAIPYSRNAPAWFKLSSESVIEQIVKYARKGLTPSQIGVLLRDAHGVTQARVITGNKIMRILKSNGLAPEIPEDLYYLIKKAVSVRKHLERNRKDKDAKFRLILIESRIHRLARYYRTVAVLPPNWKYESATASALVN,negatome,0
P04038,STALAKPQMRGLLARRLRFHIVGAFMVSLGFATFYKFAVAEKRKKAYADFYRNYDSMKDFEEMRKAGIFQSAK,P07470,FENRVAEKQKLFQEDNGLPVHLKGGATDNILYRVTMTLCLGGTLYSLYCLGWASFPHKK,negatome,0
P05747,MAKSKNHTAHNQTRKAHRNGIKKPKTYKYPSLKGVDPKFRRNHKHALHGTAKALAAAKK,P0CX86,MRAKWRKKRTRRLKRKRRKVRARSK,negatome,0
P43355,EADPTGHSY,P61769,MIQRTPKIQVYSRHPAENGKSNFLNCYVSGFHPSDIEVDLLKNGERIEKVEHSDLSFSKDWSFYLLYYTEFTPTEKDEYACRVNHVTLSQPKIVKWDRDM,negatome,0
P05738,MKYIQTEQQIEVPEGVTVSIKSRIVKVVGPRGTLTKNLKHIDVTFTKVNNQLIKVAVHNGGRKHVAALRTVKSLVDNMITGVTKGYKYKMRYVYAHFPINVNIVEKDGAKFIEVRNFLGDKKIRNVPVRDGVTIEFSTNVKDEIVLSGNSVEDVSQNAADLQQICRVRNKDIRKFLDGIYVSHKGFITEDL,P17076,AAEKKERLTKEAAAVAEGKSKQDASPKPYAVKYGLNHVVALIENKKAKLVLIANDVDPIELVVFLPALCKKMGVPYAIVKGKARLGTLVNQKTSAVAALTEVRAEDEAALAKLVSTIDA,negatome,0
Q8DIN8,MEPNPNRQPVELNRTSLYLGLLLILVLALLFSSYFFN,Q8DIN9,MTSNTPNQEPVSYPIFTVRWVAVHTLAVPTIFFLGAIAAMQFIQR,negatome,0
P26783,MSDTEAPVEVQEDFEVVEEFTPVVLATPIPEEVQQAQTEIKLFNKWSFEEVEVKDASLVDYVQVRQPIFVAHTAGRYANKRFRKAQCPIIERLTNSLMMNGRNNGKKLKAVRIIKHTLDIINVLTDQNPIQVVVDAITNTGPREDTTRVGGGGAARRQAVDVSPLRRVNQAIALLTIGAREAAFRNIKTIAETLAEELINAAKGSSTSYAIKKKDELERVAKSNR,P35997,MVLVQDLLHPTAASEARKHKLKTLVQGPRSYFLDVKCPGCLNITTVFSHAQTAVTCESCSTILCTPTGGKAKLSEGTSFRRK,negatome,0
P02407,MGRVRTKTVKRASKALIERYYPKLTLDFQTNKRLCDEIATIQSKRLRNKIAGYTTHLMKRIQKGPVRGISFKLQEEERERKDQYVPEVSALDLSRSNGVLNVDNQTSDLVKSLGLKLPLSVINVSAQRDRRYRKRV,P38701,MSDFQKEKVEEQEQQQQQIIKIRITLTSTKVKQLENVSSNIVKNAEQHNLVKKGPVRLPTKVLKISTRKTPNGEGSKTWETYEMRIHKRYIDLEAPVQIVKRITQITIEPGVDVEVVVASN,negatome,0
P07280,MPGVSVRDVAAQDFINAYASFLQRQGKLEVPGYVDIVKTSSGNEMPPQDAEGWFYKRAASVARHIYMRKQVGVGKLNKLYGGAKSRGVRPYKHIDASGSINRKVLQALEKIGIVEISPKGGRRISENGQRDLDRIAAQTLEEDE,P25443,MSAPEAQQQKRGGFGGRNRGRPNRRGPRNTEEKGWVPVTKLGRLVKAGKITTIEEIFLHSLPVKEFQIIDTLLPGLQDEVMNIKPVQKQTRAGQRTRFKAVVVVGDSNGHVGLGIKTAKEVAGAIRAGIIIAKLSVIPIRRGYWGTNLGQPHSLATKTTGKCGSVTVRLIPAPRGSGIVASPAVKKLLQLAGVEDVYTQSNGKTRTLENTLKAAFVAIGNTYGFLTPNLWAEQPLPVSPLDIYSDEASAQKKRF,negatome,0
P0CX84,MAGVKAYELRTKSKEQLASQLVDLKKELAELKVQKLSRPSLPKIKTVRKSIACVLTVINEQQREAVRQLYKGKKYQPKDLRAKKTRALRRALTKFEASQVTEKQRKKQIAFPQRKYAIKA,P0CX86,MRAKWRKKRTRRLKRKRRKVRARSK,negatome,0
P0CX35,MARGPKKHLKRLAAPHHWLLDKLSGCYAPRPSAGPHKLRESLPLIVFLRNRLKYALNGREVKAILMQRHVKVDGKVRTDTTYPAGFMDVITLDATNENFRLVYDVKGRFAVHRITDEEASYKLGKVKKVQLGKKGVPYVVTHDGRTIRYPDPNIKVNDTVKIDLASGKITDFIKFDAGKLVYVTGGRNLGRIGTIVHKERHDGGFDLVHIKDSLDNTFVTRLNNVFVIGEQGKPYISLPKGKGIKLSIAEERDRRRAQQGL,P0CX51,MSAVPSVQTFGKKKSATAVAHVKAGKGLIKVNGSPITLVEPEILRFKVYEPLLLVGLDKFSNIDIRVRVTGGGHVSQVYAIRQAIAKGLVAYHQKYVDEQSKNELKKAFTSYDRTLLIADSRRPEPKKFGGKGARSRFQKSYR,negatome,0
P0CX82,MANLRTQKRLAASVVGVGKRKVWLDPNETSEIAQANSRNAIRKLVKNGTIVKKAVTVHSKSRTRAHAQSKREGRHSGYGKRKGTREARLPSQVVWIRRLRVLRRLLAKYRDAGKIDKHLYHVLYKESKGNAFKHKRALVEHIIQAKADAQREKALNEEAEARRLKNRAARDRRAQRVAEKRDALLKEDA,P36105,MSTDSIVKASNWRLVEVGRVVLIKKGQSAGKLAAIVEIIDQKKVLIDGPKAGVPRQAINLGQVVLTPLTFALPRGARTATVSKKWAAAAVCEKWAASSWAKKIAQRERRAALTDFERFQVMVLRKQKRYTVKKALAKA,negatome,0
P04050,YSPTSPSYSPTSPSYSPTSPSYSPTSPSYSPTSPS,P34162,MGKSAVIFVERATPATLTELKDALSNSILSVRDPWSIDFRTYRCSIKNLPADVSKLMYSITFHHHGRQTVLIKDNSAMVTTAAAADIPPALVFNGSSTGVPESIDTILSSKLSNIWMQRQLIKGDAGETLILDGLTVRLVNLFSSTGFKGLLIELQADEAGEFETKIAGIEGHLAEIRAKEYKTSSDSLGPDTSNEICDLAYQYVRALEL,negatome,0
P04650,MAAQKSFRIKQKMAKAKKQNRPLPQWIRLRTNNTIRYNAKRRNWRRTKMNI,P14126,MSHRKYEAPRHGHLGFLPRKRAASIRARVKAFPKDDRSKPVALTSFLGYKAGMTTIVRDLDRPGSKFHKREVVEAVTVVDTPPVVVVGVVGYVETPRGLRSLTTVWAEHLSDEVKRRFYKNWYKSKKKAFTKYSAKYAQDGAGIERELARIKKYASVVRVLVHTQIRKTPLAQKKAHLAEIQLNGGSISEKVDWAREHFEKTVAVDSVFEQNEMIDAIAVTKGHGFEGVTHRWGTKKLPRKTHRGLRKVACIGAWHPAHVMWSVARAGQRGYHSRTSINHKIYRVGKGDDEANGATSFDRTKKTITPMGGFVHYGEIKNDFIMVKGCIPGNRKRIVTLRKSLYTNTSRKALEEVSLKWIDTASKFGKGRFQTPAEKHAFMGTLKKDLG,negatome,0
P0C0W1,MTRSSVLADALNAINNAEKTGKRQVLIRPSSKVIIKFLQVMQKHGYIGEFEYIDDHRSGKIVVQLNGRLNKCGVISPRFNVKIGDIEKWTANLLPARQFGYVILTTSAGIMDHEEARRKHVSGKILGFVY,P0CX51,MSAVPSVQTFGKKKSATAVAHVKAGKGLIKVNGSPITLVEPEILRFKVYEPLLLVGLDKFSNIDIRVRVTGGGHVSQVYAIRQAIAKGLVAYHQKYVDEQSKNELKKAFTSYDRTLLIADSRRPEPKKFGGKGARSRFQKSYR,negatome,0
Q9QUM9,MSRGSSAGFDRHITIFSPEGRLYQVEYAFKAINQGGLTSVAVRGKDCAVIVTQKKVPDKLLDSSTVTHLFKITESIGCVMTGMTADSRSQVQRARYEAANWKYKYGYEIPVDMLCKRIADISQVYTQNAEMRPLGCCMILIGIDEEQGPQVYKCDPAGYYCGFKATAAGVKQTESTSFLEKKVKKKFDWTFEQTVETAITCLSTVLSIDFKPSEIEVGVVTVENPKFRILTEAEIDAHLVALAERD,Q9R1P4,MFRNQYDNDVTVWSPQGRIHQIEYAMEAVKQGSATVGLKSKTHAVLVALKRAQSELAAHQKKILHVDNHIGISIAGLTADARLLCNFMRQECLDSRFVFDRPLPVSRLVSLIGSKTQIPTQRYGRRPYGVGLLIAGYDDMGPHIFQTCPSANYFDCRAMSIGARSQSARTYLERHMSEFMECNLDELVKHGLRALRETLPAEQDLTTKNVSIGIVGKDLEFTIYDDDDVSPFLDGLEERPQRKAQPSQAAEEPAEKADEPMEH,negatome,0
P0C2H6,MAKFLKAGKVAVVVRGRYAGKKVVIVKPHDEGSKSHPFGHALVAGIERYPLKVTKKHGAKKVAKRTKIKPFIKVVNYNHLLPTRYTLDVEAFKSVVSTETFEQPSQREEAKKVVKKAFEERHQAGKNQWFFSKLRF,P26321,MAFQKDAKSSAYSSRFQTPFRRRREGKTDYYQRKRLVTQHKAKYNTPKYRLVVRFTNKDIICQIISSTITGDVVLAAAYSHELPRYGITHGLTNWAAAYATGLLIARRTLQRLGLDETYKGVEEVEGEYELTEAVEDGPRPFKVFLDIGLQRTTTGARVFGALKGASDGGLYVPHSENRFPGWDFETEEIDPELLRSYIFGGHVSQYMEELADDDEERFSELFKGYLADDIDADSLEDIYTSAHEAIRADPAFKPTEKKFTKEQYAAESKKYRQTKLSKEERAARVAAKIAALAGQQ,negatome,0
P07280,MPGVSVRDVAAQDFINAYASFLQRQGKLEVPGYVDIVKTSSGNEMPPQDAEGWFYKRAASVARHIYMRKQVGVGKLNKLYGGAKSRGVRPYKHIDASGSINRKVLQALEKIGIVEISPKGGRRISENGQRDLDRIAAQTLEEDE,P0CX33,MAKVHGSLARAGKVKSQTPKVEKTEKPKKPKGRAYKRLLYTRRFVNVTLVNGKRRMNPGPSVQ,negatome,0
Q9R1P1,MSIMSYNGGAVMAMKGKNCVAIAADRRFGIQAQMVTTDFQKIFPMGDRLYIGLAGLATDVQTVAQRLKFRLNLYELKEGRQIKPYTLMSMVANLLYEKRFGPYYTEPVIAGLDPKTFKPFICSLDLIGCPMVTDDFVVSGTCSEQMYGMCESLWEPNMDPEHLFETISQAMLNAVDRDAVSGMGVIVHVIEKDKITTRTLKARMD,Q9R1P4,MFRNQYDNDVTVWSPQGRIHQIEYAMEAVKQGSATVGLKSKTHAVLVALKRAQSELAAHQKKILHVDNHIGISIAGLTADARLLCNFMRQECLDSRFVFDRPLPVSRLVSLIGSKTQIPTQRYGRRPYGVGLLIAGYDDMGPHIFQTCPSANYFDCRAMSIGARSQSARTYLERHMSEFMECNLDELVKHGLRALRETLPAEQDLTTKNVSIGIVGKDLEFTIYDDDDVSPFLDGLEERPQRKAQPSQAAEEPAEKADEPMEH,negatome,0
P01887,IQKTPQIQVYSRHPPENGKPNILNCYVTQFHPPHIEIQMLKNGKKIPKVEMSDMSFSKDWSFYILAHTEFTPTETDTYACRVKHDSMAEPKTVYWDRDM,Q9D8V0,SSVVGVWYL,negatome,0
Q8DJ43,MARRTWLGDILRPLNSEYGKVAPGWGTTPLMAVFMGLFLVFLLIILEIYNSTLILDGVNVSWKALG,Q9F1K9,KLPEAYAIFDPLVDVLPVIPVLFLALAFVWQAAVGFR,negatome,0
P35997,MVLVQDLLHPTAASEARKHKLKTLVQGPRSYFLDVKCPGCLNITTVFSHAQTAVTCESCSTILCTPTGGKAKLSEGTSFRRK,P48589,MSDVEEVVEVQEETVVEQTAEVTIEDALKVVLRTALVHDGLARGLRESTKALTRGEALLVVLVSSVTEANIIKLVEGLANDPENKVPLIKVADAKQLGEWAGLGKIDREGNARKVVGASVVVVKNWGAETDELSMIMEHFSQQ,negatome,0
P28076,TTIMAVEFDGGVVVGSDSRVSAGTAVVNRVFDKLSPLHQRIFCALSGSAADAQAIADMAAYQLELHGLELEEPPLVLAAANVVKNISYKYREDLLAHLIVAGWDQREGGQVYGTMGGMLIRQPFTIGGSGSSYIYGYVDAAYKPGMTPEECRRFTTNAITLAMNRDGSSGGVIYLVTITAAGVDHRVILGDELPKFYDE,Q9R1P4,MFRNQYDNDVTVWSPQGRIHQIEYAMEAVKQGSATVGLKSKTHAVLVALKRAQSELAAHQKKILHVDNHIGISIAGLTADARLLCNFMRQECLDSRFVFDRPLPVSRLVSLIGSKTQIPTQRYGRRPYGVGLLIAGYDDMGPHIFQTCPSANYFDCRAMSIGARSQSARTYLERHMSEFMECNLDELVKHGLRALRETLPAEQDLTTKNVSIGIVGKDLEFTIYDDDDVSPFLDGLEERPQRKAQPSQAAEEPAEKADEPMEH,negatome,0
P0CH08,IIEPSLKALASKYNCDKSVCRKCYARLPPRATNCRKRKCGHTNQLRPKKKLK,P38061,MASLPHPKIVKKHTKKFKRHHSDRYHRVAENWRKQKGIDSVVRRRFRGNISQPKIGYGSNKKTKFLSPSGHKTFLVANVKDLETLTMHTKTYAAEIAHNISAKNRVVILARAKALGIKVTNPKGRLALEA,negatome,0
P05756,MGRMHSAGKGISSSAIPYSRNAPAWFKLSSESVIEQIVKYARKGLTPSQIGVLLRDAHGVTQARVITGNKIMRILKSNGLAPEIPEDLYYLIKKAVSVRKHLERNRKDKDAKFRLILIESRIHRLARYYRTVAVLPPNWKYESATASALVN,P0CX51,MSAVPSVQTFGKKKSATAVAHVKAGKGLIKVNGSPITLVEPEILRFKVYEPLLLVGLDKFSNIDIRVRVTGGGHVSQVYAIRQAIAKGLVAYHQKYVDEQSKNELKKAFTSYDRTLLIADSRRPEPKKFGGKGARSRFQKSYR,negatome,0
P49722,MAKRGYSFSLTTFSPSGKLVQIEYALAAVAGGAPSVGIKAANGVVLATEKKQKSILYDERSVHKVEPITKHIGLVYSGMGPDYRVLVHRARKLAQQYYLVYQEPIPTAQLVQRVASVMQEYTQSGGVRPFGVSLLICGWNEGRPYLFQSDPSGAYFAWKATAMGKNYVNGKTFLEKRYNEDLELEDAIHTAILTLKESFEGQMTEDNIEVGICNEAGFRRLTPTEVRDYLAAIA,Q60692,TTIMAVQFNGGVVLGADSRTTTGSYIANRVTDKLTPIHDHIFCCRSGSAADTQAVADAVTYQLGFHSIELNEPPLVHTAASLFKEMCYRYREDLMAGIIIAGWDPQEGGQVYSVPMGGMMVRQSFAIGGSGSSYIYGYVDATYREGMTKDECLQFTANALALAMERDGSSGGVIRLAAIQESGVERQVLLGDQIPKFTIATLPPP,negatome,0
P02407,MGRVRTKTVKRASKALIERYYPKLTLDFQTNKRLCDEIATIQSKRLRNKIAGYTTHLMKRIQKGPVRGISFKLQEEERERKDQYVPEVSALDLSRSNGVLNVDNQTSDLVKSLGLKLPLSVINVSAQRDRRYRKRV,P48589,MSDVEEVVEVQEETVVEQTAEVTIEDALKVVLRTALVHDGLARGLRESTKALTRGEALLVVLVSSVTEANIIKLVEGLANDPENKVPLIKVADAKQLGEWAGLGKIDREGNARKVVGASVVVVKNWGAETDELSMIMEHFSQQ,negatome,0
P37382,MDSETHITIRNISKNSVDFVLTNTSLAVANSLRRVVLAEIPTVAIDLVEINVNTSVMPDEFLAHRLGMIPLDSSNIDEPPPVGLEYTRNCDCDQYCPKCSVELFLNAKCTGEGTMEIYARDLVVSSNSSLGHPILADPKSRGPLICKLRKEQEISLRCIAKKGIAKEHAKWSPTSAVAFEYDPWNKLQHTDYWFENDADAEWPKSKNADWEEPPREGEPFNFQEEPRRFYMDVESVGSIPPNEIMVQGLRILQEKLAVLVRDLDEEQPTQLSANELNMEENAEMNWSPYQNGEENTW,Q09191,MSAEEKNIVRVFRAWKTAHQLVHDRGYGVSQAELDLTLDQFKAMHCGMGRNLDRTTLSFYAKPSNDSNKGTIYIEFAKEPSVGIKEMRTFVHTLGDHNHKTGILIYANSMTPSAAKIIATVTGQFTIETFQESDLIVNITHHELVPKHILLSPDEKKELLDRYKLRETQLPRIQLADPVARYLGLKRGEVVKIVRRSETSGRYNSYRICA,negatome,0
P38061,MASLPHPKIVKKHTKKFKRHHSDRYHRVAENWRKQKGIDSVVRRRFRGNISQPKIGYGSNKKTKFLSPSGHKTFLVANVKDLETLTMHTKTYAAEIAHNISAKNRVVILARAKALGIKVTNPKGRLALEA,P49167,MAREITDIKQFLELTRRADVKTATVKINKKLNKAGKPFRQTKFKVRGSSSLYTLVINDAGKAKKLIQSLPPTLKVNRL,negatome,0
P17076,MAPGKKVAPAPFGAKSTKSNKTRNPLTHSTPKNFGIGQAVQPKRNLSRYVKWPEYVRVQRQKKILSIRLKVPPTIAQFQYTLDRNTAAETFKLFNKYRPETAAEKKERLTKEAAAVAEGKSKQDASPKPYAVKYGLNHVVALIENKKAKLVLIANDVDPIELVVFLPALCKKMGVPYAIVKGKARLGTLVNQKTSAVAALTEVRAEDEAALAKLVSTIDANFADKYDEVKKHWGGGILGNKAQAKMDKRAKNSDSA,Q02326,MSAQKAPKWYPSEDVAALKKTRKAARPQKLRASLVPGTVLILLAGRFRGKRVVYLKHLEDNTLLISGPFKVNGVPLRRVNARYVIATSTKVSVEGVNVEKFNVEYFAKEKLTKKEKKEANLFPEQQNKEIKAERVEDQKVVDKALIAEIKKTPLLKQYLSASFSLKNGDKPHMLKF,negatome,0
P05317,MGGIREKKAEYFAKLREYLEEYKSLFVVGVDNVSSQQMHEVRKELRGRAVVLMGKNTMVRRAIRGFLSDLPDFEKLLPFVKGNVGFVFTNEPLTEIKNVIVSNRVAAPARAGAVAPEDIWVRAVNTGMEPGKTSFFQALGVPTKIARGTIEIVSDVKVVDAGNKVGQSEASLLNLLNISPFTFGLTVVQVYDNGQVFPSSILDITDEELVSHFVSAVSTIASISLAIGYPTLPSVGHTLINNYKDLLAVAIAASYHYPEIEDLVDRIENPEKYAAAAPAATSAASGDAAPAEEAAAEEEEESDDDMGFGLFD,P38061,MASLPHPKIVKKHTKKFKRHHSDRYHRVAENWRKQKGIDSVVRRRFRGNISQPKIGYGSNKKTKFLSPSGHKTFLVANVKDLETLTMHTKTYAAEIAHNISAKNRVVILARAKALGIKVTNPKGRLALEA,negatome,0
P05749,MAPNTSRKQKIAKTFTVDVSSPTENGVFDPASYAKYLIDHIKVEGAVGNLGNAVTVTEDGTVVTVVSTAKFSGKYLKYLTKKYLKKNQLRDWIRFVSTKTNEYRLAFYQVTPEEDEEEDEE,P17076,MAPGKKVAPAPFGAKSTKSNKTRNPLTHSTPKNFGIGQAVQPKRNLSRYVKWPEYVRVQRQKKILSIRLKVPPTIAQFQYTLDRNTAAETFKLFNKYRPETAAEKKERLTKEAAAVAEGKSKQDASPKPYAVKYGLNHVVALIENKKAKLVLIANDVDPIELVVFLPALCKKMGVPYAIVKGKARLGTLVNQKTSAVAALTEVRAEDEAALAKLVSTIDANFADKYDEVKKHWGGGILGNKAQAKMDKRAKNSDSA,negatome,0
P02407,MGRVRTKTVKRASKALIERYYPKLTLDFQTNKRLCDEIATIQSKRLRNKIAGYTTHLMKRIQKGPVRGISFKLQEEERERKDQYVPEVSALDLSRSNGVLNVDNQTSDLVKSLGLKLPLSVINVSAQRDRRYRKRV,Q08745,MLMPKEDRNKIHQYLFQEGVVVAKKDFNQAKHEEIDTKNLYVIKALQSLTSKGYVKTQFSWQYYYYTLTEEGVEYLREYLNLPEHIVPGTYIQERNPTQRPQRRY,negatome,0
O13516,YESSRLDAELKLAGEFGLKNKKEIYRISFQLSKIRRAARDLLTRDEKDPKRLFEGNALIRRLVRVGVLSEDKKKLDYVLALKVEDFLERRLQTQVYKLGLAKSVHHARVLITQRHIAVGKQIVNIPSFMVRLDSEKHIDFAPTSPFGGARPGRVARRNAARKAEASGEAADEADEADEE,P05750,VALISKKRKLVADGVFYAELNEFFTRELAEEGYSGVEVRVTPTKTEVIIRATRTQDVLGENGRRINELTLLVQKRFKYAPGTIVLYAERVQDRGLSAVAQAESMKFKLLNGLAIRRAAYGVVRYVMESGAKGCEVVVSGKLRAARAKAMKFADGFLIHSGQPVNDFIDTATRHVLMRQGVLGIKVKIMRDPA,negatome,0
P28076,TTIMAVEFDGGVVVGSDSRVSAGTAVVNRVFDKLSPLHQRIFCALSGSAADAQAIADMAAYQLELHGLELEEPPLVLAAANVVKNISYKYREDLLAHLIVAGWDQREGGQVYGTMGGMLIRQPFTIGGSGSSYIYGYVDAAYKPGMTPEECRRFTTNAITLAMNRDGSSGGVIYLVTITAAGVDHRVILGDELPKFYDE,Q9R1P3,MEYLIGIQGPDYVLVASDRVAASNIVQMKDDHDKMFKMSEKILLLCVGEAGDTVQFAEYIQKNVQLYKMRNGYELSPTAAANFTRRNLADCLRSRTPYHVNLLLAGYDEHEGPALYYMDYLAALAKAPFAAHGYGAFLTLSILDRYYTPTISRERAVELLRKCLEELQKRFILNLPTFSVRVIDKDGIHNLENIAFPKRDS,negatome,0
O30142,GHMNVKLKVFHAGSLTEPMKAFKRAFEEKHPNVEVQTEAAGSAATIRKVTELGRKADVIATADYTLIQKMMYPEFANWTIMFAKNQIVLAYRNDSRYADEINSQNWYEILKRPDVRFGFSNPNDDPCGYRSLMAIQLAELYYNDPTIFDELVAKNSNLRFSEDNGSYVLRMPSSERIEINKSKIMIRSMEMELIHLVESGELDYFFIYKSVAKQHGFNFVELPVEIDLSSPDYAELYSKVKVVLANGKEVTGKPIVYGITIPKNAENRELAVEFVKLVISEEGQEILRELGQEPLVPPRADTAVPSLKAMVEVS,O30144,MFLKVRAEKRLGNFRLNVDFEMGRDYCVLLGPTGAGKSVFLELIAGIVKPDRGEVRLNGADITPLPPERRGIGFVPQDYALFPHLSVYRNIAYGLRNVERVERDRRVREMAEKLGIAHLLDRKPARLSGGERQRVALARALVIQPRLLLLDEPLSAVDLKTKGVLMEELRFVQREFDVPILHVTHDLIEAAMLADEVAVMLNGRIVEKGKLKELFSAKNGEVAEFLSARNLLLKVSKILD,negatome,0
P0C0W1,MTRSSVLADALNAINNAEKTGKRQVLIRPSSKVIIKFLQVMQKHGYIGEFEYIDDHRSGKIVVQLNGRLNKCGVISPRFNVKIGDIEKWTANLLPARQFGYVILTTSAGIMDHEEARRKHVSGKILGFVY,P0CX55,MSLVVQEQGSFQHILRLLNTNVDGNIKIVYALTTIKGVGRRYSNLVCKKADVDLHKRAGELTQEELERIVQIMQNPTHYKIPAWFLNRQNDITDGKDYHTLANNVESKLRDDLERLKKIRAHRGIRHFWGLRVRGQHTKTTGRRRA,negatome,0
P0CX29,MGKGKPRGLNSARKLRVHRRNNRWAENNYKKRLLGTAFKSSPFGGSSHAKGIVLEKLGIESKQPNSAIRKCVRVQLIKNGKKVTAFVPNDGCLNFVDENDEVLLAGFGRKGKAKGDIPGVRFKVVKVSGVSLLALWKEKKEKPRS,P38011,MASNEVLVLRGTLEGHNGWVTSLATSAGQPNLLLSASRDKTLISWKLTGDDQKFGVPVRSFKGHSHIVQDCTLTADGAYALSASWDKTLRLWDVATGETYQRFVGHKSDVMSVDIDKKASMIISGSRDKTIKVWTIKGQCLATLLGHNDWVSQVRVVPNEKADDDSVTIISAGNDKMVKAWNLNQFQIEADFIGHNSNINTLTASPDGTLIASAGKDGEIMLWNLAAKKAMYTLSAQDEVFSLAFSPNRYWLAAATATGIKVFSLDPQYLVDDLRPEFAGYSKAAEPHAVSLAWSADGQTLFAGYTDNVIRVWQVMTAN,negatome,0
P04449,MKVEIDSFSGAKIYPGRGTLFVRGDSKIFRFQNSKSASLFKQRKNPRRIAWTVLFR,P17076,AAEKKERLTKEAAAVAEGKSKQDASPKPYAVKYGLNHVVALIENKKAKLVLIANDVDPIELVVFLPALCKKMGVPYAIVKGKARLGTLVNQKTSAVAALTEVRAEDEAALAKLVSTIDA,negatome,0
P0CX27,MVNVPKTRKTYCKGKTCRKHTQHKVTQYKAGKASLFAQGKRRYDRKQSGFGGQTKPVFHKKAKTTKKVVLRLECVKCKTRAQLTLKRCKHFELGGEKKQKGQALQF,P0CX86,MRAKWRKKRTRRLKRKRRKVRARSK,negatome,0
P05750,MVALISKKRKLVADGVFYAELNEFFTRELAEEGYSGVEVRVTPTKTEVIIRATRTQDVLGENGRRINELTLLVQKRFKYAPGTIVLYAERVQDRGLSAVAQAESMKFKLLNGLAIRRAAYGVVRYVMESGAKGCEVVVSGKLRAARAKAMKFADGFLIHSGQPVNDFIDTATRHVLMRQGVLGIKVKIMRDPAKSRTGPKALPDAVTIIEPKEEEPILAPSVKDYRPAEETEAQAEPVEA,P0CX37,MKLNISYPVNGSQKTFEIDDEHRIRVFFDKRIGQEVDGEAVGDEFKGYVFKISGGNDKQGFPMKQGVLLPTRIKLLLTKNVSCYRPRRDGERKRKSVRGAIVGPDLAVLALVIVKKGEQELEGLTDTTVPKRLGPKRANNIRKFFGLSKEDDVRDFVIRREVTKGEKTYTKAPKIQRLVTPQRLQRKRHQRALKVRNAQAQREAAAEYAQLLAKRLSERKAEKAEIRKRRASSLKA,negatome,0
P05743,AKQSLDVSSDRRKARKAYFTAPSSQRRVLLSAPLSKELRAQYGIKALPIRRDDEVLVVRGSKKGQEGKISSVYRLKFAVQVDKVTKEKVNGASVPINLHPSKLVITKLHLDKDRKALIQRKGGKLE,P14126,SHRKYEAPRHGHLGFLPRKRAASIRARVKAFPKDDRSKPVALTSFLGYKAGMTTIVRDLDRPGSKFHKREVVEAVTVVDTPPVVVVGVVGYVETPRGLRSLTTVWAEHLSDEVKRRFYKNWYKSKKKAFTKYSAKYAQDGAGIERELARIKKYASVVRVLVHTQIRKTPLAQKKAHLAEIQLNGGSISEKVDWAREHFEKTVAVDSVFEQNEMIDAIAVTKGHGFEGVTHRWGTKKLPRKTHRGLRKVACIGAWHPAHVMWSVARAGQRGYHSRTSINHKIYRVGKGDDEANGATSFDRTKKTITPMGGFVHYGEIKNDFIMVKGCIPGNRKRIVTLRKSLYTNTSRKALEEVSLKWIDTASKFGKGRFQTPAEKHAFMGTLKKDL,negatome,0
P07151,MIQKTPQIQVYSRHPPENGKPNFLNCYVSQFHPPQIEIELLKNGKKIPNIEMSDLSFSKDWSFYILAHTEFTPTETDVYACRVKHVTLKEPKTVTWDRDM,Q9JJP9,NPRAMQALL,negatome,0
P05745,MTVKTGIAIGLNKGKKVTSMTPAPKISYKKGAASNRTKFVRSLVREIAGLSPYERRLIDLIRNSGEKRARKVAKKRLGSFTRAKAKVEEMNNIIAASRRH,P36105,MSTDSIVKASNWRLVEVGRVVLIKKGQSAGKLAAIVEIIDQKKVLIDGPKAGVPRQAINLGQVVLTPLTFALPRGARTATVSKKWAAAAVCEKWAASSWAKKIAQRERRAALTDFERFQVMVLRKQKRYTVKKALAKA,negatome,0
P0CX84,MAGVKAYELRTKSKEQLASQLVDLKKELAELKVQKLSRPSLPKIKTVRKSIACVLTVINEQQREAVRQLYKGKKYQPKDLRAKKTRALRRALTKFEASQVTEKQRKKQIAFPQRKYAIKA,P87262,MAQRVTFRRRNPYNTRSNKIKVVKTPGGILRAQHVKKLATRPKCGDCGSALQGISTLRPRQYATVSKTHKTVSRAYGGSRCANCVKERIIRAFLIEEQKIVKKVVKEQTEAAKKSEKKAKK,negatome,0
P04449,MKVEIDSFSGAKIYPGRGTLFVRGDSKIFRFQNSKSASLFKQRKNPRRIAWTVLFR,P14126,SHRKYEAPRHGHLGFLPRKRAASIRARVKAFPKDDRSKPVALTSFLGYKAGMTTIVRDLDRPGSKFHKREVVEAVTVVDTPPVVVVGVVGYVETPRGLRSLTTVWAEHLSDEVKRRFYKNWYKSKKKAFTKYSAKYAQDGAGIERELARIKKYASVVRVLVHTQIRKTPLAQKKAHLAEIQLNGGSISEKVDWAREHFEKTVAVDSVFEQNEMIDAIAVTKGHGFEGVTHRWGTKKLPRKTHRGLRKVACIGAWHPAHVMWSVARAGQRGYHSRTSINHKIYRVGKGDDEANGATSFDRTKKTITPMGGFVHYGEIKNDFIMVKGCIPGNRKRIVTLRKSLYTNTSRKALEEVSLKWIDTASKFGKGRFQTPAEKHAFMGTLKKDL,negatome,0
P59087,MMSEGGRIPLWIVATVAGMGVIVIVGLFFYGAYAGLGSSL,Q8DHA7,MEVNQLGLIATALFVLVPSVFLIILYVQTESQQKSS,negatome,0
P99026,TQNPMVTGTSVLGVKFDGGVVIAADMLGSYGSLARFRNISRIMRVNDSTMLGASGDYADFQYLKQVLGQMVIDEELLGDGHSYSPRAIHSWLTRAMYSRRSKMNPLWNTMVIGGYADGESFLGYVDMLGVAYEAPSLATGYGAYLAQPLLREVLEKQPVLSQTEARELVERCMRVLYYRDARSYNRFQIATVTEKGVEIEGPLSAQTNWDIAHMISGFE,Q9QUM9,MSRGSSAGFDRHITIFSPEGRLYQVEYAFKAINQGGLTSVAVRGKDCAVIVTQKKVPDKLLDSSTVTHLFKITESIGCVMTGMTADSRSQVQRARYEAANWKYKYGYEIPVDMLCKRIADISQVYTQNAEMRPLGCCMILIGIDEEQGPQVYKCDPAGYYCGFKATAAGVKQTESTSFLEKKVKKKFDWTFEQTVETAITCLSTVLSIDFKPSEIEVGVVTVENPKFRILTEAEIDAHLVALAERD,negatome,0
P41805,MARRPARCYRYQKNKPYPKSRYNRAVPDSKIRIYDLGKKKATVDEFPLCVHLVSNELEQLSSEALEAARICANKYMTTVSGRDAFHLRVRVHPFHVLRINKMLSCAGADRLQQGMRGAWGKPHGLAARVDIGQIIFSVRTKDSNKDVVVEGLRRARYKFPGQQKIILS,P49166,GKGTPSFGKRHNKSHTLCNRCGRRSFHVQKKTCSSCGYPAAKTRSYNWGAKAKRRHTTGTGRMRYLKHVSRRFKNGFQTGSASKASA,negatome,0
P00044,TEFKAGSAKKGATLFKTRCLQCHTVEKGGPHKVGPNLHGIFGRHSGQAEGYSYTDANIKKNVLWDENNMSEYLTNPKKYIPGTKMAFGGLKKEKDRNDLITYLKKACE,P00127,DTDQLEDLREHFKNTEEGKALVHHYEECAERVKIQQQQPGYADLEHKEDCVEEFFHLQHYLDTATAPRLFDKLK,negatome,0
P0C0V8,MENDKGQLVELYVPRKCSATNRIIKADDHASVQINVAKVDEEGRAIPGEYVTYALSGYVRSRGESDDSLNRLAQNDGLLKNVWSYSR,P0CX55,MSLVVQEQGSFQHILRLLNTNVDGNIKIVYALTTIKGVGRRYSNLVCKKADVDLHKRAGELTQEELERIVQIMQNPTHYKIPAWFLNRQNDITDGKDYHTLANNVESKLRDDLERLKKIRAHRGIRHFWGLRVRGQHTKTTGRRRA,negatome,0
Q8DIP0,MGLPWYRVHTVLINDPGRLIAAHLMHTALVAGWAGSMALYELATFDPSDPVLNPMWRQGMFVLPFMARLGVTGSWSGWSITGETGIDPGFWSFEGVALAHIVLSGLLFLAACWHWVYWDLELFRDPRTGEPALDLPKMFGIHLFLAGLLCFGFGAFHLTGLFGPGMWVSDPYGLTGSVQPVAPEWGPDGFNPYNPGGVVAHHIAAGIVGIIAGLFHILVRPPQRLYKALRMGNIETVLSSSIAAVFFAAFVVAGTMWYGSATTPIELFGPTRYQWDSSYFQQEINRRVQASLASGATLEEAWSAIPEKLAFYDYIGNNPAKGGLFRTGPMNKGDGIAQAWKGHAVFRNKEGEELFVRRMPAFFESFPVILTDKNGVVKADIPFRRAESKYSFEQQGVTVSFYGGELNGQTFTDPPTVKSYARKAIFGEIFEFDTETLNSDGIFRTSPRGWFTFAHAVFALLFFFGHIWHGARTLFRDVFSGIDPELSPEQVEWGFYQKVGDVTTRRKEAV,Q8DIQ1,MAGTTGERPFSDIITSVRYWVIHSITIPALFIAGWLFVSTGLAYDVFGTPRPDSYYAQEQRSIPLVTDRFEAKQQVETFLEQLK,negatome,0
