protein_seq,id
ELSTSLYKKAGFHHHHHHENLYFQDSNTKGWSEVLKGSECKPRPIVVPVSETHPELTSQRFNPPCVTLMRCGGCCNDESLECVPTEEVNVTMELLGASGSGSNGMQRLSFVEHKKCDCRPRFTTTPPTTTRPPRRRR,3v6b_P1
VDCSEYPKPACTLEYRPRCGSDNKTYGNKCNFCNAVVESNGTLTLSHFGKC,1R0R_P1_m15
RPDFCLEPPYTGPCEARIIRYFYNAKAGLCQTFVYGACRAKRNNFKSAEDCLRTCGGA,1T7C_P1_m7
FPTIPLSRLFDNAMLRAHRLHQLAFDTYQEFEEAYIPKEQKYSFLQNPQTSLCFSESIPTPSNREETQAKSNLELLRISLLLIQSWLEPVQFLRSVFANSLVYGASDSNVYDLLKDLEERIQTLMGRLEDGSPRTGQIFKQTYSKFDTNSHNDDALLKNYGLLYCFRKDMDKVETFLRIVQCRSVEGSCGF,1A22_P2_m46
FKVLQEPTCVSDYMSISTCEWKMNGPTNCSTELRLLYQLVFLLSEAHTCIPENNGGAGCVCHLLMDDAVSADNYTLDLWAGQQLLWKGSFKPSEHVKPRAPGNLTVHTNVSDTLLLTWSNPYPPDNYLYNHLTYAVNIWSENDPADFRIYNVTYLEPSLRIAASTLKSGISYRARVRAWAQAYNTTWSEWSPSTKWHNSYREPFEQH,1IAR_P2_m79
MTFTKACSVDEVPPGEALQVSHDAQKVAIFNVDGEFFATQDQCTHGEWSLSEGGYLDGDVVECSLHMGKFCVRTGKVKSPPPCEPLKVYPIRIEGRDVLVDFSRAALHA,2yvj_P1
VDCSEYPKPACTLEYRPLCGSDNKTYGNTCNFCNAVVESNGTLTLSHFGKC,1R0R_P1_m15
HHHHHHVDCSQFLRGQECVEECRVLQGLPREYVNARHCLPCHPECQPQDGSVTCFGPEADQCVACAHYKDPPFCVARCPSGVKPDLSYMPIWKFPDEEGACQP,4HRN_P2_m2
VDNKFAKEMRNAYWEIALLPNLTNQQKRAFIRKLYDEPSQSSNLLSEAKKLNDSQAPK,3MZW_P1_m13
SKPGCYDNGKHYQINQQWERTYLGNALVCTCYGGSRGFNCESKPEAEETCFDKYTGNTYRVGDTYERPKDSMIWDCTCIGAGRGRISCTIANR,1o9a_P1
MSQERPTFYRQELNKTIWEVPERYQNLSPVGSGAYGSVCAAFDTKTGHRVAVKKLSRPFQSIIHAKRTYRELRLLKHMKHENVIGLLDVFTPARSLEEFNDVYLVTHLMGADLNNIVKCQKLTDDHVQFLIYQILRGLKYIHSADIIHRDLKPSNLAVNEDCELKILDFGLARHTDDEMTGYVATRWYRAPEIMLNWMHYNQTVDIWSVGCIMAELLTGRTLFPGTDHIDQLKLILRLVGTPGAELLKKISSESARNYIQSLAQMPKMNFANVFIGANPLAVDLLEKMLVLDSDKRITAAQALAHAYFAQYHDPDDEPVADPYDQSFESRDLLIDEWKSLTYDEVISFVPPPLDQEEMES,5nzz_P2
GSGLSAQDISQPLQNSFIHTGHGDSDPRHCWGFPDRIDELYLGN,1CF4_P2_m1
DSEQLQRELKELALEEERLIQELEDVEKNRKVVAENLEKVQAEAERLDQE,5yr0_P2
MDLIDILWRQDIDLGVSREVFDFSQRQKDYELEKQ,3wn7_P1
PQAIKCVVVGDGAVGKTCLLISYTTNAFPGEYIPTVFDNYSANVMVDGKPVNLGLWDTAGLEDYDRLRPLSYPQTDVFLICFSLVSPASFENVRAKWYPEVRHHCPNTPIILVGTKLDLRDDKDTIEKLKEKKLTPITYPQGLAMAKEIGAVKYLECSALTQRGLKTVFDEAIRAVLCPPPVKKRKRKCLLL,1E96_P2_m3
MELKHSISDYTEAEFLEFVKKIARAEGATECDDVKLVTEFEELTEHPDGSDLIYYPRDDREDSPEGIVKEIKEWRAANGKSGFKQG,2WPT_P1_m21
MILANVFCLFFFLDETLRSLASPSSLQGPELHGWRPPVDCVRANELCAAESNCSSRYRTLRQCLAGRDRNTMLANKECQAALEVLQESPLYDCRCKRGMKKELQCLQIYWSIHLGLTEGEEFYEASPYEPVTSRLSDIFRLASIFSGTGADPVVSAKSNHCLDAAKACNLNDNCKKLRSSYISICNREISPTERCNRRKCHKALRQFFDRVPSEYTYRMLFCSCQDQACAERRRQTILPSCSYEDKEKPNCLDLRGVCRTDHLCRSRLADFHANCRASYQTVTSCPADNYQACLGSYAGMIGFDMTPNYVDSSPTGIVVSPWCSCRGSGNMEEECEKFLRDFTENPCLRNAIQAFGNGTDVNVSPKGPSFQATQAPRVEKTPSLPDDLSDSTSLGTSVITTCTSVQEQGLKANNSKELSMCFTELTTNIIPGSNKVIKPNSGPSRARPSAALTVLSVL,5mr4_P2
MDIVMSQSPSSLAVSVGEKITMSCKSSQSLLYSNNEKNYLAWYQQKPGQSPKLLIYWASARDSGVPDRFTGSGSGTDFTLTISSVKAEDLAVFYCQQYYSYPYTFGGGTKLEIKGGGGSGGGGSGGGGSQVQLQQPGAELLKPGASVKLSCKASGYSFSNYWMHWVKQRPGQGPEWIGMIHPNSGNTKYNEKFKNKATLTVDKSSSMVYMQLSSLTSEDSAVFYCARLGNDMDYWGQGTSVTVSS,5kve_P1
MGSSHHHHHHSSGLVPRGSHMTRETIFEASKKVTNSLSNLISLIGT,5nl1_P2
GPLGSMAGTFKIHAYTEGGKPLRTIYLPKLLKKVFLDVVKPNTKKNLETCGILCGKLRQNAFFITHLVIPLQEATSDTCGTTDEASLFEFQDKHNLLTLGWIHTHPTQTCFMSSVALHTHCSYQLMLPEAIAIVMAPSKNTSGIFRLLDPEGLQTIVKCRKPGLFHPHEGKVYTMVAQPGHVREINSKLQVVDLRVK,4pqt_P1
MPIVQNLQGQMVHQAISPRTLNAWVKVVEEKAFSPEVIPMFSALSEGATPQDLNTMLNTVGGHQAAMQMLKETINEEAAEWDRLHPVHAGPIAPGQMREPRGSDIAGTTSTLQEQIGWMTHNPPIPVGEIYKRWIILGLNKIVRMYS,2x2d_P1
GSMAEPLKEEDGEDGSAEPPGPVKAEPAHTAASVAAKNLALLKARSFDVTFDVGDEYEIIETIGNGAYGVVSSARRRLTGQQVAIKKIPNAFDVVTNAKRTLRELKILKHFKHDNIIAIKDILRPTVPYGEFKSVYVVLDLMESDLHQIIHSSQPLTLEHVRYFLYQLLRGLKYMHSAQVIHRDLKPSNLLVNENCELKIGDFGMARGLCTSPAEHQYFMTEYVATRWYRAPELMLSLHEYTQAIDLWSVGCIFGEMLARRQLFPGKNYVHQLQLIMMVLGTPSPAVIQAVGAERVRAYIQSLPPRQPVPWETVYPGADRQALSLLGRMLRFEPSARISAAAALRHPFLAKYHDPDDEPDCAPPFDFAFDREALTRERIKEAIVAEIEDFHARREGIRQQIRFQPSLQPVASEPGCPDVEMPSPWAPSGDCAMSGRHHHHHH,4ic7_P2
GSHMAEGGGCRERPDAETQKSELGPLMRTTLQRGAQWYLIDSRWFKQWKKYVGFDSWDMYNVGEHNLFPGPIDNSGLFSDPESQTLKEHLIDELDYVLVPTEAWNKLLNWYGCVEGQQPIVRKVVEHGLFVKHCKVEVYLLELKLCENSDPTNVLSCHFSKADTIATIEKEMRKLFNIPAERETRLWNKYMSNTYEQLSKLDNTVQDAGLYQGQVLVIEPQNEDGTWPRQTLQ,5ctr_P2
LERGRDYEKNKVCKEFSHLGKEDFTSLSLVLYSRKFPSGTFEQVSQLVKEVVSLTEACCAEGADPDCYDTRTSALSAKSCESNSPFPVHPGTAECCTKEGLERKLCMAALKHQPQEFPTYVEPTNDEICEAFRKDPKEYANQFMWEYSTNYGQAPLSLLVSYTKSYLSMVGSCCTSASPTVCFLKERLQLKHLSLLTTLSNRVCSQYAAYGEKKSRLSNLIKLAQKVPTADLEDVLPLAEDITNILSKCCESASEDCMAKELPEHTVKLCDNLSTKNSKFEDCCQEKTAMDVFVCTYFMPAAQLPELPDVELPTNKDVCDPGNTKVMDKYTFELSRRTHLPEVFLSKVLEPTLKSLGECCDVEDSTTCFNAKGPLLKKELSSFIDKGQELCADYSENTFTEYKKKLAERLKAKLPDATPKELAKLVNKRSDFASNCCSINSPPLYCDSEIDAELKNIL,1kxp_P1
LAAVSVDCSDHPKPACLQEQKPICGSDNKTYDNKCSFCNAVVDSNGTLTLSHFGKC,3SGB_P1_m139
LRKQELVTQNELLKQQVKIFEEDFQRERSDRERMNEEKEELKKQVEKLQAQVTLTNAQLKTLKEEEKAKE,6n6r_P1
MASVVAIHEAETADYILDVLVEGVKAKAGDTVEIPLKFENVPSHGIQSFNLSLYYDSKAIEVLKVEPGSIITDPANNFDYNIVYKDSEIVFLFDDDKQKGEGLIKTDGVFAKLTVRIKPDIFKDSGSTKKYSLITFGESNFCDFDLKPILAVLKEGKVEIEKLEHHHHHH,4dh2_P2
GSHMTQDCSFQHSPISSDFAVKIRELSDYLLQDYPVTVASNLQDEELCGGLWRLVLAQRWMERLKTVAGSKMQGLLERVNTEIHFVTKCAFQPPPSCLRFVQTNISRLLQETSEQLVALKPWITRQNFSRCLELQCQP,3qs7_P2
EGREDPQLLVRVRGGQLRGIRLKAPGGPVSAFLGIPFAEPPVGSRRFMPPEPKRPWSGVLDATTFQNVCYQYVDTLYPGFEGTEMWNPNRELSEDCLYLNVWTPYPRPASPTPVLIWIYGGGFYSGAASLDVYDGRFLAQVEGAVLVSMNYRVGTFGFLALPGSREAPGNVGLLDQRLALQWVQENIAAFGGDPMSVTLFGESAGAASVGMHILSLPSRSLFHRAVLQSGTPNGPWATVSAGEARRRATLLARLVGCPPGGAGGNDTELIACLRTRPAQDLVDHEWHVLPQESIFRFSFVPVVDGDFLSDTPEALINTGDFQDLQVLVGVVKDEGSYGLVYGVPGFSKDNESLISRAQFLAGVRIGVPQASDLAAEAVVLHYTDWLHPEDPTHLRDAMSAVVGDHNVVCPVAQLAGRLAAQGARVYAYIFEHRASTLTWPLWMGVPHGYEIEFIFGLPLDPSLNYTTEERIFAQRLMKYWTNFARTGDPNDPRDSKSPQWPPYTTAAQQYVSLNLKPLEVRRGLRAQTCAFWNRFLPKLLSATDTLDEA,1KU6_P2_m7
CLCSPPHPQTAFCNSDLVIRAKFVGTPEVAQTTLYQRYEIKMTKMYKGFQALGDAADIRFVYTPAMESVCGYFHRSHARSEEFLIAGKLQDGLLHITTCSFVAPWNSLSLAQRRGFTKTYTVGCEECTVFPCLSIPCKLQSGTHCLWTDQLLQGSEKGFQSRHLACLPREPGLCTWQSLRSQIA,1UEA_P1_m8
RPDFCLEPPYTGPCGARIIRYFYNAKAGLCQTFVYGGCRAKRNNFKSAEDCMRTCGGA,2FTL_P2_m10
GAMGSPSQPLDASASGDVSCVDEILKEMTHSWPPPLTAIHTPCKTEPSKFPFPTKEGSGSGSGS,5jw9_P1
PLGSDHEQILVLDPPTDLKFKGPFTDVVTTNLKLRNPSDRKVCFKVKTTAPRRYCVRPNSGIIDPGSTVTVSVMLQPFDYDPNEKSKHKFMVQTIFAPPNTSDMEAVWKEAKPDELMDSKLRCVFEMPNE,2rr3_P1
MDPTHSYDWLPRLSKENFNAAPVTCFPHAPGCEVWDNLGVGMKVEVENTDCDSIEVIQPGQTPTSFWVATILEIKGYKALMSYEGFDTDSHDFWVNLCNAEVHSVGWCATRGKPLIPPRTIEHKYKDWKDFLVGRLSGARTLPSNFYNKINDSLQSRFRLGLNLECVDKDRISQVRLATVTKIVGKRLFLRYFDSDDGFWCHEDSPIIHPVGWATTVGHNLAAPQDYLERMLAGREAMIEVHEDDATIELFKMNFTFDEYYSDGKTNSFVEGMKLEAVDPLNLSSICPATVMAVLKFGYMMIRIDSYQPDASGSDWFCYHEKSPCIFPAGFCSVNNISVTPPNGYDSRTFTWEGYLRDTGAVAAGQHLFHRIIPDHGFEVGMSLECADLMDPRLVCVATVARVVGRLLKVHFDGWTDEYDQWLDCESADIYPVGWCVLVNHKLEGPPRVAH,4c5g_P1
MGSSHHHHHHSSGLVPRGSHMASVQKFPGDANCDGIVDISDAVLIMQTMANPSKYQMTDKGRINADVTGNSDGVTVLDAQFIQSYCLGLVELPPVE,5M2O_P1_m11
RRKKPQDHFFDVPAEEDPEVHLGQLKRFSLRELQVASDNFSNKNILGRGGFGKVYKGRLADGTLVAVKRLKEERTQGGELQFQTEVEMISMAVHRNLLRLRGFCMTPTERLLVYPYMANGSVASCLRERPESQPPLDWPKRQRIALGSARGLAYLHDHCDPKIIHRDVKAANILLDEEFEAVVGDFGLAKLMDYKDTHVTTAVRGTIGHIAPEYLSTGKSSEKTDVFGYGVMLLELITGQRAFDLARLANDDDVMLLDWVKGLLKEKKLEALVDVDLQGNYKDEEVEQLIQVALLCTQSSPMERPKMSEVVRMLEGDGLAERWEEWQKEEMFRQDFNYPTHLEHHHHHH,3tl8_P1
GSHMTREMRILILGLDGAGKTTILYRLQVGEVVTTIPTIGFNVETVTYKNLKFQVWDLGGLTSIRPYWRCYYSNTDAVIYVVDSCDRDRIGISKSELVAMLEEEELRKAILVVFANKQDMEQAMTSSEMANSLGLPALKDRKWQIFKTSATKGTGLDEAMEWLVETLKSRQ,5ee5_P2
QDNSRYTHFLTQHYDAKPQGRDDRYCESIMRRRGLTSPCKDINTFIHGNKRSIKAICENKNGNPHRENLAISKSSFQVTTCKLHGGSPWPPCQYRATAGFRNVVVACENGLPVHLDQSIFRRP,1A4Y_P1_m24
MELKHSISDYTEAEFLEFVKKIARAEGATECDDNKLVAEFERLTEHPDGSDLIYYPRDDREDSPEGIVKEIKEWRAANGKSGFKQG,2WPT_P1_m21
GSQVQLVESGGGLVQAGGSLRLSCAASGYAYTYIYMGWFRQAPGKEREGVAAMDSGGGGTLYADSVKGRFTISRDKGKNTVYLQMDSLKPEDTATYYCAAGGYELRDRTYGQWGQGTQVTVSS,2p49_P1
ADPAPVIEPSGPELVVEPGETVTLRCVSNGSVEWDGPISPYWTLDPESPGSTLTTRNATFKNTGTYRCTELEDPMAGSTTIHLYVKDPAHSWNLLAQEVTVVEGQEAVLPCLITDPALKDSVSLMREGGRQVLRKTVYFFSPWRGFIIRKAKVLDSNTYVCKTMVNGRESTSTGIWLKVNRVHPEPPQIKLEPSKLVRIRGEAAQIVCSATNAEVGFNVILKRGDTKLEIPLNSDFQDNYYKKVRALSLNAVDFQDAGIYSCVASNDVGTRTATMNFQVVESH,4exp_P1
ETGESPPVFIKKPVDQIGVSGGVASFVCQATGDPKPRVTWNKKGKKVNSQRFETIEFDESAGAVLRIQPLRTPRDENIYECVAQNPHGEVTVHAKLTVLREDQLPPGFPNIDMGPQLKVVERTRTATMLCAASGNPDPEITWFKDFLPVDPSTSNGRIKQLRSGGLQIESSEETDQGKYECVASNSAGVRYSSPANLYVRVRRVAPRFSILPVSHEIMPGGNVNITCVAVGSPMPYVKWMQGAEDLTPEDDMPVGRNVLELTDVKDSANYTCVAMSSLGVIEAVAQITVKSKGHHHHHH,4pbv_P1
MAEDFVSENSNNKRAPYWTNTEKMEKRLHAVPAANTVKFRCPAGGNPMPTMRWLKNGKEFKQEHRIGGYKVRNQHWSLIMESVVPSDKGNYTCVVENEYGSINHTYHLDVVERSRHRPILQAGLPANASTVVGGDVEFVCKVYSDAQPHIQWIKHVEKNGSKYGPDGLPYLKVLKHSGINSSNAEVLALFNVTEADAGEYICKVSNYIGQANQSAWLTVLPKQQAPGREKE,3ojm_P1
TEFGSELKSFPEVVGKTVDQAREYFTLHYPQYNVYFLPEGSPVTLDLRYNRVRVFYNPGTNVVNHVPHVG,1CSE_P2_m3
MEIRTLTVERLLEPLVTQVTTLVNTSNKGPSGKKKGRSKKAHVLAASVEQATQNFLEKGEQIAKESQDLKEELVAAVEDVRKQGETMRIASSEFADDPCSSVKRGTMVRAARALLSAVTRLLILADMADVMRLLSHLKIVEEALEAVKNATNEQDLANRFKEFGKEMVKLNYVAARRQQELKDPHCRDEMAAARGALKKNATMLYTASQAFLRHPDVAATRANRDYVFKQVQEAIAGISSAAQATSPT,4ons_P2
SNAEEERIERWVEQLREALIGDGFLLHYQPVLNLQGEPLELYQAFLRLERNGEMMSPNAFMAIAEEHDLITEIDRWVVARAIRQLGERQRAGHKTHLLVRIGPNSFSDPQMIDTIREQLAVYGVPGERLWLQTPESKVFTHLRNAQQFLASVSAMGCKVGLEQFGSGLDSFQLLAHFQPAFLKLDRSITGDIASARESQEKIREITSRAQPTGILTVAEFVADAQSMSSFFTAGVDYVQGDFVAPTGPLM,4f48_P2
HKCDITLQEIIKTLNSLTEQKTLCTELTVTDIFAASKNTTEKETFCRAATVLRQFYSHHEKDTRCLGATAQQFHRHKQLIRFLKELDRNLWGLAGLNSCPVKEANQSTLENFLERLKTIMREKYSKCSS,1IAR_P2_m79
MIFLLLMLSLELQLHQIAALFTVTVPKELYIIEHGSDVTLECNFDTGSHVNLGAITASLQKVEDDTSPHRERATLLEEQLPLGKASFHIPQVQVRDEGQYQCIIIYGVAWDYKYLTLKVKASY,6umt_P1
MGLLSILRKLKSAPDQEVRILLLGLDNAGKTTLLKQLASEDISHITPTQGFNIKSVQSQGFKLNVWDIGGQRKIRPYWRSYFENTDILIYVIDSADRKRFEETGQELTELLEEEKLSCVPVLIFANKQDLLTAAPASEIAEGLNLHTIRDRVWQIQSCSALTGEGVQDGMNWVCKNVNAKKKLEHHHHHH,4zi2_P2
LGGPSVFLFPPKPKDTLMISRTPEVTCVVVDVSHEDPEVKFNWYVDGVEVHNAKTKPREEQYNSTYRVVSVLTVLHQDWLNGKEYKCKVSNKALPAPIEKTISKAKGQPREPQVYTLPPSREEMTKNQVSLTCLVKGFYPSDIAVEWESNGQPENNYKTTPPVLDSDGSFFLYSKLTVDKSRWQQGNVFSCSVMHEALHNHYTQKSLSLSPG,5u4y_P2
MELKHSISDYTEAEFLQLVTTICNADTSSEEELVKLVTHFEEMTEHPSGSDLAYYPKEGDDDSPSGIVNTVKQWRAANGKSGFKQG,1EMV_P1_m27
AAPQNLTTVPLTTIYECPPSPVKEIFSYSKGIQTQ,5hyc_P2
ADGIQSRKTYTLTDYLKNTYRLKLYSLRWISDHEYLYKQENNILVFNAEYGNSSVFLENSTFDEFGHSINDYSISPDGQFILLEYNYVKQWRHSYTASYDIYDLNKRQLITEERIPNNTQWVTWSPVGHKLAYVWNNDIYVKIEPNLPSYRITWTGKEDIIYNGITDWVYEEEVFSAYSALWWSPNGTFLAYAQFNDTEVPLIEYSFYSDESLQYPKTVRVPYPKAGAVNPTVKFFVVNTDSLSSVTNATSIQITAPASMLIGDHYLCDVTWATQERISLQWLRRIQNYSVMDICDYDESSGRWNCLVARQHIEMSTTGWVGRFRPSEPHFTLDGNSFYKIISNEEGYRHICYFQIDKKDCTFITKGTWEVIGIEALTSDYLYYISNEYKGMPGGRNLYKIQLSDYTKVTCLSCELNPERCQYYSVSFSKEAKYYQLRCSGPGLPLYTLHSSVNDKGLRVLEDNSALDKMLQNVQMPSKKLDFIILNETKFWYQMILPPHFDKSKKYPLLLDVYAGPCSQKADTVFRLNWATYLASTENIIVASFDGRGSGYQGDKIMHAINRRLGTFEVEDQIEAARQFSKMGFVDNKRIAIWGWSYGGYVTSMVLGSGSGVFKCGIAVAPVSRWEYYDSVYTERYMGLPTPEDNLDHYRNSTVMSRAENFKQVEYLLIHGTADDNVHFQQSAQISKALVDVGVDFQAMWYTDEDHGIASSTAHQHIYTHMSHFIKQCFSLPHHHHHH,4kr0_P2
LAAVSVDCSDYPKPACTFEYMPLCGSDNKTYGNKCNFCNAVVDSNGTLTLSHFGKC,1PPF_P1_m122
MQQKQQIMAALNSQTAVQFQQYAAQQYPGNYEQQQILIRQLQEQHYQQYMQQLYQVQLAQQQAALQKQQ,2n73_P1
GSGGSMHIFVKTLRGWSITLEVEPSDTIENVKAKIQDKEGIPPDQQILIFARKKLEDGRTLSDYNIQEKSSLYLFLRLLRKSR,5hps_P2
AKNLEPVSWSSLNPKFLSGKGLVIYPKIGDKLDIICPRAEAGRPYEYYKLYLVRPEQAAACSTVLDPNVLVTCNKPHQEIRFTIKFQEFSPNYMGLEFKKYHDYYITSTSNGSLEGLENREGGVCRTRTMKIVMKVGQDPNA,6p7s_P1
HHHHHMPVFHTRTIESILEPVAQQISHLVIMHEEGEVDGKAIPDLTAPVAAVQAAVSNLVRVGKETVQTTEDQILKRDMPPAFIKVENACTKLVQAAQMLQSDPYSVPARDYLIDGSRGILSGTSDLLLTFDEAEVRKIIRVCKGILEYLTVAEVVETMEDLVTYTKNLGPGMTKMAKMIDERQQELTHQEHRVMLVNSMNTVKELLPVLISAMKIFVTTKNSKNQGIEEALKNRNFTVEKMSAEINEIIRVLQLTSWDEDAW,1ydi_P2
AILPRISVISTGPTLQARRRQSVLNLMT,5d3f_P1
AGVMTGAKFTQIQFGMTRQQVLDIAGAENCETGGSFGDSIHCRGHAAGDYYAYATFGFTSAAADAKVDSKSQEKLLAPSAPTLTLAKFNQVTVGMTRAQVLATVGQGSCTTWSEYYPAYPSTAGVTLSLSCFDVDGYSSTGAYRGSAHLWFTDGVLQGKRQWDLV,1JTG_P1_m24
QVQLQESGGGLEQPGGSLRLSCATSGVIFGINAMGWYRQAPGKQRELVATFTSGGSTNYADFVEGRFTISRDNAKNTVYLQMNGLRPEDTAVYYCHATVVVSRYGLTYDYWGQGTQVTVSSAAAHHHHHHGAAEQKLISEEDLNGAA,6gjq_P1
TTHVLRFGGIFEYVESGPMGAEELAFRFAVNTINRNRTLLPNTTLTYDTQKINLYDSFEASKKACDQLSLGVAAIFGPSHSSSANAVQSICNALGVPHIQTRWKHQVSDNKDSFYVSLYPDFSSLSRAILDLVQFFKWKTVTVVYDDSTGLIRLQELIKAPSRYNLRLKIRQLPADTKDAKPLLKEMKRGKEFHVIFDCSHEMAAGILKQALNMSMMTEYYHYIFTTLDLFALDVEPYRYSGVNMTGFRILNTENTQVSSIIEKWSMERLQAPPKPDSGLLDGFMTTDAALMYDAVHVVSVAVQQFPQMTVSSLQCNRHKPWRFGTRFMSLIKEAHWEGLTGRITFNKTNGLRTDFDLDVISLKEEGLEKIGTWDPASGLNMTESQKGKLELVPR,3qlu_P1
NTIRVIVSVDKAKFNPHEVLGIGGHIVYQFKLIPAVVVDVPANAVGKLKKMPWVEKVEFDHQAVLL,2z58_P1
GPIAFDALREPDRESSAPPDDVQLVPGARIANGRYRLLIFHGGVPPLQFWQALDTALDRQVALTFVDPQGVLPDDVLQETLSRTLRLSRIDKPGVARVLDVVHTRAGGLVVAEWIRGGSLQEVADTSPSPVGAIRAMQSLAAAADAAHRAGVALSIDHPSRVRVSIDGDVVLAYPATMPDANPQDDIRGIGASLYALLVNRWPLPEAGVRSGLAPAERDTAGQPIEPADIDRDIPFQISAVAARSVQGDGGIRSASTLLNLMQQATAVADRTEVLGPIDEAPVSAAPR,3oun_P1
ESQPDPMPDDLHKSSEFTGTMGNMKYLYDDHYVSATKVKSVDKFLAHDLIYNINDKKLNNYDKVKTELLNEDLANKYKDEVVDVYGSNYYVNCYFSSKDNVGKVTSGKTCMYGGITKHEGNHFDNGNLQNVLIRVYENKRNTISFEVQTDKKSVTAQELDIKARNFLINKKNLYEFNSSPYETGYIKFIESNGNTFWYDMMPAPGDKFDQSKYLMIYKDNKMVDSKSVKIEVHLTTKNG,1JCK_P1_m4
GSGFVNKDQIAKDVKQFYDQALQQAVVDDDANNAKAVVKTFHETLDCCGSSTLTALTTSVLKNNLCPSGSNIISNLFKEDCHQKIDDLFSGKHHHHHH,5dfw_P2
GAPSWDLAGYLLYCPCMGRFGNQADHFLGSLAFAKLLNRTLAVPPWIEYQHHKPPFTNLHVSYQKYFKLEPLQAYHRVVSLEDFMENLAPSHWPPEKRVAYCFEVAAQRSPDKKTCPMKEGNPFGPFWDQFHVSFNKSELFTGISFSASYKEQWTQRFPAKEHPVLALPGAPAQFPVLEEHRELQKYMVWSDEMVRTGEALISAHLVRPYVGIHLRIGSDWKNACAMLKDGTAGSHFMASPQCVGYSRSTATPLTMTMCLPDLKEIQRAVTLWVRALNARSVYIATDSESYVSEIQQLFKDKVRVVSLKPEVAQIDLYILGQADHFIGNCVSSFTAFVKRERDLHGRQSSFFGMD,5kxh_P1
SMSKQLEAESWSRIIDSKFLKQQKKDVVKRQEVIYELMQTEFHHVRTLKIMSGVYSQGMMADLLFEQQMVEKLFPCLDELISIHSQFFQRILERKKESLVDKSEKNFLIKRIGDVLVNQFSGENAERLKKTYGKFCGQHNQSVNYFKDLYAKDKRFQAFVKKKMSSSVVRRLGIPECILLVTQRITKYPVLFQRILQCTKDNEVEQEDLAQSLSLVKDVIGAVDSKVASYEKKVRLNEIYTKTDSKSIMRMKSGQMFAKEDLKRKKLVRDGSVFLKNAAGRLKEVQAVLLTDILVFLQEKDQKYIFASLDQKSTVISLKKLIVREVAHEEKGLFLISMGMTDPEMVEVHASSKEERNSWIQIIQDTINTLNRD,4d0n_P2
QAKHKQRKRLKSSCKRHPLYVDFSDVGWNDWIVAPPGYDAFYCHGECPFPLADHLNSTNHAIVQTLVNSVNSKIPKACCVPTELSAISMLYLDENEKVVLKNYQDMVVEGCGCR,1REW_P2_m11
ADGIQEAKPSGSVVEQAEGVECDFSPLLSGTPPQVYNFKRLVFTNCNYNLTKLLSLFSVNDFTCSQISPAAIASNCYSSLILDYFSYPLSMKSDLSVSSAGPISQFNYKQSFSNPTCLILATVPHNLTTITKPLKYSYINKCSRLLSDDRTEVPQLVNANQYSPCVSIVPSTVWEDGDYYRKQLSPLEGGGWLVASGSTVAMTEQLQMGFGITVQYGTDTNSVCPKLEFANDTKIASQLGNCVEYHHHHHH,4kr0_P2
GKPSWLGGGSTQPAQTIPWGIERVKAPSVWSITDGSVSVIQVAVLDTGVDYDHPDLAANIAWCVSTLRGKVSTKLRDCADQNGHGTHVIGTIAALNNDIGVVGVAPGVQIYSVRVLDARGSGSYSDIAIGIEQAILGPDGVADKDGDGIIAGDPDDDAAEVISMSLGGPADDSYLYDMIIQAYNAGIVIVAASGNEGAPSPSYPAAYPEVIAVGAIDSNDNIASFSNRQPEVSAPGVDILSTYPDDSYETLMGTAMATPHVSGVVALIQAAYYQKYGKILPVGTFDDISKNTVRGILHITADDLGPTGWDADYGYGVVRAALAVQAALG,3vv2_P1
ASAKELACQEITVPLCKGIGYQYTYMPNQFNHDTQDEAGLEVHQFWPLVEIQCSPDLKFFLCSMYTPICLEDYKKPLPPCRSVCERAKAGCAPLMRQYGFAWPDRMRCDRLPEQGNPDTLCMDHHHHHH,5un5_P1
LAAVSVDCSEYPKPACTLEYHPLCGSDNKTYGNKCNFCNAVVESNGTLTLSHFGKC,1PPF_P1_m122
QVQLVESGGGLVQPGGSLRLSCAASGFTFSNYWMYWVRQAPGKGLEWVSEINTNGLITKYPDSVKGRFTISRDNAKNTLYLQMNSLKPEDTALYYCARSPSGFNRGQGTQVTVSS,5m2j_P1
MQIFVKTLTGKTITLEVEPSDTIENVKAKIQDKEGIPPDQQRLIFAGKQLEDGRTLSDYNIQKESTLHLVLRLRG,1XD3_P2_m9
MNNDHINLKVAGQDGSVVQFKIKRHTPLSKLMKAYCERQGLSMRQIRFRFDGQPINETDTPAQLEMEDEDTIDVFQQ,5elu_P2
GPTGTGESKCPLMVKVLDAVRGSPAINVAVHVFRKAADDTWEPFASGKTSESGEPHGLTTEEQFVEGIYKVEIDTKSYWKALGISPFHEHAEVVFTANDSGPRRYTIAALLSPYSYSTTAVVTNPKE,1QAB_P2_m5
LAAVSVDCSEYPKPACTLVYRPLCGSDNKTYGNKCNFCNAVVESNGTLTLSHFGKC,1PPF_P1_m122
VEEEWVIVSDEEIEEARQKAPLEITEY,5yir_P2
EGELIPQVRIEDLKQMAAYLAHLAAQQAELNSLKAAHAAEHSTMQKLHCTQVDKIVAQYDKEKSTHEKILEKAMKKKGGSNCLEIKKETEIKIQTLTTDHKSKVKEIVAQHTKEWSEMINTHSAEEQEIRDLHLSQQCELLRKLLINAHEQQTQQLKLSHDRESKEMRAHQAKISMENSKAISQDKSIKNKAERERRVRELNSSNTKKFLEERKRLAMKQSKEMDQLKKVQLEHLEFLEKQNEQAKEMQQMVKLEAEMDRRPATVV,6ird_P1
MPVANADVVFDFQNYTAKAGDEVTVDVLVDSKNKPISAMDVKFKVDSPLTIEEIDKESLAFNTTVMTNMAILGANFKSLDDKGAPLVPKDGAAVFTLYVNVPANTPDGTYYVGFNGKNEVHKSNDGSQFTVASKNGAITVGTPNEEGLE,5M2O_P1_m11
MGSSHHHHHHSQDPENLYFQGSDQHDERRRFHRIAFDADSEILQGERRWEVLLHDVSLHGILVGQPQDWNGDPQRPFEARLYLGLDVLIRMEISLAWARDGLLGFECQHIDLDSISHLRRLVELNLGDEELLERELALLVSAHDD,5y4r_P2
VDCSEYPKPACTWEYRPECGSDNKTYGNKCNFCNAVVESNGTLTLSHFGKC,2NU0_P1_m10
DKMDYDFKVKLSSERERVEDLFEYEGCKVGRGTYGHVYKAKRKDGKDDKDYALKQIEGTGISMSACREIALLRELKHPNVISLQKVFLSHADRKVWLLFDYAEHDLWHIIKFHRASKANKKPVQLPRGMVKSLLYQILDGIHYLHANWVLHRDLKPANILVMGEGPERGRVKIADMGFARLFNSPLKPLADLDPVVVTFWYRAPELLLGARHYTKAIDIWAIGCIFAELLTSEPIFHCRQEDIKTSNPYHHDQLDRIFNVMGFPADKDWEDIKKMPEHSTLMKDFRRNTYTNCSLIKYMEKHKVKPDSKAFHLLQKLLTMDPIKRITSEQAMQDPYFLEDPLPTSDVFAGCQIPYPKREFLTEEEPDDKGDKKNQQQQQGNNHTNGTGHPGNQDSSHTQGPPLKK,3rgf_P2
SLDIQSLDIQCEELSDARWAELLPLLQQCQVVRLDDCGLTEARCKDISSALRVNPALAELNLRSNELGDVGVHCVLQGLQTPSCKIQKLSLQNCCLTGAGCGVLSSTLRTLPTLQELHLSDNLLGDAGLQLLCEGLLDPQCRLEKLQLEYCSLSAASCEPLASVLRAKPDFKELTVSNNDINEAGVRVLCQGLKDSPCQLEALKLESCGVTSDNCRDLCGIVASKASLRELALGSNKLGDVGMAELCPGLLHPSSRLRTLWIWECGITAKGCGDLCRVLRAKESLKELSLAGNELGDEGARLLCETLLEPGCQLESLWVKSCSFTAACCSHFSSVLAQNRFLLELQISNNRLEDAGVRELCQGLGQPGSVLRVLWLADCDVSDSSCSSLAATLLANHSLRELDLSNNCLGDAGILQLVESVRQPGCLLEQLVLYDIAWSEEMEDRLQALEKDKPSLRVIS,1A4Y_P1_m24
SSDNMQHAYWELKREMSNLHLVTQVQAELLRKLKTSTAIKKENLYFQ,5ep6_P2
MQVQLVESGGALVQPGGSLRLSCAASGFPVNRYSMRWYRQAPGKEREWVAGMSSAGDRSSYEDSVKGRFTISRDDARNTVYLQMNSLKPEDTAVYYCNVNVGFEYWGQGTQVTVSSKHHHHHH,3ogo_P2
GPGSDLGKKLLEAARAGQDDEVRILMANGADVNATDWVGMTPLHLAAWKGHLEIVEVLLKTGADVNAHDVFGTTPLHLAAHRGHLEIVEVLLKAGADVNAQDMVGKTPLHLAAYYGHLEIVEVLLKHGADVNAQDKFGKTPFDLAIDNGNEDIAEVLQKAAKLN,6fp7_P1
FKVLQEPTCVSDYMSISTCEWKMNGPTNCSTELRLLYQLVFLLSEAHTCIPENNGGAGCVCHLLMDDVVSADNYTLDLWAGQQLLWKGSFKPSEHVKPRAPGNLTVHTNVSDTLLLTWSNPYPPDAYLYNHLTYAVNIWSENDPADFRIYNVTYLEPSLRIAASTLKSGISYRARVRAWAQAYNTTWSEWSPSTKWHNSYREPFEQH,1IAR_P2_m79
EEQPRLFELLGQPGYKATWHAMFKGESDVPKWVSDASGPSSPSTSLSLEGQPYVLANSCKPDDCGNNRLLVAFRGDKSAAYGLQVSLPDEPAEVMQTPSKYATYRWYGEPSRQVRELLMKQLESDPNWKLEHHHHHH,1UUZ_P2_m3
VDNKFAKEMRNAYWEIALLPNLTNQQKRAFIRKLYDDPSQSSELLSEAKKLNDSQAPK,3MZW_P1_m13
APELLGGPSVFLFPPKPKDTLMISRTPEVTCVVVDVSHEDPQVKFNWYVDGVQVHNAKTKPREQQYNSTYRVVSVLTVLHQNWLDGKEYKCKVSNKALPAPIEKTISKAKGQPREPQVYTLPPSREEMTKNQVSLTCLVKGFYPSDIAVEWESNGQPENNYKTTPPVLDSDGSFFLYSKLTVDKSRWQQGNVFSCSVMHEALHNHYTQKSLSLS,3ry6_P2
MEYIKLKVIGQDSSEIHFKVKMTTHLKKLKESYCQRQGVPMNSLRFLFEGQRIADNHTPKELGMEEEDVIEVYQEQTGG,2uyz_P2
HKCDITLQEIIKTLNSLTEQKTLCTELTVTDIFAASKNTTEKETFCRAATVLRQFYSHHEKDTRCLGATAQQFHRHKQLIRDLKRLDRNLWGLAGLNSCPVKEANQSTLENFLERLKTIMREKYSKCSS,1IAR_P2_m79
GPMSSVQLSRGDFHSIFTNKQRYDNPTGGVYQVYNTRKSDGANSNRKNLIMISDGIYHMKALLRNQAASKFQSMELQRGDIIRVIIAEPAIVRERKKYVLLVDDFELVQSRADMVNQTSTFLDNYFSEHPNETL,5omb_P1
GAKPTLQLVYQAVQALYHDPDPSGKERASFWLGELQRSVHAWEISDQLLQIRQDVESCYFAAQTMKMKIQTSFYELPTDSHASLRDSLLTHIQNLKDLSPVIVTQLALAIADLALQMPSWKGCVQTLVEKYSNDVTSLPFLLEILTVLPEEVHSRSLRIGANRRTEIIEDLAFYSSTVVSLLMTCVEKAGTDEKMLMKVFRCLGSWFNLGVLDSNFMANNKLLALLFEVLQQDKTSSNLHEAASDCVCSALYAIENVETNLPLAMQLFQGVLTLETAYHMAVAREDLDKVLNYCRIFTELCETFLEKIVCTPGQGLGDLRTLELLLICAGHPQYEVVEISFNFWYRLGEHLYKTNDEVIHGIFKAYIQRLLHALARHCQLEPDHEGVPEETDDFGEFRMRVSDLVKDLIFLIGSMECFAQLYSTLKEGNPPWEVTEAVLFIMAAIAKSVDPENNPTLVEVLEGVVRLPETVHTAVRYTSIELVGEMSEVVDRNPQFLDPVLGYLMKGLCEKPLASAAAKAIHNICSVCRDHMAQHFNGLLEIARSLDSFLLSPEAAVGLLKGTALVLARLPLDKITECLSELCSVQVMALKKLLSQEPSNGISSDPTVFLDRLAVIFRHTNPIVENGQTHPCQKVIQEIWPVLSETLNKHRADNRIVERCCRCLRFAVRCVGKGSAALLQPLVTQMVNVYHVHQHSCFLYLGSILVDEYGMEEGCRQGLLDMLQALCIPTFQLLEQQNGLQNHPDTVDDLFRLATRFIQRSPVTLLRSQVVIPILQWAIASTTLDHRDANCSVMRFLRDLIHTGVANDHEEDFELRKELIGQVMNQLGQQLVSQLLHTCCFCLPPYTLPDVAEVLWEIMQVDRPTFCRWLENSLKGLPKETTVGAVTVTHKQLTDFHKQVTSAEECKQVCWALRDFTRLFR,4ol0_P2
GSHMMAQEQTKRGGGGGDDDDIAGSTAAGQERREKLTEETDDLLDEIDDVLEENAEDFVRAYVQKGGE,3m9d_P2
EEKDEEFPEQKAGEVINQPMMMAARQLHDEARKWSSKGNDIIAAAKRMALLMAEMSRLVRGGSGTKRALIQCAKDIAKASDEVTRLAKEVAKQCTDKRIRTNLLQVCERIPTISTQLKILSTVKATMLGRTNISDEESEQATEMLVHNAQNLMQSVKETVREAEAASIKIRTDAGFTLRWVRKTPWYQ,3h2u_P1
TEFKAGSAKKGATLFKTRCLQCHTVEKGGPHKVGPNLHGIFGRHSGQAEGYSYTDANIKKNVLWDENNMSEYLTNPKKYIPGTKMAIGGLKKEKDRNDLITYLKKACE,2b0z_P2
MFAQEALTTQYSQSELLKNWALSHCLALVYKDDVVKNDARATASAYLEYGKQSVEIYHEIDEIAKKYSGLKYNGSISSDFNTMKCIDFIHDRELNELIKRRVEK,4hff_P2
