Entry,PDB_id,protein_1_seq,protein_2_seq,Kd [M],Is mutant?,Database
1515,4iu3,MTHHHHHHAMALTDRGMTYDLDPKDGSSAATKPVLEVTKKVFDTAADAAGQTVTVEFKVSGAEGKYATTGYHIYWDERLEVVATKTGAYAKKGAALEDSSLAKAENNGNGVFVASGADDDFGADGVMWTVELKVPADAKAGDVYPIDVAYQWDPSKGDLFTDNKDSAQGKLMQAYFFTQGIKSSSNPSTDEYLVKANATYADGYIAIKAGEP,MGSSNTVTSAVKTQYVEIESVDGFYFNTEDKFDTAQIKKAVLHTVYNEGYTGDDGVAVVLREYESEPVDITAELTFGDATPANTYKAVENKFDYEIPVYYNNATLKDAEGNDATVTVYIGLKGDTDLNNIVDGRDATATLTYYAATSTDGKDATTVALSPSTLVGGNPESVYDDFSAFLSDVKVDAGKELTRFAKKAERLIDGRDASSILTFYTKSSVDQYKDMAANEPNKLWDIVTGDAEEE,2.083e-07,False,PDBbind
1900,4zgq,GSSHHHHHHSSGLVPRGSHMTLILTKNQVLHCQFSSWYSLFRKLTPKAKVIKPIPATVLKYLHEDSIYVEQPMNTVEEVDSEEDEESAPAYYPEREAIQLIEKAIKELGGAVVPKLNWSTPKDALWITTTGSLKCTTAEEVLLLLKSSDFVAHDLNHAFDDCKDFDNADGSVPKDFSFELVLKEWFPMHASTEFRCFVKSKRLIAFCQRDDNYYEFLKENIDCYEKLISDLLKKLDTFPDPDFVFDVYIHKDRAWLIDINPFYPRTDGLLFSWSELESMNSENMKPEIRLIPKGSMPSTGSAKYYTNRVPFDMIAASEGENLLEFAQKWQDLTNKSNE,DRLVGQVVGAKGHLPNIYTDIEINYFLLRRLLGVKTDGQKQAKVRKLEPNEVLMVNIGSTATGARVVAVKADMARLQLTSPACTEINEKIALSRRIEKHWRLIGWATIKKGTTLEPIA,2.5e-05,False,PDBbind
1865,4y5o,GSKTISESELSASATELLQDYMLTLRTKLSSQEIQQFAALLHEYRNGASIHEFCINLRQLYGDSRKFLLLGLRPFIPEKDSQHFENFLETIGVKDGRG,GSMDEQEALNSIMNDLVALQMNRRHRMPGYETMKNKDTGHSNRQSDVRIKFEHNGERRIIAFSRPVKYEDVEHKVTTVFGQPLDLHYMNNELSILLKNQDDLDKAIDILDRSSSMKSLRILLLSQD,1.4e-05,False,PDBbind
479,2dsp,DEAIHCPPCSEEKLARCRPPVGCEELVREPGCGCCATCALGLGMPCGVYTPRCGSGLRCYPPRGVEKPLHTLMHGQGVCMELAEIEAIQESL,GPETLCGAELVDALQFVCGDRGFYFNKPTGYGSSSRRAPQTGIVDECCFRSCDLRRLEMYCAPLKPAKSA,3.0000000000000004e-05,False,PDBbind
2649,6u2h,GSMDKNELVQKAKLAEQAERYDDMAACMKSVTEQGAELSNEERNLLSVAYKNVVGARRSSWRVVSSIEQKTEGAEKKQQMAREYREKIETELRDICNDVLSLLEKFLIPNASQAESKVFYLKMKGDYYRYLAEVAAGDDKKGIVDQSQQAYQEAFEISKKEMQPTHPIRLGLALNFSVFYYEILNSPEKACSLAKTAFDEAIAELDTLSEESYKDSTLIMQLLRDNLTLWTS,GSDDWEIPDGQITVGQRIGSGSFGTVYKGKWHGDVAVKMLNVTAPTPQQLQAFKNEVGVLRKTRHVNILLFMGYSTKPQLAIVTQWCEGSSLYHHLHASETKFEMKKLIDIARQTARGMDYLHAKSIIHRDLKSNNIFLHEDNTVKIGDFGLATVKSRWSGSHQFEQLSGSILWMAPEVIRMQDSNPYSFQSDVYAFGIVLYELMTGQLPYSNINNRDQIIEMVGRGSLSPDLSKVRSNCPKRMKRLMAECLKKKRDERPSFPRILAEIEELARELPKIHRSASEPSLNR,3.3e-09,False,PDBbind
5274,3MZW,TQVCTGTDMKLRLPASPETHLDMLRHLYQGCQVVQGNLELTYLPTNASLSFLQDIQEVQGYVLIAHNQVRQVPLQRLRIVRGTQLFEDNYALAVLDNGDPLNNTTPVTGASPGGLRELQLRSLTEILKGGVLIQRNPQLCYQDTILWKDIFHKNNQLALTLIDTNRSRACHPCSPMCKGSRCWGESSEDCQSLTRTVCAGGCARCKGPLPTDCCHEQCAAGCTGPKHSDCLACLHFNHSGICELHCPALVTYNTDTFESMPNPEGRYTFGASCVTACPYNYLSTDVGSCTLVCPLHNQEVTAEDGTQRCEKCSKPCARVCYGLGMEHLREVRAVTSANIQEFAGCKKIFGSLAFLPESFDGDPASNTAPLQPEQLQVFETLEEITGYLYISAWPDSLPDLSVFQNLQVIRGRILHNGAYSLTLQGLGISWLGLRSLRELGSGLALIHHNTHLCFVHTVPWDQLFRNPHQALLHTANRPEDECVGEGLACHQLCARGHCWGPGPTQCVNCSQFLRGQECVEECRVLQGLPREYVNARHCLPCHPECQPQNGSVTCFGPEADQCVACAHYKDPPFCVARCPSGVKPDLSYMPIWKFPDEEGACQPCPINCTHSCVDLDDKGCPAEQ,VDNKFNKEMRNAYWEIALLPNLNNQQKRAFIRSLYDDPSQSANLLAEAKKLNDAQAPK,2.3e-11,False,SKEMPI
1951,4yl8,GPGSEFMPKTISVRVTTMDAELEFAIQPNTTGKQLFDQVVKTIGLREVWFFGLQYQDTKAFSTWLKLNKKVTAQDVRKESPLLFKFRAKFYPEDVSEELIQDITQRLFFLQVKEGILNDDIYCPPETAVLLASYAVQSKYGDFNKEVHKSGYLAGDKLLPQRVLEQHKLNKDQWEERIQVWHEEHRGMLREDAVLEYLKIAQDLEMYGVNYFSIKNKKGSELWLGVDALGLNIYEQNDRLTPKIGFPWSEIRNISFNDKKFVIKPIDKKAPDFVFYAPRLRINKRILALCMGNHELYMRRRKP,GPGSEFRNKRATRGTYSPSAQEYCNPRLEMDNVLKPPPEERLI,5.4000000000000005e-05,False,PDBbind
807,3ifq,KSAIVHLINYQDDAELATRALPELTKLLNDEDPVVVTKAAMIVNQLSKKEASRRALMGSPQLVAAVVRTMQNTSDLDTARCTTSILHNLSHHREGLLAIFKSGGIPALVRMLSSPVESVLFYAITTLHNLLLYQEGAKMAVRLADGLQKMVPLLNKNNPKFLAITTDCLQLLAYGNQESKLIILANGGPQALVQIMRNYSYEKLLWTTSRVLKVLSVCPSNKPAIVEAGGMQALGKHLTSNSPRLVQNCLWTLRNLSDVATKQEGLESVLKILVNQLSVDDVNVLTCATGTLSNLTCNNSKNKTLVTQNSGVEALIHAILRAGDKDDITEPAVCALRHLTSRHPEAEMAQNSVRLNYGIPAIVKLLNQPNQWPLVKATIGLIRNLALCPANHAPLQEAAVIPRLVQLLVKAHQDAQRHVAAGTQQPYTDGVRMEEIVEGCTGALHILARDPMNRMEIFRLNTIPLFVQLLYSSVENIQRVAAGVLCELAQDKEAADAIDAEGASAPLMELLHSRNEGTATYAAAVLFRISEDKNPDYRKRVSVELTNSLFKHD,LDARPEVTRNDVAPTLMSVPQYRPRPANPDEIGNFIDENLKAADSDPTAPPYDSLLVFDYEGSGSEAASLSSLNSSESDQDQDYDYLNEWGNRFKKLADMYGGGEDD,1.16e-06,False,PDBbind
2485,5w9a,DHCARHGEKLLLFCQEDSKVICWLCKDSQEHRGHHTFLMEEVAQEYHVKLQTALEMLRQKQQEAEKLEADIREEKASWKIQIDYDKTNVSADFEQLREILDWEESNELQNLEKEEEDILKSLTKSETEMVQQTQYMRELISELEHRLQGSMMDLLQGVDGIIKRIENMTLKKPKTFHKNQRRVFRAPDLKGML,EKTFKQRRTFEQRVEDVRLIREQHPTKIPVIIERYKGEKQLPVLDKTKFLVPDHVNMSELIKIIRRRLQLNANQAFFLLVNGHSMVSVSTPISEVYESEKDEDGFLYMVYASQE,0.00103,False,PDBbind
1039,3egg,GHMGSLNLDSIIGRLLEVQGSRPGKNVQLTENEIRGLCLKSREIFLSQPILLELEAPLKICGDIHGQYYDLLRLFEYGGFPPESNYLFLGDYVDRGKQSLETICLLLAYKIKYPENFFLLRGNHECASINRIYGFYDECKRRYNIKLWKTFTDCFNCLPIAAIVDEKIFCCHGGLSPDLQSMEQIRRIMRPTDVPDQGLLCDLLWSDPDKDVQGWGENDRGVSFTFGAEVVAKFLHKHDLDLICRAHQVVEDGYEFFAKRQLVTLFSAPNYCGEFDNAGAMMSVDETLMCSFQILKPADKNKGKYGQFSGLNPGGRPITPPRNSAKAKK,GHMDEEDGEPPYEPESGCVEIPGLSEEEDPAPSRKIHFSTAPIQVFSTYSNEDYDRRNEDVDPMAASAEYELEKRVERLELFPVELEKDSEGLGISIIGMGAGADMGLEKLGIFVKTVTEGGAAHRDGRIQVNDLLVEVDGTSLVGVTQSFAASVLRNTKGRVRFMIGRE,8.7e-08,False,PDBbind
917,3mc0,AAVTQSPRNKVAVTGEKVTLSCQQTNNHNNMYWYRQDTGHGLRLIHYSYGAGSTEKGDIPDGYKASRPSQEQFSLILESATPSQTSVYFCASGGGGTLYFGAGTRLSVL,QPDPKLDELNKVSDYKSNKGTMGNVMNLYMSPPVEGRGVINSRQFLSHDLIFPIEYKSYNEVKTELENTELANNYKGKKVDIFGVPYFYTCIIPKSEPDINQNFGGCCMYGGLTFNSSENERDKLITVQVTIDNRQSLGFTITTNKNMVTIQELDYKARHWLTKEKKLYEFDGSAFESGYIKFTEKNNTSFWFDLFPKKELVPFVPYKFLNIYGDNKVVDSKSIKMEVFLNTHHHHHHH,1.25e-06,False,PDBbind
388,1zc4,QNSLALHKVIMVGSGGVGKSALTLQFMYDEFVEDYEPTKADSYRKKVVLDGEEVQIDILDTAGLEDYAAIRDNYFRSGEGFLCVFSITEMESFAATADFREQILRVKEDENVPFLLVGNKSDLEDKRQVSVEEAKNRAEQWNVNYVETSAKTRANVDKVFFDLMREIRARKMEDS,LETPGQYLVYNGDLVEYEADHMAQLQRVHGFLMNDCLLVATWLPQRRGMYRYNALYPLDRLAVVNVKDNPPMKDMFKLLMFPESRIFQAENAKIKREWLEVLEETKRALSDKRRREQEEA,4.2e-07,False,PDBbind
868,2w81,TLKPCDYPDIKHGGLYHENMRRPYFPVAVGKYYSYYCDEHFETPSGSYWDHIHCTQDGWSPAVPCLRKCYFPYLENGYNQNHGRKFVQGKSIDVACHPGYALPKAQTTVTCMENGWSPTPRCI,GGVAADIGAGLADALTAPLDHKDKGLQSLTLDQSVRKNEKLKLAAQGAEKTYGNGDSLNTGKLKNDKVSRFDFIRQIEVDGQLITLESGEFQVYKQSHSALTAFQTEQIQDSEHSGKMVAKRQFRIGDIAGEHTSFDKLPEGGRATYRGTAFGSDDAGGKLTYTIDFAAKQGNGKIEHLKSPELNVDLAAADIKPDGKRHAVISGSVLYNQAEKGSYSLGIFGGKAQEVAGSAEVKTVNGIRHIGLAAKQELE,4e-08,False,PDBbind
2778,6h46,GSHMTEYKLVVVGAVGVGKSALTIQLIQNHFVDEYDPTIEDSYRKQVVIDGETCLLDILDTAGQEEYSAMRDQYMRTGEGFLCVFAINNTKSFEDIHHYREQIKRVKDSEDVPMVLVGNKCDLPSRTVDTKQAQDLARSYGIPFIETSAKTRQGVDDAFYTLVREIRKH,MDLGKKLLEAARAGQDDEVRILMANGADVNASDRWGWTPLHLAAWWGHLEIVEVLLKHGADVNAADLHGQTPLHLAAMVGHLEIVEVLLKYGADVNAKDTMGATPLHLAAQSGHLEIVEVLLKNGADVNAQDKFGKTAFDISIDNGNEDLAEILQK,3e-07,False,PDBbind
2243,5wgg,SNAMAMIHKFSMMGTNIVVDVNSGAVHVVDDISFDILDYYKNFTAGEIKNKLAHKYNADEIDEALREIESLEAEGLLFSEDPYKEYVSSMDRKSVVKALCLHISHDCNLRCKYCFASTGNFGGQRNMMSLEVGKKAIDFLISESGNRKNLEIDFFGGEPMMNFDVVKGIIEYARQKEKEHNKNFRFTLTTNGLLLNDENIKYINENMQNIVLSIDGRKEVNDRMRIRIDGSGCYDDILPKFKYVAESRNQDNYYVRGTFTRENMDFSNDVLHLADEGFRQISVEPVVAAKDSGYDLREEDLPRLFEEYEKLAYEYVKRRKEGNWFNFFHFMIDLTQGPCIVKRLTGCGSGHEYLAVTPEGDIYPCHQFVGNEKFKMGNVKEGVLNRDIQNYFKNSNVYTKKECDSCWAKFYCSGGCAANSYNFHKDINTVYKVGCELEKKRVECALWIKAQEM,MKHIKILNGSTLKDSLKKGGC,7e-06,False,PDBbind
1038,3k2m,SLEKHSWYHGPVSRNAAEYLLSSGINGSFLVRESESSPGQRSISLRYEGRVYHYRINTASDGKLYVSSESRFNTLAELVHHHSTVADGLITTLHYPAPKRNKPTVYGVSPNY,GSSVSSVPTKLEVVAATPTSLLISWDAPMSSSSVYYYRITYGETGGNSPVQEFTVPYSSSTATISGLSPGVDYTITVYAWGEDSAGYMFMYSPISINYRTC,7e-08,False,PDBbind
3872,3BP8,MVAENQPGHIDQIKQTNAGAVYRLIDQLGPVSRIDLSRLAQLAPASITKIVREMLEAHLVQELEIKEAGNRGRPAVGLVVETEAWHYLSLRISRGEIFLALRDLSSKLVVEESQELALKDDSPLLDRIISHIDQFFIRHQKKLERLTSIAITLPGIIDTENGIVHRMPFYEDVKEMPLGEALEQHTGVPVYIQHDISAWTMAEALFGASRGARDVIQVVIDHNVGAGVITDGHLLHAGSSSLVEIGHTQVDPYGKRCYCGNHGCLETIASVDSILELAQLRLNQSMSSMLHGQPLTVDSLCQAALRGDLLAKDIITGVGAHVGRILAIMVNLFNPQKILIGSPLSKAADILFPVISDSIRQQALPAYSQHISVESTQFSNQGTMAGAALVKDAMYNGSLLIRLLQG,MAPALVAAFGGKENITNLDACITRLRVSVADVSKVDQAGLKKLGAAGVVVAGSGVQAIFGTKSDNLKTEMDEYIR,4.14e-09,False,PROXIMATE
291,1xt9,MDPVVLSYMDSLLRQSDVSLLDPPSWLNDHIIGFAFEYFANSQFHDCSDHVSFISPEVTQFIKCTSNPAEIAMFLEPLDLPNKRVVFLAINDNSNQAAGGTHWSLLVYLQDKNSFFHYDSHSRSNSVHAKQVAEKLEAFLGRKGDKLAFVEEKAPAQQNSYDCGMYVICNTEALCQNFFRQQTESLLQLLTPAYITKKRGEWKDLITTLAKK,MLIKVKTLTGKEIEIDIEPTDKVERIKERVEEKEGIPPQQQRLIYSGKQMNDEKTAADYKILGGSVLHLVLALRGG,2e-06,False,PDBbind
1473,4gko,ADPCADSNPRGVSAYLSRPSPFDLFIRKSPTITCLVVDLAPSKGTVQLTWSRASGKPVQHSTRKEEKQRNGTLTVTSTLPVGTRDWIEGETYQCRVTHPHLPRALMRSTTKTSGPRAAPEVYAFATPEWPGSRDKRTLACLIQNFMPEDISVQWLHNEVQLPDARHSTTQPRKTKGSGFFVFSRLEVTRAEWEQKDEFICRAVHEAASPSQTVQRAVSVNPGK,SGFVCNTCPEKWINFQRKCYYFGKGTKQWVHARYACDDMEGQLVSIHSPEEQDFLTKHASHTGSWIGLRNLDLKGEFIWVDGSHVDYSNWAPGEPTSRSQGEDCVMMRGSGRWNDAFCDRKLGAWVCDRLATCTPPASEGSAE,0.015,False,PDBbind
2419,5omn,SKPFTLPILTLGELTNSRFPLPIDVLYTNPNESAIVQCQNGRCTLDGELQGTTQLLPTGICAFRGKVTQQVQDEHRGTHWNMTVTNLNGTPFDPTEDVPAPLGTPDFSGQIYGVISQRNTNTVPGEGNLPANRAHEAVIATYSPKFTPKLGNIQFSTWETQDVSSGQPTKFTPVGLASVDANSHFDQWTLPSYSGALTLNMNLAPSVAPVFPGECLLFFRSFIPLKGGYGNPAIDCLMPQEWVQHLYQESAPSLSDVALVRYVNPETGRTLFEAKLHRNGFLTVARNSAGPVVAPTNGYFRFDSWVNQFYTLAPM,QVQLQESGGGLVQPGGSLRLSCAASGTIFSRNIMGWYRQAPGKERELVASIYSDRSTWYAESVEGRFTISRDNVKNTLYLQMNSLKPEDTAMYYCRDRTLGSWGQGTQVTVSSHHHHHH,9.5e-08,False,PDBbind
2337,5u4y,MKFNKEQQNAFYEILHLPNLNEEQRNAFIQSLKDDPSQSANLLAEAKKLNDAQAP,LGGPSVFLFPPKPKDTLMISRTPEVTCVVVDVSHEDPEVKFNWYVDGVEVHNAKTKPREEQYNSTYRVVSVLTVLHQDWLNGKEYKCKVSNKALPAPIEKTISKAKGQPREPQVYTLPPSREEMTKNQVSLTCLVKGFYPSDIAVEWESNGQPENNYKTTPPVLDSDGSFFLYSKLTVDKSRWQQGNVFSCSVMHEALHNHYTQKSLSLSPG,2.5e-07,False,PDBbind
791,2wy2,AEELEEVVMGLIINSGQARSLAYAALKQAKQGDFAAAKAMMDQSRMALNEAHLVQTKLIEGDAGEGKMKVSLVLVHAQLHLMTSMLARELITELIELHEKLKA,KKHIYLFCSAGMSTSLLVSKMRAQAEKYEVPVIIEAFPETLAGEKGQNADVVLLGPQIAYMLPEIQRLLPNKPVEVIDSLLYGKVDGLGVLKAAVAAIKKAAA,0.013,False,PDBbind
2734,6qb3,GPLGSEDDLYRQSLEIISRYLREQATGSKDSKPLGEAGAAGRRALETLRRVGDGVQRNHETAFQGMLRKLDIKNEDDVKSLSRVMIHVFSDGVTNWGRIVTLISFGAFVAKHLKTINQESCIEPLAESITDVLVRTKRDWLVKQRGWDGFVEFFHVEDLEGG,QVTLKESGGGLVKPGGSLRLSCAASGFTFSSYSMNWVRQAPGKGLEWVSSISSSSSYIYYADSVKGRFTISRDNAKNSLYLQMNSLRAEDTAVYYCARQVGATWAFDIWGQGTLVTVSSGGGGSGGGGSGGGGSAQSVLTQPPSASGTPGQRVTISCSGSSSNIGSNTVNWYQQLPGTAPKLLIYSNNQRPSGVPDRFSGSKSGTSASLAISGLQSEDEADYYCAAWDDSLNAWVFGGGTKLTVLGAAAENLYFQ,2.3800000000000003e-05,False,PDBbind
46,1b27,AQVINTFDGVADYLQTYHKLPDNYITKSEAQALGWVASKGNLADVAPGKSIGGDIFSNREGKLPGKSGRTWREADINYTSGFRNSDRILYSSDWLIYKTTDHYQTFTKIR,MKKAVINGEQIRSISDLHQTLKKELALPEYYGENLDALWDALTGWVEYPLVLEWRQFEQSKQLTENGAESVLQVFREAKAEGADITIILS,1e-13,False,PDBbind
3853,2QJB,MAQAKHKQRKRLKSSCKRHPLYVDFSDVGWNDWIVAPPGYHAFYCHGECPFPLADHLNSTNHAIVQTLVNSVNSKIPKACCVPTELSAISMLYLDENEKVVLKNYQDMVVEGCGCR,GSGAMAQNLDSMLHGTGMKSDSDQKKSENGVTLAPEDTLPFLKCYCSHHCPEDAINNTCITNGHCFTMIEEDDQGETTLTSGCLGLEGSDFQCRDTPIPHQRRSIECCRTNLCNQYLQPTLPPVVIGPFFDGSIR,4.9e-09,False,PROXIMATE
888,2wwx,MNPEYDYLFKLLLIGDSGVGKSCLLLRFADDTYTESYISTIGVDFKIRTIELDGKTIKLQIWDTAGQERFRTITSSYYRGAHGIIVVYDVTDQESFNNVKQWLQEIDRYASENVNKLLVGIKCDLTTKKVVDYTTAKEFADSLGIPFLETSAKNATNVEQSFMTMAAEIKKRMGP,MPYSDAKAMLDEVAKIRELGVQRVTRIENLENAKKLWDNANSMLEKGNISGYLKAANELHKFMKEKNLKEDDLRPELSDKTISPKGYAILQSLWGAASDYSRAAATLTESTVEPGLVSAVNKMSAFFMDCKLSPNERATPDPDFKVGKSKILVGIMQFIKDVADPTSKIWMHNTKALMNHKIAAIQKLERSNNVNDETLESVLSSKGENLSEYLSYK,7.900000000000001e-07,False,PDBbind
2111,5fr1,GGSMAAIRKKLVIVGDGACGKTCLLIVFSKDQFPEVYVPTVFENYVADIEVDGKQVELALWDTAGQEDYDRLRPLSYPDTDVILMCFSIDSPDSLENIPEKWTPEVKHFCPNVPIILVGNKKDLRNDEHTRRELAKMKQEPVKPEEGRDMANRIGAFGYMECSAKTKDGVREVFEMATRAALQARRGKKKSGCLVL,HMAHHHHHHMAEQEPTAEQLAQIAAENEEDEHSVNYKPPAQKSIQEIQELDKDDESLRKYKEALLGRVAVSADPNVPNVVVTRLTLVCSTAPGPLELDLTGDLESFKKQSFVLKEGVEYRIKISFRVNREIVSGMKYIQHTYRKGVKIDKTDYMVGSYGPRAEEYEFLTPMEEAPKGMLARGSYNIKSRFTDDDRTDHLSWEWNLTIKKEWKD,3.3e-05,False,PDBbind
2465,6fg8,MTRLTVLALLAGLLASSRAGSSMASANLEGDALHTLRVTLVDPNNVLQSWDPTLVNPCTWFHVTCNNENSVIRVDLGNAELSGHLVPELGVLKNLQYLELYSNNITGPIPSNLGNLTNLVSLDLYLNSFSGPIPESLGKLSKLRFLRLNNNSLTGSIPMSLTNITTLQVLDLSNNRLSGSVPDNGSFSLFTPISFANNLDLCGPVTSHPCPGSLEGSENLYFQGSAWSHPQFEKGGGSGGGSGGSAWSHPQFEKGAHHHHHHHHH,MKKIFITLLWLLFISSFLCSSSSAEDDVLCLQGLKNSLIDPSSRLSSWSFPNSSASSICKLTGVSCWNEKENRIISLQLQSMQLAGEIPESLKLCRSLQSLDLSGNDLSGSIPSQICSWLPYLVTLDLSGNKLGGSIPTQIVECKFLNALILSDNKLSGSIPSQLSRLDRLRRLSLAGNDLSGTIPSELARFGGDDFSGNNGLCGKPLSRCGALENLYFQGAWSHPQFEKGSHHHHHHHHH,9.8e-06,False,PDBbind
313,1shy,VVNGIPTRTNIGWMVSLRYRNKHICGGSLIKESWVLTARQCFPSRDLKDYEAWLGIHDVHGRGDEKCKQVLNVSQLVYGPEGSDLVLMKLARPAVLDDFVSTIDLPNYGSTIPEKTSCSVYGWGYTGLINYDGLLRVAHLYIMGNEKCSQHHRGKVTLNESEICAGAEKIGSGPCEGDYGGPLVCEQHKMRMVLGVIVPGRGCAIPNRPGIFVRVAYYAKWIHKIILTYKVPQS,ECKEALAKSEMNVNMKYQLPNFTAETPIQNVILHEHHIFLGATNYIYVLNEEDLQKVAEYKTGPVLEHPDCFPCQDCSSKANLSGGVWKDNINMALVVDTYYDDQLISCGSVNRGTCQRHVFPHNHTADIQSEVHCIFSPQIEEPSQCPDCVVSALGAKVLSSVKDRFINFFVGNTINSSYFPDHPLHSISVRRLKETKDGFMFLTDQSYIDVLPEFRDSYPIKYVHAFESNNFIYFLTVQRETLDAQTFHTRIIRFCSINSGLHSYMEMPLECILTELVPRGSTKKEVFNILQAAYVSKPGAQLARQIGASLNDDILFGVFAQSKPDSAEPMDRSAMCAFPIKYVNDFFNKIVNKNNVRCLQHFYGPNHEHCFNRTLLRNSSGCEARRDEYRTEFTTALQRVDLFMGQFSEVLLTSISTFIKGDLTIANLGTSEGRFMQVVVSRSGPSTPHVNFLLDSHPVSPEVIVEHTLNQNGYTLVITGKKITKIPLNGLGCRHFQSCSQCLSAPPFVQCGWCHDKCVRSEECLSGTWTQQICLPAIYKHHHHHHHH,9.000000000000001e-07,False,PDBbind
2738,6fto,MKPPFQKKSWEDLVDCVKTVQQLDNGKLIAKIKWKNGYVSTHDNIIIHQKCPLKIIEYYEAHIKFT,MPKEDDSLCKIVVRREPLDVLLPYYDASETTVQKILHENDSTLSVKFLAGVEALIKKDELDKYKNGKACLRVWLKHKSGKR,2.6e-08,False,PDBbind
470,2fyl,GEEFRMEKLNQLWEKAQRLHLPPVRLAELHADLKIQERDELAWKKLKLDGLDEDGEKEARLIRNLNVILAKYGLDGKKDAR,SARTCPPNQFSCASGRCIPISWTCDLDDDCGDRSDESASCAYPTCFPLTQFTCNNGRCININWRCDNDNDCGDNSDEAGCSH,2.8e-05,False,PDBbind
6283,1X1W,AQVINTFDGVADYLQTYHKLPDNYITKSEAQALGWVASKGNLADVAPGKSIGGDIFSNREGKLPGKSGRTWREADINYTSGFRNSDRILYSSDWLIYKTTDHYQTFTKIR,MKKAVINGEQIRSISDLHQTLKKELALPEYYGENLDALWDALTGWVEYPLVLEWRQFEQSKQLTENGAESVLQVFREAKAAGADITIILS,2.64e-10,False,PROXIMATE
1672,4k5a,MRGSHHHHHHGSATPASAPDTRALVADFVGYKLRQKGYVCGAGPGEGPAADPLHQAMRAAGDEFETRFRRTFSDLAAQLHVTPGSAQQRFTQVSDELFQGGPNWGRLVAFFVFGAALCAESVNKEMEVLVGQVQEWMVAYLETRLADWIHSSGGWAEFTALYGDGALEEARRLREGNWASVREA,MRGSHHHHHHGSDLGKKLLEAANVGQHDEVRILMANGADVNAADKYGDTPLHLAAMNGHLEIVEVLLKTGADVNAVDFMGRTPLHLAADNGHLEIVEVLLKHGADVNAQAFWGKTPLHLAAQQGHLEIVEVLLKHGADVNAQDKFGKTPFDLAIDNGNEDIAEVLQKAA,1.0300000000000001e-07,False,PDBbind
1615,4plo,GADESQVPDQPSSLHVRPQTNCIIMSWTPPLNPNIVVRGYIIGYGVGSPYAETVRVDSKQRYYSIERLESSSHYVISLKAFNNAGEGVPLYESATTRSITDVSTPMLPPVGVQAVALTHEAVRVSWADNSVPKNQKTSDVRLYTVRWRTSFSASAKYKSEDTTSLSYTATGLKPNTMYEFSVMVTKNRRSSTWSMTAHATTYEASG,GYPGLNMFAVQTAQPDPCYDEHGLPRRCIPDFVNSAFGKEVKVSSTCGKPPSRYCVVTEKGEEQVRSCHLCNASDPKRAHPPSFLTDLNNPHNLTCWQSDSYVQYPHNVTLTLSLGKKFEVTYVSLQFCSPRPESMAIYKSMDYGKTWVPFQFYSTQCRKMYNKPSRAAITKQNEQEAICTDSHTDVRPLSGGLIAFSTLDGRPTAHDFDNSPVLQDWVTATDIKVTFSRLHTFGDENEDDSELARDSYFYAVSDLQVGGRCKCNGHASRCVRDRDDNLVCDCKHNTAGPECDRCKPFHYDRPWQRATAREANECVACNCNLHARRCRFNMELYKLSGRKSGGVCLNCRHNTAGRHCHYCKEGFYRDLSKPISHRKACKECDCHPVGAAGQTCNQTTGQCPCKDGVTGITCNRCAKGYQQSRSPIAPCIKIP,3.8e-07,False,PDBbind
301,1rkc,HHHHMPVFHTRTIESILEPVAQQISHLVIMHEEGEVDGKAIPDLTAPVAAVQAAVSNLVRVGKETVQTTEDQILKRDMPPAFIKVENACTKLVQAAQMLQSDPYSVPARDYLIDGSRGILSGTSDLLLTFDEAEVRKIIRVCKGILEYLTVAEVVETMEDLVTYTKNLGPGMTKMAKMIDERQQELTHQEHRVMLVNSMNTVKELLPVLISAMKIFVTTKNSKNQGIEEALKNRNFTVEKMSAEINEIIRVLQLTSWDEDAW,YTKKELIESARKVSEKVSHVLAALQA,3.9e-07,False,PDBbind
2150,5jem,SEFENPLKRLLVPGEEWEFEVTAFYRGRQVFQQTISCPEGLRLVGSEVGDRTLPGWPVTLPDPGMSLTDRGVMSYVRHVLSCLGGGLALWRAGQWLWAQRLGHCHTYWAVSEELLPNSGHGPDGEVPKDKEGGVFDLGPFIVDLITFTEGSGRSPRYALWFCVGESWPQDQPWTKRLVMVKVVPTCLRALVEMARVGGASELENTVDLHIENS,SALQDLLRTLKSPSSPQQQQQVLNILKSNPQLMAAFIKQRTAKYVAN,6.02e-05,False,PDBbind
679,3d5r,GSRSTDAERLKHLIVTPSGAGEQNMIGMTPTVIAVHYLDETEQWEKFGLEKRQGALELIKKGYTQQLAFRQPSSAFAAFVKRAPSTWLTAYVVKVFSLAVNLIAIDSQVLCGAVKWLILEKQKPDGVFQEDAPVIHQEMIGGLRNNNEKDMALTAFVLISLQEAKDICEEQVNSLPGSITKAGDFLEANYMNLQRSYTVAIAGYALAQMGRLKGPLLNKFLTTAKDKNRWEDPGKQLYNVEATSYALLALLQLKDFDFVPPVVRWLNEQRYYGGGYGSTQATFMVFQALAQYQKDAP,TDATIKKEQKLIQAQNLVREFEKTHTVSAHRKAQKAVALVSFEYKVKKMVLQERIDNVLKQGLVR,1.9e-07,False,PDBbind
2521,5xln,KAVVPGPAEHPLQYNYTFWYSRRTPGRPTSSQSYEQNIKQIGTFASVEQFWRFYSHMVRPGDLTGHSDFHLFKEGIKPMWEDDANKNGGKWIIRLRKGLASRCWENLILAMLGEQFMVGEEICGAVVSVRFQEDIISIWNKTASDQATTARIRDTLRRVLNLPPNTIMEYKTHTDSIKMPGRLGPQRLLF,GGKKKNKEGSGDGGRAELNPWPEYIYTRLEMYNILKAEHDSILAE,2.4800000000000003e-05,False,PDBbind
2535,6gbu,ASVCFVKALYDYEGQTDDELSFPEGAIIRILNKENQDDDGFWEGEFNGRIGVFPSVLVEELSA,KKPEIAQVIASYTATGPEQLTLAPGQLILIRKKNPGGWWEGELQARGKKRQIGWFPANYVKLLSP,2.48e-06,False,PDBbind
2369,5v69,TQQLTIEVLVTVDGVNFRTVVLNNKNTYRSQLGCVFFNGADISDTIPDEKQNGHSLYLADNLTADETKALKELYGPVDPTFLHRFYSLKAAVHGWKMVVCDKVRSLKLSDNNCYLNAVIMTLDLLKDIKFVIPALQHAFMKHKGGDSTDFIALIMAYGNCTFGAPDDASRLLHTVLAKAELCCSARMVWREWCNVCGIKDVVLQGLKACCYVGVQTVEDLRARMTYVCQCGGERHRQLVEHTTPWLLLSGTPNEKLVTTSTAPDFVAFNVFQGIETAVGHYVHARLKGGLILKFDSGTVSKTSDWKCKVTDVLFPGQKYSSDCN,MAHHHHHHVTSLYKKAGSTDYKDDDDKMRIFVETLRRLTITLEVEPSDTIENVKAKIQDKEGIPPDQQRLIFFGQQLEDGRTLSDYNIVKYSTLHLILRLNSWY,3.59e-07,False,PDBbind
364,2c1t,ELPQMTQQLNSDDMQEQLSATVKFRQILSREHRPPIDVVIQAGVVPRLVEFMRENQPEMLQLEAAWALTNIASGTSAQTKVVVDADAVPLFIQLLYTGSVEVKEQAIWALGNVAGDSTDYRDYVLQCNAMEPILGLFNSNKPSLIRTATWTLSNLCRGKKPQPDWSVVSQALPTLAKLIYSMDTETLVDACWAISYLSDGPQEAIQAVIDVRIPKRLVELLSHESTLVQTPALRAVGNIVTGNDLQTQVVINAGVLPALRLLLSSPKENIKKEACWTISNITAGNTEQIQAVIDANLIPPLVKLLEVAEDKTKKEACWAISNASSGGLQRPDIIRYLVSQGCIKPLCDLLEIADNRIIEVTLDALENILKMGEADKEARGLNINENADFIEKAGGMEKIFNCQQNENDKIYEKAYKIIETYFGEEEDAVDETMAPQNAGNTFGFGSNVNQQFNF,MAKRVADAQIQRETYDSNESDDDVTPSTKVASSAVMNRRKIAMPKRRMAFK,2e-08,False,PDBbind
3543,2B42,LPVLAPVTKDPATSLYTIPFHDGASLVLDVAGPLVWSTCKGGQPPAEIPCSSPTCLLANAYPAPGCPAPSCGSDKHDKPCTAYPYNPVSGACAAGSLSHTRFVANTTDGSKPVSKVNVGVLAACAPSKLLASLPRGSTGVAGLANSGLALPAQVASAQKVANRFLLCLPTGGPGVAIFGGGPVPWPQFTQSMPYTPLVTKGGSPAHYISARSIVVGDTRVPVPEGALATGGVMLSTRLPYVLLRPDVYRPLMDAFTKALAAQHANGAPVARAVVAVAPFGVCYDTKTLGNNLGGYAVPNVQLGLDGGSDWTMTGKNSMVDVKQGTACVAFVEMKGVAAGDGRAPAVILGGAQMEDFVLDFDMEKKRLGFSRLPHFTGCGGL,ASTDYWQNWTDGGGIVNAVNGSGGNYSVNWSNTGNFVVGKGWTTGSPFRTINYNAGVWAPNGNGYLTLYGWTRSPLIEYYVVDSWGTYRPTGTYKGTVKSDGGTYDIYTTTRYNAPSIDGDRTTFTQYWSVRQSKRPTGSNATITFTNHVNAWKSHGMNLGSNWAYQVMATEGYQSSGSSNVTVW,1.07e-09,False,PROXIMATE
2689,6ne1,ERRCDPIRISMCQNLGYNVTKMPNLVGHELQTDAELQLTTFTPLIQYGCSSQLQFFLCSVYVPMCTEKINIPIGPCGGMCLSVKRRCEPVLKEFGFAWPESLNCSKFPPQNDHNHMCMEG,SELGKRLIRAALDGNKDRVKDLIENGADVNASLMSGTTPLYAAAMNGHKEVVKLLISKGADVNAQSVAGSTPLVAAANFGHNEVVKLLISKGADVNAVTAFGVTPLHAAAADGHKEVVKLLISKGADVNAKAGRGMTPLHIAAFRGHKEVVKLLISKGADLNTSAKDGATPLDMARESGNEEVVKLLEKQLE,1.4e-08,False,PDBbind
3891,2VLN,MELKHSISDYTEAEFLQLVTTICNADTSSEEELVKLVTHFEEMTEHPSGSDLIYYPKEGDDDSPSGIVNTVKQWRAANGKSGFKQG,MESKRNKPGKATGKGKPVGDKWLDDAGKDSGAPIPDRIADKLRDKEFKSFDDFRKAVWEEVSKDPELSKNLNPSAKSSVSKGYSPFTPKNQQVGGRKVYELHHDKPISQGGEVYDMDNIRVTTPKRHIDIHRGK,1.68e-12,False,PROXIMATE
2236,5m2i,VRSSSRTPSDKPVAHVVANPQAEGQLQWLNRRANALLANGVELRDNQLVVPSEGLYLIYSQVLFKGQGCPSTHVLLTHTISRIAVSYQTKVNLLSAIKSPCQRETPEGAEAKPWYEPIYLGGVFQLEKGDRLSAEINRPDYLDFAESGQVYFGIIAL,VQLVESGGGLVQAGGSLSLSCSASGRSLSNYYMGWFRQAPGKERELLGNISWRGYNIYYKDSVKGRFTISRDDAKNTIYLQMNRLKPEDTAVYYCAASILPLSDDPGWNTYWGQGTQVTVS,5.4e-09,False,PDBbind
585,2pop,GSMAAQRRSLLQSEQQPSWTDDLPLCHLSGVGSASNRSYSADGKGTESHPPEDSWLKFRSENNCFLYGVFNGYDGNRVTNFVAQRLSAELLLGQLNAEHAEADVRRVLLQAFDVVERSFLESIDDALAEKASLQLERLKTLEREISGGAMAVVAVLLNNKLYVANVGTNRALLCKSTVDGLQVTQLNVDHTTENEDELFRLSQLGLDAGKIKQVGIICGQESTRRIGDYKVKYGYTDIDLLSAAKSKPIIAEPEIHGAQPLDGVTGFLVLMSEGLYKALEAAHGPGQANQEIAAMIDTEFAKQTSLDAVAQAVVDRVKRIHSDTFASGGERARFCPRHEDMTLLVRNFGYPLG,GSHMKTCVPADINKEEEFVEEFNRLKTFANFPSGSPVSASTLARAGFLYTGEGDTVRCFSCHAAVDRWQYGDSAVGRHRKVSPNCRFINGFYLEN,4.2e-05,False,PDBbind
1020,3ol2,MAFAPIPRITWEHREVHLVQFHEPDIYNYSALLLSEDKDTLYIGAREAVFAVNALNISEKQHEVYWKVSEDKKAKCAEKGKSKQTECLNYIRVLQPLSATSLYVCGTNAFQPACDHLNLTSFKFLGKNEDGKGRCPFDPAHSYTSVMVDGELYSGTSYNFLGSEPIISRNSSHSPLRTEYAIPWLNEPSFVFADVIRKSPDSPDGEDDRVYFFFTEVSVEYEFVFRVLIPRIARVCKGDQGGLRTLQKKWTSFLKARLICSRPDSGLVFNVLRDVFVLRSPGLKVPVFYALFTPQLNNVGLSAVCAYNLSTAEEVFSHGKYMQSTTVEQSHTKWVRYNGPVPKPRPGACIDSEARAANYTSSLNLPDKTLQFVKDHPLMDDSVTPIDNRPRLIKKDVNYTQIVVDRTQALDGTVYDVMFVSTDRGALHKAISLEHAVHIIEETQLFQDFEPVQTLLLSSKKGNRFVYAGSNSGVVQAPLAFCGKHGTCEDCVLARDPYCAWSPPTATCVALHQTESPSRGLIQEMSGDASVCPDKSKGSYRQHFFKHGGTAELKCSQKSNLARVFWKFQNGVLKAESPKYGLMGRKNLLIFNLSEGDSGVYQCLSEERVKNKTVFQVVAKHVLEVKVVPKPVVAPTLSVVQTEGSRIATKVLVASTKHHHHHH,ETGLQPLPPTAFTPNGTYLQHLARDPTSGTLYLGATNFLFQLSPGLQLEATVSTGPVLDSRDCLPPVMPDECPQAQPTNNPNQLLLVSPGALVVCGSVHQGVCEQRRLGQLEQLLLRPERPGDTQYVAANDPAVSTVGLVAQGLAGEPLLFVGRGYTSRGVGGGIPPITTRALWPPDPQAAFSYEETAKLAVGRLSEYSHHFVSAFARGASAYFLFLRRDLQAQSRAFRAYVSRVCLRDQHYYSYVELPLACEGGRYGLIQAAAVATSREVAHGEVLFAAFSSAAPPTVGRPPSAAAGASGASALCAFPLDEVDRLANRTRDACYTREGRAEDGTEVAYIEYDVNSDCAQLPVDTLDAYPCGSDHTPSPMASRVPLEATPILEWPGIQLTAVAVTMEDGHTIAFLGDSQGQLHRVYLGPGSDGHPYSTQSIQQGSAVSRDLTFDGTFEHLYVMTQSTLLKVPVASCAQHLDCASCLAHRDPYCGWCVLLGRCSRRSECSRGQGPEQWLWSFQPELGCLQGTKHHHHHH,5.5e-05,False,PDBbind
937,3ma2,YAIQGLKWQHNEITFCIQNYTPKVGEYATYEAIRKAFRVWESATPLRFREVPYAYIREGHEKQADIMIFFAEGFHGDSTPFDGEGGFLAHAYFPGPNIGGDTHFDSAEPWTVRNEDLNGNDIFLVAVHELGHALGLEHSSDPSAIMAPFYQWMDTENFVLPDDDRRGIQQLYGGESGFPTK,CTCAPVHPQTAFCNSDLVIRAKFVGTPEVNQTTLYQRYEIKMTKMYKGFQALGDAADIRFVYTPAMESVCGYFHRSHNRSEEFLIAGKLQDGLLHITLCSFVAPWNSLSLAQRRGFTKTYTVGCE,1.5300000000000003e-05,False,PDBbind
1022,2kvq,GPLGSMQNQRIRIRLKAFDHRLIDQATAEIVETAKRTGAQVRGPIPLPTRSRTHLRLVDIVEPTEKTVDALMRLDLAAGVDVQISLG,GAMGRPKTLFEPGEMVRVNDGPFADFNGVVEEVDYEKSRLKVSVSIFGRATPVELDFSQVEKA,0.0005,False,PDBbind
465,2ftm,IVGGYTCGANTVPYQVSLNSGYHFCGGSLINSQWVVSAAHCYKSGIQVRLGEDNINVVEGNEQFISASKSIVHPSYNSNTLNNDIMLIKLKSAASLDSRVASISLPTSCASAGTQCLISGWGNTKSSGTSYPDVLKCLKAPILSDSSCKSAYPGQITSNMFCAGYLEGGKDSCQGDSGGPVVCSGKLQGIVSWGSGCAQKNKPGVYTKVCNYVSWIKQTIASN,RPDFCLEPPYTGPCKARIIRYFYNAKAGLCQTFVGGGCRAKRNNFKSAEDCMRTCGGA,1.6e-10,False,PDBbind
2692,6uys,GSKEGEYIKLKVIGQDSSEIHFKVKMTTHLKKLKESYAQRQGVPMNSLRFLFEGQRIADNHTPKELGMEEEDVIEVYQEQTGG,GSGAGEAEERVVVISSSEDSDAENSSSRY,1.6000000000000003e-05,False,PDBbind
1487,4c99,ETGKETAFVEVVLFESSPSGDYTTHTTGLTGRFSRAGAMLSAEGEIVQMHPLGLCNNNDEEDLYEYGWVGVVKLEQPELDPKPCLTVLGKAKRAVQRGATAVIFDVSENPEAIDQLNQGSEDPLKRPVVYVKGADAIKLMNIVNKQKVARARIQHLGTKHHHHHH,ETGNPICKGCLSCSKDNGCSRCQQKLFFFLRREGMRQYGECLHSCPSGYYGHRAPDMNRCARCRIENCDSCFSKDFCTKCKVGFYLHRGRCFDECPDGFAPLDETMECVEGTHHHHHHHHHH,1.14e-06,False,PDBbind
1625,4ml7,KVFERCELARTLKRLGMDGYRGISLANWMCLAKWESGYNTRATNYNAGDRSTDYGIFQINSRYWCNDGKTPGAVNACHLSCSALLQDNIADAVACAKRVVRDPQGIRAWVAWRNRCQNRDVRQYVQGCGV,GAMGEITIKLPDSVKVSTNSILYKCGAKDLSVTYYNAGDISLAKLELEDETVVASNVISGSGAKYAGSVYIWWTKGKTASLYNLIDNPEEDKPISCVEQ,2.7e-09,False,PDBbind
486,1yk1,PSLLVLTFSPCVLLGWALLAGGTGGGGVGGGGGGAGIGGGRQEREALPPQKIEVLVLLPQDDSYLFSLTRVRPAIEYALRSVEGNGTGRRLLPPGTRFQVAYEDSDCGNRALFSLVDRVAAARGAKPDLILGPVCEYAAAPVARLASHWDLPMLSAGALAAGFQHKDSEYSHLTRVAPAYAKMGEMMLALFRHHHWSRAALVYSDDKLERNCYFTLEGVHEVFQEEGLHTSIYSFDETKDLDLEDIVRNIQASERVVIMCASSDTIRSIMLVAHRHGMTSGDYAFFNIELFNSSSYGDGSWKRGDKHDFEAKQAYSSLQTVTLLRTVKPEFEKFSMEVKSSVEKQGLNMEDYVNMFVEGFHDAILLYVLALHEVLRAGYSKKDGGKIIQQTWNRTFEGIAGQVSIDANGDRYGDFSVIAMTDVEAGTQEVIGDYFGKEGRFEMRPNVKYPWGPLKLRIDENRIVEHTNSSPCKSSGGLE,GCFGRKMDRISSSSGLGCKVL,4.5700000000000003e-07,False,PDBbind
1275,2lvo,MQIFVKTLTGKTITLEVEPSDTIENVKAKIQDKEGIPPDQQRLIFAGKQLEDGRTLSDYNIQKESTLHLVLRLRGG,SNSQLNAMAHQIQEMFPQVPYHLVLQDLQLTRSVEITTDNILEGRIQVPFPT,0.000128,False,PDBbind
1876,5bn5,MNRIISINGPLVIAKGKFSIFEVVRVGEEKLIGEVIGIENDKAYIQVYEDTNGLKVGEPVFNTGKPLTIELGPGLLANIFDGLGRPLKDIYEKTQSIYIPKGIDLPTLDRKKVWEFIPKKKKGDTIKGGDIIGTVNENGFEHRIIVPPNVEGKIEEIYEGNFTIEETIAIVNGKPIKLYHEWPIRKPRPYKEKLDYNYPFITGTRVLDIMFPIAKGGSAAVPGPFGSGKTVLNQQIAKWADSDIVIYIGCGERGNEMTEVLEEFPKLKDPKTGKPLMYRTILIANTSNMPIAAREASIYLGATIGEYFRDQGYSVVVNADSTSRWAEALREISSRLGEIPSEEGYPAYLLRKLAEFYERSGRVRTLNDLEGSLTIIGAVSPPGGDFSEPVTQNTLRLVGALWALDSKLAYKRHYPAINYLISYTKQWEFVKKYFEELYEDVIEIREEFFAILKRESELMDIVSIVGPDALSDNEKIYLHMGRIIREGFLQQDAFDENDSYSPLEKTIELMRIIHKYYVTVKQLLGKIPLEEIEQKGIHEKIIKLRYKSLKEFREEIKAIEQEILSLLNSQ,MPSIKPPLIAVELENPMLGEVIDLEETKAIVIAAYENKALALLFDYYTGEIKQINRQGNTYKIAVSEDYIGGIFNGFGEPIKGPKPYPEDYRDINGLAINPYARKVPNEILYTGISSIDVAHPLLKGQKIAIFSPPGLPMERLALQIARNVAKDKTIIFAAIGVPSDIYKMFIDEFINTKAIMNSAIFISKADSSPIEKIYTPRVALTLAEYLAFEKNRDVLVLMLDMTNYADALREISTLRKEIPSRRGYPAYLYTDLASIYERSGLTSKGSITLIPMLTMPGNDITHVVPDLTGYITEGQYVLSQDLHSKNIYPPIDLLKSLSRLAKNGMSKKHKKYADILIKSYAKGLEARDIATIVGEDSLSKEDKAYLKFAELVEKEFIKQDYYEYRSIEKSFEIIDSILSQSGLPYSPIQ,0.00011,False,PDBbind
1722,2mnu,GSEVPQLTDLSFVDITDSSIGLRWTPLNSSTIIGYRITVVAAGEGIPIFEDFVDSSVGYYTVTGLEPGIDYDISVITLINGGESAPTTLTQQT,SSSPIQGSWTWENGKWTWKGIIRLEQ,2.3e-06,False,PDBbind
7040,2KSO,HHHHHHSSGLVPRGSHMTVSEWLESIKMQQYTEHFMAAGYTAIEKVVQMTNDDIKRIGVRLPGHQKRIAYSLLGLKDQVNTV,HHHHHHSSGLVPRGSHMGMSAWLRAIGLERYEEGLVHNGWDDLEFLSDITEEDLEEAGVQDPAHKRLLLDTLQLSK,5.2e-06,False,SKEMPI
2768,6osw,GEFMRESPRRPIILKRRKLPFAKSTARSFPDGIRVMDHPTMPDTQVVVIPKSADLQSVISVLTAKGKEAGPQGRNKFILLSGDTSAEEENLYFQ,GAQAGAANRSLTEGFVLDTMNDSLSKILVDISFSGLEDEDLGMGNISWSQFIPEAK,2e-05,False,PDBbind
451,2i32,MGSSHHHHHHDYDIPTTENLYFQGSMAKVQVNNVVVLDNPSPFYNPFQFEITFECIEDLSEDLEWKIIYVGSAESEEYDQVLDSVLVGPVPAGRHMFVFQADAPNPGLIPDADAVGVTVVLITCTYRGQEFIRVGYYVNNEYTETELRENPPVKPDFSKLQRNILASNPRVTRFHINWEDNT,SENLYFQGSSATSVAGVVNGESLEDIRKNLLKKQVETRTADGRRRITPLCIAQLDTG,1.3e-05,False,PDBbind
5645,2GYK,MELKHSISDYTEAEFLQLVTTICNADTSSEEELVKLVTHFEEMTEHPSGSALIYYPKEGDDDSPSGIVNTVKQWRAANGKSGFKQG,MESKRNKPGKATGKGKPVGDKWLDDAGKDSGAPIPDRIADKLRDKEFKSFDDFRKAVWEEVSKDPELSKNLNPSNKSSVSKGYSPFTPKNQQVGGRKVYELHHDKPISQGGEVYDMDNIRVTTPKRHIDIHRGK,3.53e-10,False,PROXIMATE
5330,1ACB,CGVPAIQPVLSGLSRIVNGEEAVPGSWPWQVSLQDKTGFHFCGGSLINENWVVTAAHCGVTTSDVVVAGEFDQGSSSEKIQKLKIAKVFKNSKYNSLTINNDITLLKLSTAASFSQTVSAVCLPSASDDFAAGTTCVTTGWGLTRYTNANTPDRLQQASLPLLSNTNCKKYWGTKIKDAMICAGASGVSSCMGDSGGPLVCKKNGAWTLVGIVSWGSSTCSTSTPGVYARVTALVNWVQQTLAAN,TEFGSELKSFPEVVGKTVDQAREYFTLHYPQYDVYFLPEGSPVTLDLRYNRVRVFYNPGTNVVNHVPHVG,1.49e-12,False,PROXIMATE
556,2rmk,MQAIKCVVVGDGAVGKTCLLISYTTNAFPGEYIPTVFDNYSANVMVDGKPVNLGLWDTAGLEDYDRLRPLSYPQTDVFLICFSLVSPASFENVRAKWYPEVRHHCPNTPIILVGTKLDLRDDKDTIEKLKEKKLTPITYPQGLAMAKEIGAVKYLECSALTQRGLKTVFDEAIRAVLCPPPVKKRKRKCLLL,GIPATNLSRVAGLEKQLAIELKVKQGAENMIQTYSNGSTKDRKLLLTAQQMLQDSKTKIDIIRMQLRRALQADQLENQAAP,1.7e-06,False,PDBbind
960,2rr3,PLGSDHEQILVLDPPTDLKFKGPFTDVVTTNLKLRNPSDRKVCFKVKTTAPRRYCVRPNSGIIDPGSTVTVSVMLQPFDYDPNEKSKHKFMVQTIFAPPNTSDMEAVWKEAKPDELMDSKLRCVFEMPNE,PLGSDHWGKGDMSDEDDENEFFDAPEIITMPENLGHKRTGSHHHHHH,2.1e-05,False,PDBbind
1632,4pc0,MADKEAAFDDAVEERVINEEYKIWKKNTPFLYDLVMTHALEWPSLTAQWLPDVTRPEGKDFSIHRLVLGTHTSDEQNHLVIASVQLPNDDAQFDASHYDSEKGEFGGFGSVSGKIEIEIKINHEGEVNRARYMPQNPCIIATKTPSSDVLVFDYTKHPSKPDPSGECNPDLRLRGHQKEGYGLSWNPNLSGHLLSASDDHTICLWDISAVPKEGKVVDAKTIFTGHTAVVEDVSWHLLHESLFGSVADDQKLMIWDTRSNNTSKPSHSVDAHTAEVNCLSFNPYSEFILATGSADKTVALWDLRNLKLKLHSFESHKDEIFQVQWSPHNETILASSGTDRRLNVWDLSKIGEEQSPEDAEDGPPELLFIHGGHTAKISDFSWNPNEPWVICSVSEDNIMQVWQMAENIYNDEDPEGSVDPEGQGS,KLLSSSETKRAARRPYKPIALRQSQALPPRPPPPAPVNDEPI,2.0000000000000003e-06,False,PDBbind
1187,3qsk,KETAAAKFERQHMDSSTSAASSSNYCNQMMKSRNLTKDRCKPVNTFVHESLADVQAVCSQKNVACKNGQTNCYQSYSTMSITDCRETGSSKYPNCAYKTTQANKHIIVACEGNPYVPVHFDASV,GSQVQLVESGGGLVQAGGSLRLSCAASGYHHPYIYMGWFRQAPGKEREGVAAMDSGGGGTLYADSVKGRFTISRDKGKNTVYLQMDSLKPEDTATYYCAAGGHHLRDHTYGQWGQGTQVTVSS,9.1e-07,False,PDBbind
865,3f7p,GSHMSGEDAEVRAVSEDVSNGSSGSPSPGDTLPWNLGKTQRSRRSGGGAGSNGSVLDPAERAVIRIADERDRVQKKTFTKWVNKHLIKAQRHISDLYEDLRDGHNLISLLEVLSGDSLPREKGRMRFHKLQNVQIALDYLRHRQVKLVNIRNDDIADGNPKLTLGLIWTIILHFQISDIQVSGQSEDMTAKEKLLLWSQRMVEGYQGLRCDNFTSSWRDGRLFNAIIHRHKPLLIDMNKVYRQTNLENLDQAFSVAERDLGVTRLLDPEDVDVPQPDEKSIITYVSSLYDAMPRVP,GSHDLGAPQNPNAKAAGSRKIHFNWLPPSGKPMGYRVKYWIQGDSESEAHLLDSKVPSVELTNLYPYCDYEMKVCAYGAQGEGPYSSLVSCRTHQEVPSEPGRLAFNVVSSTVTQLSWAEPAETNGEITAYEVCYGLVNDDNRPIGPMKKVLVDNPKNRMLLIENLRESQPYRYTVKARNGAGWGPEREAIINLATQPKRPMSIPIIPDIPIVDAQSGEDYDSFLMYSDDVLRSPSGSQRPSVSDDTE,0.00049,False,PDBbind
2244,5o05,QVQLQESGGGLVQPGGSLRLSCAASGSVSRTYVMGWYRQTPGNQRELVATITSVGSTNYADSLKGRFTISRENAENTVYLQMNSLKPEDTAIYYCKYIRYSPIHAPLDYWGQGTQVTVSS,SKPFTLPILTLGELTNSRFPLPIDVLYTNPNESAIVQCQNGRCTLDGELQGTTQLLPTGICAFRGKVTQQVQDEHRGTHWNMTVTNLNGTPFDPTEDVPAPLGTPDFSGQIYGVISQRNTNTVPGEGNLPANRAHEAVIATYSPKFTPKLGNIQFSTWETQDVSSGQPTKFTPVGLASVDANSHFDQWTLPSYSGALTLNMNLAPSVAPVFPGECLLFFRSFIPLKGGYGNPAIDCLMPQEWVQHLYQESAPSLSDVALVRYVNPETGRTLFEAKLHRNGFLTVARNSAGPVVAPTNGYFRFDSWVNQFYTLAPM,8.100000000000001e-09,False,PDBbind
469,2g45,KQEVQAWDGEVRQVSKHAFSLKQLDNPARIPPCGWKCSKCDMRENLWLNLTDGSILCGRRYFDGSGGNNHAVEHYRETGYPLAVKLGTITPDGADVYSYDEDDMVLDPSLAEHLSHFGIDMLKMQKTDK,MQIFVKTLTGKTITLEVEPSDTIENVKAKIQDKEGIPPDQQRLIFAGKQLEDGRTLSDYNIQKESTLHLVLRLRGG,2.82e-05,False,PDBbind
562,2p1l,MSQSNRELVVDFLSYKLSQKGYSWSQMAAVKQALREAGDEFELRYRRAFSDLTSQLHITPGTAYQSFEQVVNELFRDGVNWGRIVAFFSFGGALCVESVDKEMQVLVSRIAAWMATYLNDHLEPWIQENGGWDTFVELYGNNAAAESRKGQER,GSGTMENLSRRLKVTGDLFDIMSGQTDVDHP,2.3e-05,False,PDBbind
1878,4z80,GSAMGSSTSTSRATYMDRFNIPKNHVDLIWDKDGTKSHTRGNTTYRWTERKSNVGVYVGYSEMYDSSAQAYCQSSSAKIDTKTTVGAPYMAAGACPNYGKVIAFTKRDGSRSDMTRWKNEIHANVMPHSTTSCASRADPGAAEVAKSIEGFAMYAGYLTHCPYNVNVYRQDMVTDKEFDSTVCNFVTESNPLRFLDTTQRQSTQPYTEYAFHGKGGHKGYDYKGQTSHVGCPPYNPPHVTKGMKDSSWITGPFECSILSRCTTHCWPYKSGGNCFRSLPAMFDMSTGECRLLGYHTQDFRSSTCAELTTDDTNAFYCVRPMKTAASSNMVYVTSHTRPDHETKCPPREPLKNVRWGVVSKGKYCKPMNARASLSNATAEQCGQRLFMLSSADGSSLSSQVRGYHWATFVATDCNMGESCAATARGKCFFYSTVPECLIHSPTTMAFTSLSAVDPSIAIDPDSIAVLPEDKCVSVDCGAHGTCDVATGKCVCEPGFTGERCDAAALVPR,GSASQIVQNQSSLAPELSGCPPMGICMDGTIGDPIAS,1.2000000000000004e-07,False,PDBbind
1494,4jw3,AAPTATVTPSSGLSDGTVVKVAGAGLQAGTAYWVAQWARVDTGVWAYNPADNSSVTADANGSASTSLTVRRSFEGFLFDGTRWGTVDCTTAACQVGLSDAAGNGPEGVAISFAAHHHHHH,MRGSHHHHHHTDPEKVEMYIKNLQDDSYFVRRAAAAALGKIGDERAVEPLIKALKDEDRFVRSSAAYALGEIGDERAVEPLIKALKDEDWFVRRAAAVALGEIGGERVRAAMEKLAETGTGFARKVAVNYLETHKSLIS,1.45e-05,False,PDBbind
2822,6s29,GSEEVVQDAPLENNELNAEIDLQKTIQEEYKLWKQNVPFLYDLVITHALEWPSLTIQWLPDKKTIPGTDYSIQRLILGTHTSGNDQNYLQIASVQLPNFDEDTTEFTPSTIRRAQATGSYTIEISQKIPHDGDVNRARYMPQKPEIIATMGEGGNAYIFDTTCHDALTTGEALPQAVLKGHTAEGFGLCWNPNLPGNLATGAEDQVICLWDVQTQSFTSSETKVISPIAKYHRHTDIVNDVQFHPQHEALLASVSDDCTLQIHDTRLNPEEEAPKVIQAHSKAINAVAINPFNDYLLATASADKTVALWDLRNPYQRLHTLEGHEDEVYGLEWSPHDEPILASSSTDRRVCIWDLEKIGEEQTPEDAEDGSPELLFMHGGHTNRISEFSWCPNERWVVGSLADDNILQIWSPSRVIWGRDHVQVSPRDLE,PRVYETELLVLRFREFGVKDNHNHPINLHSLRSKSLIRAQGKKLDLHNRVFLRRNVRAVKM,7.75e-08,False,PDBbind
547,2noj,GSRSTDAERLKHLIVTPSGAGEQNMIGMTPTVIAVHYLDETEQWEKFGLEKRQGALELIKKGYTQQLAFRQPSSAFAAFVKRAPSTWLTAYVVKVFSLAVNLIAIDSQVLCGAVKWLILEKQKPDGVFQEDAPVIHQEMIGGLRNNNEKDMALTAFVLISLQEAKDICEEQVNSLPGSITKAGDFLEANYMNLQRSYTVAIAGYALAQMGRLKGPLLNKFLTTAKDKNRWEDPGKQLYNVEATSYALLALLQLKDFDFVPPVVRWLNEQRYYGGGYGSTQATFMVFQALAQYQKDAP,QTKNVEAAKKYDQYQTNFKKQVNKKVVDAQKAVELFKRTRTVATHRKAQRAVNLIHFQHSYEKKKLQRQIDLVLKYNTLK,1.3e-07,False,PDBbind
2512,5yc5,HTCPPCPAPELLGGPSVFLFPPKPKDTLMISRTPEVTCVVVDVSHEDPEVKFNWYVDGVEVHNAKTKPREEQYNSTYRVVSVLTVLHQDWLNGKEYKCKVSNKALPAPIEKTISKAKGQPREPQVYTLPPSRDELTKNQVSLTCLVKGFYPSDIAVEWESNGQPENNYKTTPPVLDSDGSFFLYSKLTVDKSRWQQGNVFSCSVMHEALHNHYTQKSLSLSPG,RTEDLPKAEVILEPQWNRVLEKDSVTLKCRGAYSPEDNSTQWFHNESLISSQASSYLIDAATVDDSGEYRCQTSLSTLSDPVQLEVHIGWLLLQAPRWEFKEGDPIHLRCHSWKNTALHKVTYLQNGKGRKYFHHNSDFYIPKATLKDSGSYSCRGLVGSKNVSSETVNITITQGGHHHHHH,1.8e-06,False,PDBbind
2135,5elu,MASAATGVRAVPGNENSLEIEELARFAVDEHNKKENALLEFVRVVKAKEQVDLTRFPVTTMYYLTLEAKDGGKKKLYEAKVWVKGYLLEELKHNFKELQEFKPVGDAAAAHHHHHHHH,MNNDHINLKVAGQDGSVVQFKIKRHTPLSKLMKAYCERQGLSMRQIRFRFDGQPINETDTPAQLEMEDEDTIDVFQQ,4.14e-06,False,PDBbind
2507,5nl1,MHRGHMPPLTSAQQALTGTINSSMQAVQAAQATLDDFETLPPLGQDAASKAWRKNKMDESKHEIHSQVDAITAGTASVVNLTAGDPAETDYTAVGCAVTTISSNLTEMSRGVKLLAALLEDEGGNGRPLLQAAKGLAGAVSELLRSAQPASAEPRQ,MGSSHHHHHHSSGLVPRGSHMTRETIFEASKKVTNSLSNLISLIGT,1.74e-06,False,PDBbind
2417,5jjd,GEFSGPPVERCGVLSKWTNYIHGWQDRWVVLKNNALSYYKSEDETEYGCRGSICLSKAVITPHDFDECRFDISVNDSVWYLRAQDPDHRQQWIDAIEQHKTESGYG,GHMAMEFSSVGTHRFVQKVEEMVQNHMTYSLQDVGGDANWQLVVEEGEMKVYRREVEENGIVLDPLKATHAVKGVTGHEVCNYFWNVDVRNDWETTIENFHVVETLADNAIIIYQTHKRVWPASQRDVLYLSVIRKIPALTENDPETWIVCNFSVDHDSAPLNNRCVRAKINVAMICQTLVSPPEGNQEISRDNILCKITYVANVNPGGWAPASVLRAVAKREYPKFLKRFTSYVQEKTAGKPILF,9.2e-05,False,PDBbind
499,2aq3,ILEAAVTQSPRNKVAVTGEKVTLSCQQTNNHNNMYWYRQDTGHGLRLIHYSYGAGSTEKGDIPDGYKASRPSQEQFSLILESATPSQTSVYFCASGGGGTLYFGAGTRLSVL,ESQPDPMPDDLHKSSEFTGTMGNMKYLYDDHYVSATKVKSVDKFLAHDLIYNISDKKLKNYDKVKTELLNEDLAKKYKDEVVDVYGSNYYVNCYFSSKDGKVTGGKTCMYGGITKHEGNHFDNGNLQNVLVRVYENKRNTISFEVQTDKKSVTAQELDIKARNFLINKKNLYEFNSSPYETGYIKFIENNGNTFWYDMMPAPGDKFDQSKYLMMYNDNKTVDSKSVKIEVHLTTKNG,7.6e-05,False,PDBbind
2729,6mun,MLGLGASDFEFGVDPSADPELALALRVSMEEQRQRQEEEARRAAAASAAEAGIATTGTEDSDDALLKMTISQQEFGRTGLPDLSSMTEEEQIAYAMQMSLQGAEFGQAESA,APAEPKIIKVTVKTPKEKEEFAVPENSSVQQFKEAISKRFKSQTDQLVLIFAGKILKDQDTLIQHGIHDGLTVHLVIK,1e-05,False,PDBbind
1164,3uyo,GSPSNYITPVNSLEKHSWYHGPVSRNAAEYLLSSGINGSFLVRESESSPGQRSISLRYEGRVYHYRINTASDGKLYVSSESRFNTLAELVHHHSTVADGLITTLHYPAPKRNKPTVYGVSPNY,GSVSSVPTKLEVVAATPTSLLISWDAPAVTVDFYVITYGETGGNSPVQEFTVPGSKSTATISGLSPGVDYTITVYAGYSDSWNWPYSPISINYRT,6.8e-05,False,PDBbind
1490,2m0j,ADQLTEEQIAEFKEAFSLFDKDGDGTITTKELGTVMRSLGQNPTEAELQDMINEVDADGNGTIDFPEFLTMMARKMKDTDSEEEIREAFRVFDKDGNGYISAAELRHVMTNLGEKLTDEEVDEMIREADIDGDGQVNYEEFVQMMTAK,TPRRGRGGFQRIVRLVGVIRDWANKNFR,1.2000000000000004e-07,False,PDBbind
1314,3ukz,MHHHHHHSSGLVPRGSGMLETAAALFERNHMDSPDLGTDDDDLAMADIGSNQGTVNWSVEDIVKGINSNNLESQLQATQAARKLLSREKQPPIDNIIRAGLIPKFVSFLGKTDCSPIQFESAWALTNIASGTSEQTKAVVDGGAIPAFISLLASPHAHISEQAVWALGNIAGDGSAFRDLVIKHGAIDPLLALLAVPDLSTLACGYLRNLTWTLSNLCRNKNPAPPLDAVEQILPTLVRLLHHNDPEVLADSCWAISYLTDGPNERIEMVVKKGVVPQLVKLLGATELPIVTPALRAIGNIVTGTDEQTQKVIDAGALAVFPSLLTNPKTNIQKEATWTMSNITAGRQDQIQQVVNHGLVPFLVGVLSKADFKTQKEAAWAITNYTSGGTVEQIVYLVHCGIIEPLMNLLSAKDTKIIQVILDAISNIFQAAEKLGETEKLSIMIEECGGLDKIEALQRHENESVYKASLNLIEKYFSVEEEEDQNVVPETTSEGFAFQVQDGAPGTFNF,GSMSRRRHSYENDGGQPHKRRKTSD,2.4e-08,False,PDBbind
2259,5sxp,GSNNQLVVRAKFNFQQTNEDELSFSKGDVIHVTRVEEGGWWEGTLNGRTGWFPSNYVREVKA,GSGGGKPSRPPRPSRPPPPTPRRPASY,1.5900000000000004e-05,False,PDBbind
1562,4kjy,QLLFNKTKSVEFTFGNDTVVIPCFVTNMEAQNTTEVYVKWKFKGRDIYTFDGALNKSTVPTDFSSAKIEVSQLLKGDASLKMDKSDAVSHTGNYTCEVTELTREGETIIELKYRVVSTRHHHHHH,GPGSEEEVQIIQPDKSVSVAAGESAILHCTITSLFPVGPIQWFRGAGPARVLIYNQRQGPFPRVTTISETTRRENMDFSISISNITPADAGTYYCIKFRKGSPDTEFKSGAGTELSVRAKPSAAAHHHHHHHH,4.1299999999999997e-10,False,PDBbind
2489,6ff3,RAVDLVDDSNDVDNSIEAEEEKPRNRAFEADWLKFTKTPPTKLQQADGATIEIVCEMMGSQVPSIQWVVGHLPRSELDDLDSNQVAEEAPSAIVRVRSSHIIDHVLSEARTYTCVGRTGSKTIYASTVVHPPRSSRLTPEKTYPGAQKPRIIYTEKTHLDLMGSNIQLPCRVHARPRAEITWLNNENKEIVQGHRHRVLANGDLLISEIKWEDMGNYKCIARNVVGKDTADTFVYPVLNEED,GPETLCGAELVDALQFVCGDRGFYFNKPTGYGSSSRRAPQTGIVDECCFRSCDLRRLEMYCAPLKPAKSA,1.36e-07,False,PDBbind
927,3kuc,MREYKLVVLGSGGVGKSALTVQFVQGIFVDEYDPTIEDSYRKQVEVDCQQCMLEILDTAGTEQFTAMRDLYMKNGQGFALVYSITAQSTFNDLQDLREQILRVKDTEDVPMILVGNKCDLEDERVVGKEQGQNLARQWCNCAFLESSAKSKINVNEIFYDLVRQINR,PSKTSNTIRVFLPNKQRTVVRVRNGMSLHDCLMKKLKVRGLQPECCAVFRLLHEHKGKKARLDWNTDAASLIGEELQVDFL,4.42e-06,False,PDBbind
1488,4h5s,MSLTNHTETITVEEGQTLTLKCVTSLRKNSSLQWLTPSGFTIFLNEYPALKNSKYQLLHHSANQLSITVPNVTLQDEGVYKCLHYSDSVSTKEVKVIVLAT,MQNLFTKDVTVIEGEVATISCQVNKSDDSVIQLLNPNRQTIYFRDFRPLKDSRFQLLNFSSSELKVSLTNVSISDEGRYFCQLYTDPPQESYTTITVLVPP,0.000125,False,PDBbind
2142,4udm,MGLKLDLTWFDKSTEDFKGEEYSKDFGDDGSVMESLGVPFKDNVNNGCFDVIAEWVPLLQPYFNHQIDISDNEYFVSFDYRDGDW,GFKDYGHDYHPAPKTENIKGLGDLKPGIPKTPKQNGGGKRKRWTGDKGRKIAEWDSQHGELEGYRASDGQHLGSFDPKTGNQLKGPDPKRNIKKYL,4e-08,False,PDBbind
176,1l4d,APSFDCGKPQVEPKKCPGRVVGGCVAHPHSWPWQVSLRTRFGMHFCGGTLISPEWVLTAAHCLEKSPRPSSYKVILGAHQEVNLEPHVQEIEVSRLFLEPTRKDIALLKLSSPAVITDKVIPACLPSPNYVVADRTECFITGWGETQGTFGAGLLKEAQLPVIENKVCNRYEFLNGRVQSTELCAGHLAGGTDSCQGDAGGPLVCFEKDKYILQGVTSWGLGCARPNKPGVYVRVSRFVTWIEGVMRNN,NNSQLVVSVAGTVEGTNQDISLKFFEIDLTSRPASKPFATDSGAMPHKLEKADLLKAIQEQLIANVHSNDDYFEVIDFASDATITDRNGKVYFADKDGSVTLPTQPVQEFLLSGHVRVRPYK,1.966e-06,False,PDBbind
118,1f3v,MAAGQNGHEEWVGSAYLFVESSLDKVVLSDAYAHPQQKVAVYRALQAALAESGGSPDVLQMLKIHRSDPQLIVQLRFCGRQPCGRFLRAYREGALRAALQRSLAAALAQHSVPLQLELRAGAERLDALLADEERCLSCILAQQPDRLRDEELAELEDALRNLKCGSGARGGDGEVASAP,KDLAMADLEQKVLEMEASTYDGVFIWKISDFPRKRQEAVAGRIPAIFSPAFYTSRYGYKMCLRIYLNGDGTGRGTHLSLFFVVMKGPNDALLRWPFNQKVTLMLLDQNNREHVIDAFRPDVTSSSFQRPVNDMNIASGCPLFCPVSKMEAKNSYVRDDAIFIKAIVDLTGL,7.8e-05,False,PDBbind
1918,4pvz,ELPQMTQQLNSDDMQEQLSATVKFRQILSREHRPPIDVVIQAGVVPRLVEFMRENQPEMLQLEAAWALTNIASGTSAQTKVVVDADAVPLFIQLLYTGSVEVKEQAIWALGNVAGDSTDYRDYVLQCNAMEPILGLFNSNKPSLIRTATWTLSNLCRGKKPQPDWSVVSQALPTLAKLIYSMDTETLVDACWAISYLSDGPQEAIQAVIDVRIPKRLVELLSHESTLVQTPALRAVGNIVTGNDLQTQVVINAGVLPALRLLLSSPKENIKKEACWTISNITAGNTEQIQAVIDANLIPPLVKLLEVAEYKTKKEACWAISNASSGGLQRPDIIRYLVSQGCIKPLCDLLEIADNRIIEVTLDALENILKMGEADKEARGLNINENADFIEKAGGMEKIFNCQQNENDKIYEKAYKIIETYF,GPLGSTNKRKREQISTDNEAKMQIQEEKSPKKKRKKRSSKANK,2.73e-07,False,PDBbind
4513,4E6K,MKGDKKVIQHLNKILGNELIAINQYFLHSRMWNDWGLKRLGAHEYHESIDEMKHADKLIERILFLEGLPNLQDLGKLLIGENTQEMLQCDLNLELKATKDLREAIVHCEQVHDYVSRDLLKDILESEEEHIDYLETQLGLIQKVGLENYLQSHMHEDD,MYVCLCQGVTDNQIRDAIYEGCCSYREVREATGVGTQCGKCASLAKQVVRETLNDLQSAQPVPAFGTTAFVAA,3.3e-06,False,PROXIMATE
1089,3qlu,VLSSLRMAAILDDQTVCGRGERLALALAREQINGIIEVPAKARVEVDIFELQRDSQYETTDTMCQILPKGVVSVLGPSSSPASASTVSHICGEKEIPHIKVGPEETPRLQYLRFASVSLYPSNEDVSLAVSRILKSFNYPSASLICAKAECLLRLEELVRGFLISKETLSVRMLDDSRDPTPLLKEIRDDKVSTIIIDANASISHLVLRKASELGMTSAFYKYILTTMDFPILHLDGIVEDSSNILGFSMFNTSHPFYPEFVRSLNMSWRENCEASTYPGPALSAALMFDAVHVVVSAVRELNRSQEIGVKPLACTSANIWPHGTSLMNYLRMVEYDGLTGRVEFNSKGQRTNYTLRILEKSRQGHREIGVWYSNRTLAMNATTLDILELVPR,TTHVLRFGGIFEYVESGPMGAEELAFRFAVNTINRNRTLLPNTTLTYDTQKINLYDSFEASKKACDQLSLGVAAIFGPSHSSSANAVQSICNALGVPHIQTRWKHQVSDNKDSFYVSLYPDFSSLSRAILDLVQFFKWKTVTVVYDDSTGLIRLQELIKAPSRYNLRLKIRQLPADTKDAKPLLKEMKRGKEFHVIFDCSHEMAAGILKQALNMSMMTEYYHYIFTTLDLFALDVEPYRYSGVNMTGFRILNTENTQVSSIIEKWSMERLQAPPKPDSGLLDGFMTTDAALMYDAVHVVSVAVQQFPQMTVSSLQCNRHKPWRFGTRFMSLIKEAHWEGLTGRITFNKTNGLRTDFDLDVISLKEEGLEKIGTWDPASGLNMTESQKGKLELVPR,1.1e-07,False,PDBbind
1296,4g8a,RSPWDYKDDDDKLAAANSSIPESWEPCVEVVPNITYQCMELNFYKIPDNLPFSTKNLDLSFNPLRHLGSYSFFSFPELQVLDLSRCEIQTIEDGAYQSLSHLSTLILTGNPIQSLALGAFSGLSSLQKLVAVETNLASLENFPIGHLKTLKELNVAHNLIQSFKLPEYFSNLTNLEHLDLSSNKIQSIYCTDLRVLHQMPLLNLSLDLSLNPMNFIQPGAFKEIRLHKLTLRNNFDSLNVMKTCIQGLAGLEVHRLVLGEFRNEGNLEKFDKSALEGLCNLTIEEFRLAYLDYYLDGIIDLFNCLTNVSSFSLVSVTIERVKDFSYNFGWQHLELVNCKFGQFPTLKLKSLKRLTFTSNKGGNAFSEVDLPSLEFLDLSRNGLSFKGCCSQSDFGTISLKYLDLSFNGVITMSSNFLGLEQLEHLDFQHSNLKQMSEFSVFLSLRNLIYLDISHTHTRVAFNGIFNGLSSLEVLKMAGNSFQENFLPDIFTELRNLTFLDLSQCQLEQLSPTAFNSLSSLQVLNMSHNNFFSLDTFPYKCLNSLQVLDYSLNHIMTSKKQELQHFPSSLAFLNLTQNDFACTCEHQSFLQWIKDQRQLLVEVERMECATPSDKQGMPVLSLNITCQMTGHHHHHH,EAQKQYWVCNSSDASISYTYCDKMQYPISINVNPCIELKGSKGLLHIFYIPRRDLKQLYFNLYITVNTMNLPKRKEVICRGSDDDYSFCRALKGETVNTTISFSFKGIKFSKGKYKCVVEAISGSPEEMLFCLEFVILHQPNSN,1.86e-09,False,PDBbind
228,1m5n,MELITILEKTVSPDRLELEAAQKFLERAAVENLPTFLVELSRVLANPGNSQVARVAAGLQIKNSLTSKDPDIKAQYQQRWLAIDANARREVKNYVLQTLGTETYRPSSASQCVAGIACAEIPVNQWPELIPQLVANVTNPNSTEHMKESTLEAIGYICQDIDPEQLQDKSNEILTAIIQGMRKEEPSNNVKLAATNALLNSLEFTKANFDKESERHFIMQVVCEATQCPDTRVRVAALQNLVKIMSLYYQYMETYMGPALFAITIEAMKSDIDEVALQGIEFWSNVCDEEMDLAIEASEAAEQGRPPEHTSKFYAKGALQYLVPILTQTLTKQDENDDDDDWNPCKAAGVCLMLLATCCEDDIVPHVLPFIKEHIKNPDWRYRDAAVMAFGCILEGPEPSQLKPLVIQAMPTLIELMKDPSVVVRDTAAWTVGRICELLPEAAINDVYLAPLLQCLIEGLSAEPRVASNVCWAFSSLAEAAYEAA,YLTQETNKVETYKEQPLKTPGKKKKGKP,2.1000000000000003e-08,False,PDBbind
434,1zvy,DVQLVESGGGSVQAGGSLRLSCAASGSTDSIEYMTWFRQAPGKAREGVAALYTHTGNTYYTDSVKGRFTISQDKAKNMAYLRMDSVKSEDTAIYTCGATRKYVPVRFALDQSSYDYWGQGTQVTVSSRGRHHHHHH,KVFGRCELAAAMKRHGLDNYRGYSLGNWVCAAKFESNFNTQATNRNTDGSTDYGILQINSRWWCNDGRTPGSRNLCNIPCSALLSSDITASVNCAKKIVSDGNGMNAWVAWRNRCKGTDVQAWIRGCRL,1e-09,False,PDBbind
1979,5cxb,MAHHHHHHSSGLEVLFQGPMDAPMEDAPAPVAQVKVIFTTTEPDLELPESKRQLLVPADIRRYGLSRILNSESMLDTGSIPFDFLINGSFLRSSLEDYLTSNGLSLETTLTLQYVRSLIPPVYEASFEHDDWVSAVDVLSATSPAGRWSSAANSSAAVQPGQERVLSASYDGLLRIWNASGSVIATSPSGSHGGHTASIKAAKFLTSDRLASAGMDRTVRVWKYTESDHFTGELKPTLELYGHTGSVDWLDVDGHSKHILTASADGAIGFWSASKASAPEPDASLLPGAHVSKRRKATSSVSTAQRGPLGLWSIHTAPATAAIFDPRDRTVAYSASQDHTVRTLDLTTGQVVSTLTLTHPLLSLSALTRAGTTSPLLAAGTSARHITMVDPRASSATTSVMTLRGHANKVVSLSPSPENEYSLVSGSHDGTCRVWDLRSVRPATKEEGSLGGVSEPVYVIERESWASKGKKKRPVAGDGCKVFSVVWDKLGIFSGGEDKKVQVNRGRNIVTEQK,PSPDELKPFPTVQQTIFRGHEGRVRSVAIDPTGVALATGGDDGTVRVWELLTGRQVWSVKLNGDEAVNTVRWRPTKDTFILAAAAGEDIFLMIPTHPSVTPALDQASRDILNAGFGHATNGKQQANLPPGKEPPGKWARPGTRLEDEGVLLRITVRSTIKAISWHRRGDHFATVSPSGQRSSVAIHTLSKHLTQIPFRKLNGLAQTASFHPLRPLFFVATQRSIRCYDLQKLELVKIVQPGAKWISSFDVHPGGDNLVVGSYDKRLLWHDLDLSNRPYKTMRFHTEAIRAVRFHKGGLPLFADASDDGSLQIFHGKVPNDQLENPTIVPVKMLKGHKVVNKLGVLDIDWHPREPWCVSAGADGTARLWM,9.19e-08,False,PDBbind
374,1t0p,MGNVDLVFLFDGSMSLQPDEFQKILDFMKDVMKKLSNTSYQFAAVQFSTSYKTEFDFSDYVKWKDPDALLKHVKHMLLLTNTFGAINYVATEVFREELGARPDATKVLIIITDGEATDSGNIDAAKDIIRYIIGIGKHFQTKESQETLHKFASKPASEFVCILDTFECLKDLFTE,QEFLLRVEPQNPVLSAGGSLFVNCSTDCPSSEKIALETSLSKELVASGMGWAAFNLSNVTGNSRILCSVYCNGSQITGSSNITVYG,0.00025,False,PDBbind
773,2kbw,TPPPAEEEEDELYRQSLEIISRYLREQATGAKDTKPMGRSGATSRKALETLRRVGDGVQRNHETAFQGMLRKLDIKNEDDVKSLSRVMIHVFSDGVTNWGRIVTLISFGAFVAKHLKTINQESCIEPLAESITDVLVRTKRDWLVKQRGWDGFVEFFHVEDLEG,GPLGSESQEDIIRNIARHLAQVGDSMDRSIPPGLV,3.2000000000000003e-06,False,PDBbind
568,2v8s,NYSEIESKVREATNDDPWGPSGQLMGEIAKATFMYEQFPELMNMLWSRMLKDNKKNWRRVYKSLLLLAYLIRNGSERVVTSAREHIYDLRSLENYHFVDEHGKDQGINIRQKVKELVEFAQDDDRLREERKKAKKNKDKYVGVSSDS,MASSAASSEHFEKLHEIFRGLLEDLQGVPERLLGTAGTEEKKKLVRDFDEKQQEANETLAEMEEELRYAPLTFRNPMMSKLRNYRKDLAKLHREVR,0.00022,False,PDBbind
1601,3vux,MQIFVKTLTGKTITLEVEPSDTIENVKAKIQDKEGIPPDQQRLIFAGKQLEDGRTLSDYNIQKESTLHLVLRLRGG,GPPKQRCRAPACDHFGNAKCNGYCNECFQFKQMYG,9e-05,False,PDBbind
883,2kj4,YVEFSEECMHGSGENYDGKISKTMSGLECQAWDSQSPHAHGYIPSKFPNKNLKKNYCRNPDRDLRPWCFTTDPNKRWEYCDIPRCAA,GSVEKLTADAELQRLKNERHEEAELERLKSEY,6.5e-07,False,PDBbind
1309,3ul0,MHHHHHHSSGLVPRGSGMLETAAALFERNHMDSPDLGTDDDDLAMADIGSNQGTVNWSVEDIVKGINSNNLESQLQATQAARKLLSREKQPPIDNIIRAGLIPKFVSFLGKTDCSPIQFESAWALTNIASGTSEQTKAVVDGGAIPAFISLLASPHAHISEQAVWALGNIAGDGSAFRDLVIKHGAIDPLLALLAVPDLSTLACGYLRNLTWTLSNLCRNKNPAPPLDAVEQILPTLVRLLHHNDPEVLADSCWAISYLTDGPNERIEMVVKKGVVPQLVKLLGATELPIVTPALRAIGNIVTGTDEQTQKVIDAGALAVFPSLLTNPKTNIQKEATWTMSNITAGRQDQIQQVVNHGLVPFLVGVLSKADFKTQKEAAWAITNYTSGGTVEQIVYLVHCGIIEPLMNLLSAKDTKIIQVILDAISNIFQAAEKLGETEKLSIMIEECGGLDKIEALQRHENESVYKASLNLIEKYFSVEEEEDQNVVPETTSEGFAFQVQDGAPGTFNF,GSMSRRRHSDENDGGQPHKRRKTSD,2.3e-08,False,PDBbind
1463,4kt5,AAASMIMKDGIYSIIFISNEDSCGEGILIKNGNMITGGDIASVYQGVLSEDEDIILHVHRYNYEIPSVLNIEQDYQLVIPKKVLSNDNNLTLHCHVRGNEKLFVDVYAKFIEPLVIKNTGMPQVYLK,MESKNKNGDYVIPDSVKNYDGEPLYILVSLWCKLQEKWISRNDIAEAFGINLRRASFIITYISRRKEKISFRVRYVSYGNLHYKRLEIFIYDVNLEAVPIESPGTTGPKRKTYRVGNGIVGQSNIWNEMIMRRKKES,1.1e-05,False,PDBbind
2056,5dju,GGSVDNKFNKEVLVARQEIYWLPNLNWEQKFAFISSLTNDPSQSANLLAEAKKLNGAQPPK,GSLATTLERIEKNFVITDPRLPDNPIIFASDSFLQLTEYSREEILGRNARFLQGPETDRATVRKIRDAIDNQTEVTVQLINYTKSGKKFWNLFHLQPMRDQKGDVQYFIGVQLDGTEHVRDAAEREGVMLIKKTAENIDEAAKEL,1.14e-07,False,PDBbind
687,3eoy,GSSPNLRYPIADVSGGIGMSPNYRFRQSMWIGIVSYSGSGLNWRVQVNSDIFIVDDYIHICLPAFDGFSIADGGDLSLNFVTGLLPPLLTGDTEPAFHNDVVTYGAQTVAIGLSSGGTPQYMSKNLWVEQWQDGVLRLRVEGGGSITHSNSKWPAMTVSYPRSFT,GSSVTVHSSEPEVRIPENNPVKLSCAYSGFSSPRVEWKFDQGDTTRLVCYNNKITASYEDRVTFLPTGITFKSVTREDTGTYTCMVSEEGGNSYGEVKVKLIVL,2.8e-08,False,PDBbind
928,3o6q,GSELETDTREILEENNEMLHMYLNRLKTYQYLLKNEPIHVYYGSIDAYAEGIDKLLKTYADKMNLTASLCHYSTQADKDRLTEHMDDPADVQTRLDRKDVYYDQYGKVVLIPFTIETQNYVIKLTSDSIVTEFDYLLFTSLTSIYDLVLPIEEEGEG,MERAFQNRCEPRAAKPFKILKKRSTTSVASYQVSPHTARIFKENERLIDEYKRKKA,4.6000000000000015e-09,False,PDBbind
563,2oza,MAHHHHHSQERPTFYRQELNKTIWEVPERYQNLSPVGSGAYGSVCAAFDTKTGHRVAVKKLSRPFQSIIHAKRTYRELRLLKHMKHENVIGLLDVFTPARSLEEFNDVYLVTHLMGADLNNIVKCQKLTDDHVQFLIYQILRGLKYIHSADIIHRDLKPSNLAVNEDCELKILDFGLARHTDDEMTGYVATRWYRAPEIMLNWMHYNQTVDIWSVGCIMAELLTGRTLFPGTDHIDQLKLILRLVGTPGAELLKKISSESARNYIQSLAQMPKMNFANVFIGANPLAVDLLEKMLVLDSDKRITAAQALAHAYFAQYHDPDDEPVADPYDQSFESRDLLIDEWKSLTYDEVISFVPPPLDQEEMES,GSHVKSGLQIKKNAIIDDYKVTSQVLGLGINGKVLQIFNKRTQEKFALKMLQDCPKARREVELHWRASQCPHIVRIVDVYENLYAGRKCLLIVMECLDGGELFSRIQDRGDQAFTEREASEIMKSIGEAIQYLHSINIAHRDVKPENLLYTSKRPNAILKLTDFGFAKETTSHNSLTTPCYTPYYVAPEVLGPEKYDKSCDMWSLGVIMYILLCGYPPFYSNHGLAISPGMKTRIRMGQYEFPNPEWSEVSEEVKMLIRNLLKTEPTQRMTITEFMNHPWIMQSTKVPQTPLHTSRVLKEDKERWEDVKEEMTSALATMRVDYEQIKIKKIEDASNPLLLKRRKKARALEAAALAH,2.5e-08,False,PDBbind
1188,3reb,GAMASSNTAATNADSAWLEAQEEEEVGFPVRPQVPLRPMTYKAALDISHFLKEKGGLEGLIWSQRRQEILDLWIYHTQGYFPDWQNYTPGPGIRYPLTFGWCFKLVPVEPEKVEEANEGENNSLLHPMSLHGMEDAEKEVLVWRFDSKLAFHHMARELHPEYYKDA,MEDIIVVALYDYVSWSPDDLSFQKGDQMVVLEESGEWWKARSLATRKEGYIPSNYVARVDSGGGTSGGGRHRRRQAERMSQIKRLLSEKK,9.6e-07,False,PDBbind
363,2bp7,MNEYAPLRLHVPEPTGRPGCQTDFSYLRLNDAGQARKPPVDVDAADTADLSYSLVRVLDEQGDAQGPWAEDIDPQILRQGMRAMLKTRIFDSRMVVAQRQKKMSFYMQSLGEEAIGSGQALALNRTDMCFPTYRQQSILMARDVSLVEMICQLLSNERDPLKGRQLPIMYSVREAGFFTISGNLATQFVQAVGWAMASAIKGDTKIASAWIGDGATAESDFHTALTFAHVYRAPVILNVVNNQWAISTFQAIAGGESTTFAGRGVGCGIASLRVDGNDFVAVYAASRWAAERARRGLGPSLIEWVTYRAGPHSTSDDPSKYRPADDWSHFPLGDPIARLKQHLIKIGHWSEEEHQATTAEFEAAVIAAQKEAEQYGTLANGHIPSAASMFEDVYKEMPDHLRRQRQELGV,MATTTMTMIQALRSAMDVMLERDDNVVVYGQDVGYFGGVFRCTEGLQTKYGKSRVFDAPISESGIVGTAVGMGAYGLRPVVEIQFADYFYPASDQIVSEMARLRYRSAGEFIAPLTLRMPCGGGIYGGQTHSQSPEAMFTQVCGLRTVMPSNPYDAKGLLIASIECDDPVIFLEPKRLYNGPFDGHHDRPVTPWSKHPHSAVPDGYYTVPLDKAAITRPGNDVSVLTYGTTVYVAQVAAEESGVDAEVIDLRSLWPLDLDTIVESVKKTGRCVVVHEATRTCGFGAELVSLVQEHCFHHLEAPIERVTGWDTPYPHAQEWAYFPGPSRVGAALKKVMEV,1e-08,False,PDBbind
6194,4YFD,SERCDDWGLDTMRQIQVFEDEPARIKCPLFEHFLKYNYSTAHSSGLTLIWYWTRQDRDLEEPINFRLPENRISKEKDVLWFRPTLLNDTGNYTCMLRNTTYCSKVAFPLEVVQKDSCFNSAMRFPVHKMYIEHGIHKITCPNVDGYFPSSVKPSVTWYKGCTEIVDFHNVLPEGMNLSFFIPLVSNNGNYTCVVTYPENGRLFHLTRTVTVKVVGSPKDALPPQIYSPNDRVVYEKEPGEELVIPCKVYFSFIMDSHNEVWWTIDGKKPDDVTVDITINESVSYSSTEDETRTQILSIKKVTPEDLRRNYVCHARNTKGEAEQAAKVKQKVAAHHHHHH,ETPPRFTRTPVDQTGVSGGVASFICQATGDPRPKIVWNKKGKKVSNQRFEVIEFDDGSGSVLRIQPLRTPRDEAIYECVASNNVGEISVSTRLTVLREDQIPRGFPTIDMGPQLKVVERTRTATMLCAASGNPDPEITWFKDFLPVDTSNNNGRIKQLRSESIGGTPIRGALQIEQSEESDQGKYECVATNSAGTRYSAPANLYVRELREVRRVPPRFSIPPTNHEIMPGGSVNITCVAVGSPMPYVKWMLGAEDLTPEDDMPIGRNVLELNDVRQSANYTCVAMSTLGVIEAIAQITVKALPKPPGTPVVTESTATSITLTWDSGNPEPVSYYIIQHKPKNSEEPYKEIDGIATTRYSVAGLSPYSDYEFRVVAVNNIGRGPASEPVLTQTSEQAPSSAPRDVQARMLSSTTILVQWKEPEEPNGQIQGYRVYYTMDPTQHVNNWMKHNVADSQITTIGNLVPQKTYSVKVLAFTSIGDGPLSSDIQVIT,6.8e-07,False,SKEMPI
2538,5xiu,GPGHMEETEINFTQKLIDLEHLLFERHKQEEQDRLLALQLQKEVDKEQM,MQIFVKTLTGKTITLEVEPSDTIENVKAKIQDKEGIPPDQQRLIFAGKQLEDGRTLSDYNIQKESTLHLVLRLRGG,0.00025,False,PDBbind
993,2l14,PNRSISPSALQDLLRTLKSPSSPQQQQQVLNILKSNPQLMAAFIKQRTAKYVANQPGMQ,PLSQETFSDLWKLLPENNVLSPLPSQAMDDLMLSPDDIEQWFTEDPGPD,3.1e-05,False,PDBbind
790,3ew3,MAQHPPYCRNQPGKCQIPLRDLFDRAVVLSHYIHNLSSEMFSEFDKRYTHGRGFITKAINSCHTSSLATPEDKEQAQQMNQKDFLSLIVSILRSWNEPLYHLVTEVRGMQEAPEAILSKAVEIEEQTKRLLEGMELIVSQVHPETKENEIYPVWSGLPSLQMADEESRLSAYYNLLHCLRRDSHKIDNYLKLLKCRIIHNNNC,MQSPPGKPEIHKCRSPDKETFTCWWNPGTDGGLPTNYSLTYSKEGEKTTYECPDYKTSGPNSCFFSKQYTSIWKIYIITVNATNQMGSSSSDPLYVDVTYIVEPEPPRNLTLEVKQLKDKKTYLWVKWSPPTITDVKTGWFTMEYEIRLKPEEAEEWEIHFTGHQTQFKVFDLYPGQKYLVQTRCKPDHGYWSRWSQESSVEMPNDFTLKDRSRSHHHHHH,1.2e-08,False,PDBbind
141,1gcq,GSTYVQALFDFDPQEDGELGFRRGDFIHVMDNSDPNWWKGACHGQTGMFPRNYVTPVNRNV,GSHMPKMEVFQEYYGIPPPPGAFGPFLRLNPGDIVELTKAEAEHNWWEGRNTATNEVGWFPCNRVHPYVH,0.000168,False,PDBbind
466,2den,MHHHHHHQYKLALNGKTLKGETTTEAVDAATAEKVFKQYANDNGVDGEWTYDDATKTFTVTEGSQWQPQLQQLRDMGIQDDELSLRALQATGGDIQAALELIFAGGAP,MQIFVKTLTGKTITLEVEPSDTIENVKAKIQDKEGIPPDQQRLIFAGKQLEDGRTLSDYNIQKESTLHLVLRLRGG,0.00017,False,PDBbind
518,2qxv,SFKCVNSLKEDHNQPLFGVQFNWHSKEGDPLVFATVGSNRVTLYECHSQGEIRLLQSYVDADADENFYTCAWTYDSNTSHPLLAVAGSRGIIRIINPITMQCIKHYVGHGNAINELKFHPRDPNLLLSVSKDHALRLWNIQTDTLVAIFGGVEGHRDEVLSADYDLLGEKIMSCGMDHSLKLWRINSKRMMNAIKESYDYNPNKTNRPFISQKIHFPDFSTRDIHRNYVDCVRWLGDLILSKSCENAIVCWKPGKMEDDIDKIKPSESNVTILGRFDYSQCDIWYMRFSMDFWQKMLALGNQVGKLYVWDLEVEDPHKAKCTTLTHHKCGAAIRQTSFSRDSSILIAVCDDASIWRWDRLR,KTMFSSNRQKILERTETLNQEWKQRRIQPV,3.800000000000001e-06,False,PDBbind
1116,3owt,SAIRSDFSNEDIYDNIDPDTISFPPKIATTDLFLPLFFHFGSTRQFMDKLHEVISGDYEPSQAEKLVQDLCDETGIRKNFSTSILTCLSGDLMVFPRYFLNMFKDNVNPPPNVPGIWTHDDDESLKSNDQEQIRKLVKKHGTGRMEMRKRFFEKDLL,SEKGNAKMIDFATLSKLKKKYQIILDR,2.490000000000001e-05,False,PDBbind
2246,5tvq,SKGLEDSSTISFITWNIDGLDGCNLPERARGVCSCLALYSPDVVFLQEVIPPYCAYLKKRAASYTIITGNEEGYFTAILLKKGRVKFKSQEIIPFPNTKMMRNLLCVNVSLGGNEFCLMTSHLESTREHSAERIRQLKTVLGKMQEAPDSTTVIFAGDTNLRDQEVIKCGGLPDNVFDAWEFLGKPKHCQYTWDTKANNNLRIPAAYKHRFDRIFFRAEEGHLIPQSLDLVGLEKLDCGRFPSDHWGLLCTLNVVL,SNVKTENNDHINLKVAGQDGSVVQFKIKRHTPLSKLMKAYCERQGLSMRQIRFRFDGQPINETDTPAQLEMEDEDTIDVFQQQTGG,8.8e-06,False,PDBbind
4737,1B2S,AQVINTFDGVADYLQTYHKLPDNYITASEAQALGWVASKGNLADVAPGKSIGGDIFSNREGKLPGKSGRTWREADINYTSGFRNSDRILYSSDWLIYKTTDHYQTFTKIR,MKKAVINGEQIRSISDLHQTLKKELALPEYYGENLDALWDCLAGWVEYPLVLEWRQFEQSKQLTENGAESVLQVFREAKAEGCDITIILS,1.57e-10,False,PROXIMATE
6285,1X1X,AQVINTFDGVADYLQTYHKLPDNYITKSEAQALGWVASKGNLADVAPGKSIGGDIFSNREGKLPGKSGRTWREADINYTSGFRNSDRILYSSDWLIYKTTDHYQTFTKIR,KKAVINGEQIRSISDLHQTLKKELALPEYYGENLDALWDALTGWVEYPLVLEWRQFEQSKQLTENGAESVLQVFRAAKAEGADITIILS,5.3e-10,False,PROXIMATE
1443,4l67,SHEQFRAALQLVVDPGDPRSYLDNFIKIGEGSTGIVCIATVRSSGKLVAVKKMDLRKQQRRELLFNEVVIMRDYQHENVVEMYNSYLVGDELWVVMEFLEGGALTDIVTHTRMNEEQIAAVCLAVLQALSVLHAQGVIHRDIKSDSILLTHDGRVKLSDFGFCAQVSKEVPRRKSLVGTPYWMAPELISRLPYGPEVDIWSLGIMVIEMVDGEPPYFNEPPLKAMKMIRDNLPPRLKNLHKVSPSLKGFLDRLLVRDPAQRATAAELLKHPFLAKAGPPASIVPLMRQNRTR,PRQWQSLIEESARRPKPLVDPACIT,3.2000000000000003e-06,False,PDBbind
1312,4eqa,SHMQCIVNACKNSWDKSYLAGTPNKDNCSGFVQSVAAELGVPMPRGNANAMVDGLEQSWTKLASGAEAAQKAAQGFLVIAGLKGRTYGHVAVVISGPLYRQKYPMCWCGSIAGAVGQSQGLKSVGQVWNRTDRDRLNYYVYSLASC,ADCTFTQLEIVPQFGSPNMFGGEDEHVRVMFSNEDPNDDNPDAFPEPPVYLADRDSGNDCRIEDGGIWSRGGVFLSQDGRRVLMHEFSGSSAELVSYDSATCKVVHREDISGQRWAVDKDGLRLGQKCSGESVDSCAKIVKRSLAPFCQTAKK,2.42e-08,False,PDBbind
664,2ABZ,ARSTNTFNYATYHTLDEIYDFMDLLVAEHPQLVSKLQIGRSYEGRPIYVLKFSTGGSNRPAIWIDLGIHSREWITQATGVWFAKKFTEDYGQDPSFTAILDSMDIFLEIVTNPDGFAFTHSQNRLWRKTRSVTSSSLCVGVDANRNWDAGFGKAGASSSPCSETYHGKYANSEVEVKSIVDFVKDHGNFKAFLSIHSYSQLLLYPYGYTTQSIPDKTELNQVAKSAVAALKSLYGTSYKYGSIITTIYQASGGSIDWSYNQGIKYSFTFELRDTGRYGFLLPASQIIPTAQETWLGVLTIMEHTVNNLY,GSHTPDESFLCYQPDQVCAFICRGAAPLPSEGECNPHPTAPWAREGAVEWVPYSTGQCRTTCIPYVE,2.8e-09,False,SKEMPI
202,1l8c,ADPEKRKLIQQQLVLLLHAHKCQRREQANGEVRACSLPHCRTMKNVLNHMTHCQAGKACQVAHCASSRQIISHWKNCTRHDCPVCLPLKNASDKR,SDLACRLLGQSMDESGLPQLTSYDCEVNAPIQGSRNLLQGEELLRALDQVN,7e-08,False,PDBbind
775,2wel,SMTDEYQLFEELGKGAFSVVRRCMKIPTGQEYAAKIINTKKLSARDHQKLEREARICRLLKHPNIVRLHDSISEEGFHYLVFDLVTGGELFEDIVAREYYSEADASHCIQQILESVNHCHLNGIVHRDLKPENLLLASKSKGAAVKLADFGLAIEVQGDQQAWFGFAGTPGYLSPEVLRKDPYGKPVDMWACGVILYILLVGYPPFWDEDQHRLYQQIKAGAYDFPSPEWDTVTPEAKDLINKMLTINPAKRITASEALKHPWICQRSTVASMMHRQETVDCLKKFNARRKLKGAILTTMLATRNFSAAKSLLKKPDGVKESTESSN,SMADQLTEEQIAEFKEAFSLFDKDGDGTITTKELGTVMRSLGQNPTEAELQDMINEVDADGNGTIDFPEFLTMMARKMKDTDSEEEIREAFRVFDKDGNGYISAAELRHVMTNLGEKLTDEEVDEMIREADIDGDGQVNYEEFVQMMTAK,3e-06,False,PDBbind
519,2oin,MASMTGGQQMGAPITAYAQQTRGLLGCIITSLTGRDKNQVEGEVQIVSTATQTFLATCINGVCWTVYHGAGTRTIASPKGPVIQMYTNVDQDLVGWPAPQGSRSLTPCTCGSSDLYLVTRHADVIPVRRRGDSRGSLLSPRPISYLKGSSGGPLLCPAGHAVGLFKAAVCTRGVAKAVDFIPVENLETTMRSGSHHHHHH,KGSVVIVGRIVLSGKPAIIPA,5.1e-06,False,PDBbind
579,2psm,GSSGSSGNWIDVRYDLEKIESLIQSIHIDTTLYTDSDFHPSCKVTAMNCFLLELQVILHEYSNMTLNETVRNVLYLANSTLSSNKNVAESGCKECEELEEKTFTEFLQSFIRIVQMFINTS,GSSGSSGGTTCPPPVSIEHADIRVKNYSVNSRERYVCNSGFKRKAGTSTLIECVINKNTNVAHWTTPSLKCIRDPSLA,3e-10,False,PDBbind
628,2za4,AQVINTFDGVADYLQTYHKLPDNYITKSEAQALGWVASKGNLADVAPGKSIGGDIFSNREGKLPGKSGRTWREADINYTSGFRNSDRILYSSDWLIYATTDHYQTFTKIR,MKKAVINGEQIRSISDLHQTLKKELALPEYYGENLDALWAALTGWVEYPLVLEWRQFEQSKQLTENGAESVLQVFREAKAEGADITIILS,1.4e-09,False,PDBbind
1963,4uf1,MGSSHHHHHHSQDMEAAIEFDEIVKKLLNIYINDICTTGEKRLLNNYEKSILDRIYKSCEYIKKNYELDFNSMYNQININNITTSDIKSKIIEALLIDSRPSVKLATLSFISLIAEKWGEKNRAKIMEILSNEIVEKISNNGKDFIDFIDRDDDDIVDDYVLITNYLK,PSSTMGQVGRQLAIIGDDINRRYDSE,6.980000000000002e-05,False,PDBbind
6947,1KBH,EGQSDERALLDQLHTLLSNTDATGLEEIDRALGIPELVNQGQALEPK,PNRSISPSALQDLLRTLKSPSSPQQQQQVLNILKSNPQLMAAFIKQRTAKYVANQPGMQ,3.4e-08,False,SKEMPI
299,1sq0,MEDISEPPLHDFYCSRLLDLVFLLDGSSRLSEAEFEVLKAFVVDMMERLRISQKWVRVAVVEYHDGSHAYIGLKDRKRPSELRRIASQVKYAGSQVASTSEVLKYTLFQIFSKIDRPEASRIALLLMASQEPQRMSRNFVRYVQGLKKKKVIVIPVGIGPHANLKQIRLIEKQAPENKAFVLSSVDELEQQRDEIVSYLCDLAPEAPPPTLPPH,HPICEVSKVASHLEVNCDKRDLTALPPDLPKDTTILHLSENLLYTFSLATLMPYTRLTQLNLDRCELTKLQVDGTLPVLGTLDLSHNQLQSLPLLGQTLPALTVLDVSFNRLTSLPLGALRGLGELQELYLKGNELKTLPPGLLTPTPKLEKLSLANNDLTELPAGLLNGLENLDTLLLQENSLYTIPKGFFGSHLLPFAFLHGNPWLCNCEILYFRRWLQDNAENVYVWKQGVDVKAMTSNVASVQCDNSDKFPVYKYPGKGCPTLGDEGDTDLYDYYPEEDTEGDK,3e-07,False,PDBbind
1257,4dra,HHHHHHMEEEAETEEQQRFSYQQRLKAAVHYTVGCLCEEVALDKEMQFSKQTIAAISELTFRQCENFAKDLEMFARHAKRTTINTEDVKLLARRSNSLLKYITDKSEEIAQIN,GSHMEGAGAGSGFRKELVSRLLHLHFKDDKTKVSGDALQLMVELLKVFVVEAAVRGVRQAQAEDALRVDVDQLEKVLPQLLLDF,1.17e-05,False,PDBbind
505,1zgu,VKVPRNFRLLEELEEGQKGVGDGTVSWGLEDDEDMTLTRWTGMIIGPPRTNYENRIYSLKVECGPKYPEAPPSVRFVTKINMNGINNSSGMVDARSIPVLAKWQNSYSIKVVLQELRRLMMSKENMKLPQPPEGQTYNN,MQIFVKTLTGKTITLEVEPSDTIENVKAKIQDKEGIPPDQQRLIFAGRQLEDGRTLSDYNIQKESTLHLVLRLRGG,0.00098,False,PDBbind
1434,4gn4,AVYPKKTHWTAEITPNLHGSEVVVAGWVAHLGDYGRVKIVKVSDREGGAAVPVYLERGKTPDHLFKVFAELSREDVVVIKGIVEASEQYGSATGVEIFPSEIWILNKA,KVFGRCELAAAMKRHGLDNYRGYSLGNWVCAAKFESNFNTQATNRNTDGSTDYGILQINSRWWCNDGRTPGSRNLCNIPCSALLSSDITASVNCAKKIVSDGNGMNAWVAWRNRCKGTDVQAWIRGCRL,2.5300000000000003e-06,False,PDBbind
277,1sv0,QLPPSLPSDPRLWSREDVLVFLRFCVREFDLPKLDFDLFQMNGKRLCLLTRADFGHRCPGAGDVLHNVLQMLIIESHSRHHHHHH,PLGSDGLPLDPRDWTRADVWKWLINMAVSEGLEVTAELPQKFPMNGKALCLMSLDMYLCRVPVGGKMLYRDFRVRLARAMSR,1.11e-07,False,PDBbind
1953,4weu,QVQLQESGGGLVQAGGSLRLSCAASGLTFDTYAMGWFRQAPGKKREYVAAISWTGISTYYADIAKGRFTISRDNAKNTLYLQMDSLKPEDTAVYYCAAQKSLNVPAPWDYWGQGTQVTVSSHHHHHH,WMTGHHHHHHDDYRQKWEWKVGTGLNGFGNVLNDLTNGGTKLTITVTGNKPILLGRTKEAFATPVTSGVDGIPHIAFTDYEGASVELRNPDGETEKGLAYFVLPMKNAEGTKVGSVKVNASYAGALGRGGVTSADGELMSLFAEGSHAIFYGGLPTNVKNSELKGGSAAAARTELFGSLSKNDILGQIQRVNANITSLVNVPGSFNENMAYTDGSVVSVAYALGIANGQTIEATFNQAVTTSTQWSAPLNVAITYYDNKQMTGDFNGSVDIGGSITA,5.7e-05,False,PDBbind
925,3l9j,LQTVCLKGTKHMKCFLAFTQTKTFHEASEDCISRGGTLSTPQTGSENDALYEYLRQSVGNEAEIWLGLNKRWSRYFWVDMTGTRIAYKNWEHSSDAQPDPSNWENCAVLSGAANGKWFGKRCRDQLPYICQFGI,SDKPVAHVVANPQAEGQLQWLNRRANALLANGVELRDNQLVVPSEGLYLIYSQVLFKGQGCPSTHVLLTHTISRIAVSYQTKVNLLSAIKSPCQRETPEGAEAKPWYEPIYLGGVFQLEKGDRLSAEINRPDYLDFAESGQVYFGIIAL,3.4000000000000003e-09,False,PDBbind
5769,1GRN,MQTIKCVVVGDGAVGKTCLLISYTTNKFPSEYVPTVFDNYAVTVMIGGEPYTLGLFDTAGQEDYDRLRPLSYPQTDVFLVCFSVVSPSSFENVKEKWVPEITHHCPKTPFLLVGTQIDLRDDPSTIEKLAKNKQKPITPETAEKLARDLKAVKYVECSALTQKGLKNVFDEAILAALEPPEPKKSRRCVLL,LPNQQFGVSLQHLQEKNPEQEPIPIVLRETVAYLQAHALTTEGIFRRSANTQVVREVQQKYNMGLPVDFDQYNELHLPAVILKTFLRELPEPLLTFDLYPHVVGFLNIDESQRVPATLQVLQTLPEENYQVLRFLTAFLVQISAHSDQNKMTNTNLAVVFGPNLLWAKDAAITLKAINPINTFTKFLLDHQGELFPSPDPSGL,2.9e-06,False,PROXIMATE
570,2hqs,MVRIVIDSGVDSGRPIGVVPFQWAGPGAAPEDIGGIVAADLRNSGKFNPLDRARLPQQPGSAQEVQPAAWSALGIDAVVVGQVTPNPDGSYNVAYQLVDTGGAPGTVLAQNSYKVNKQWLRYAGHTASDEVFEKLTGIKGAFRTRIAYVVQTNGGQFPYELRVSDYDGYNQFVVHRSPQPLMSPAWSPDGSKLAYVTFESGRSALVIQTLANGAVRQVASFPRHNGAPAFSPDGSKLAFALSKTGSLNLYVMDLASGQIRQVTDGRSNNTEPTWFPDSQNLAFTSDQAGRPQVYKVNINGGAPQRITWEGSQNQDADVSSDGKFMVMVSSNGGQQHIAKQDLATGGVQVLSSTFLDETPSLAPNGTMVIYSSSQGMGSVLNLVSTDGRFKARLPATDGQVKFPAWSPYLHHHHHH,MLQQNNIVYFDLDKYDIRSDFAQMLDAHANFLRSNPSYKVTVEGHADERGTPEYNISLGERRANAVKMYLQGKGVSADQISIVSYGKEKPAVLGHDEAAYSKNRRAVLVYLEHHHHHH,2.7e-07,False,PDBbind
64,1buh,MENFQKVEKIGEGTYGVVYKARNKLTGEVVALKKIRLDTETEGVPSTAIREISLLKELNHPNIVKLLDVIHTENKLYLVFEFLHQDLKKFMDASALTGIPLPLIKSYLFQLLQGLAFCHSHRVLHRDLKPQNLLINTEGAIKLADFGLARAFGVPVRTYTHEVVTLWYRAPEILLGCKYYSTAVDIWSLGCIFAEMVTRRALFPGDSEIDQLFRIFRTLGTPDEVVWPGVTSMPDYKPSFPKWARQDFSKVVPPLDEDGRSLLSQMLHYDPNKRISAKAALAHPFFQDVTKPVPHLRL,MSHKQIYYSDKYDDEEFEYRHVMLPKDIAKLVPKTHLMSESEWRNLGVQQSQGWVHYMIHEPEPHILLFRRPLPKKPKK,7.7e-07,False,PDBbind
1227,4b1v,CDEDETTALVCDNGSGLVKAGFAGDDAPRAVFPSIVGRPRHQGVMVGMGQKDSYVGDEAQSKRGILTLKYPIEHGIITNWDDMEKIWHHTFYNELRVAPEEHPTLLTEAPLNPKANREKMTQIMFETFNVPAMYVAIQAVLSLYASGRTTGIVLDSGDGVTHNVPIYEGYALPHAIMRLDLAGRDLTDYLMKILTERGYSFVTTAEREIVRDIKEKLCYVALDFENEMATAASSSSLEKSYELPDGQVITIGNERFRCPETLFQPSFIGMESAGIHETTYNSIMKCDIDIRKDLYANNVMSGGTTMYPGIADRMQKEITALAPSTMKIKIIAPPERKYSVWIGGSILASLSTFQQMWITKQEYDEAGPSIVHRKCF,FKHTSAALERKISMRQSREELIKRGVLKEIYD,3.2000000000000003e-06,False,PDBbind
1512,2m86,SGSGASKAPTSFAEYWNLLSAGGVCPKILQRCRRDSDCPGACICRGNGYCG,GSSHHHHHHSSGLVPRGSHMSQIPASEQETLVRPKPLLLKLLKSVGAQKDTYTMKEVLFYLGQYIMTKRLYDEKQQHIVYCSNDLLGDLFGVPSFSVKEHRKIYTMIYRNLVVVNQQESSDSGTSVSEN,2.6e-08,False,PDBbind
752,3bh6,GGSEVRILLLGLDNAGKTTLLKQLASEDISHITPTQGFNIKSVQSQGFKLNVWDIGGLRKIRPYWRSYFENTDILIYVIDSADRKRFEETGQELTELLEEEKLSCVPVLIFANKQDLLTAAPASEIAEGLNLHTIRDRVWQIQSCSALTGEGVQDGMNWVCKNV,GSMGCFFSKRRKADKESRPENEEERPKQYSWDQREKVDPKDYMFSGLKDETVGRLPGTVAGQQFLIQDCENCNIYIFDHSATVTIDDCTNCIIFLGPVKGSVFFRNCRDCKCTLACQQFRVRDCRKLEVFLCCATQPIIESSSNIKFGCFQWYYPELAFQFKDAGLSIFNNTWSNIHDFTPVSGELNWSLLPEDAVVQDYVPIPTTEELKAVRVSTEANRSIVPISRGQRQKSSDESCLVVLFAGDYTIANARKLIDEMVGKGFFLVQTKEVSMKAEDAQRVFREKAPDFLPLLNKGPVIALEFNGDGAVEVCQLIVNEIFNGTKMFVSESKETASGDVDSFYNFADIQMGI,9.5e-07,False,PDBbind
2765,6jb2,DVQLVESGGGSVQAGGSLRLSCAASGSTDSIEYMTWFRQAPGKAREGVAALYTHTGNTYYTDSVKGRFTISQDKAKNMAYLRMDSVKSEDTAIYTCGATRKAVPVRFALDQSSYDYWGQGTQVTVSSSAGHHHHHH,KVFGRCELAAAMKRHGLDNYRGYSLGNWVCAAKFESNFNTQATNRNTDGSTDYGILQINSRWWCNDGRTPGSRNLCNIPCSALLSSDITASVNCAKKIVSDGNGMNAWVAWRNRCKGTDVQAWIRGCRL,2.95e-06,False,PDBbind
177,1kxp,DEDETTALVCDNGSGLVKAGFAGDDAPRAVFPSIVGRPRHQGVMVGMGQKDSYVGDEAQSKRGILTLKYPIEHGIITNWDDMEKIWHHTFYNELRVAPEEHPTLLTEAPLNPKANREKMTQIMFETFNVPAMYVAIQAVLSLYASGRTTGIVLDSGDGVTHNVPIYEGYALPHAIMRLDLAGRDLTDYLMKILTERGYSFVTTAEREIVRDIKEKLCYVALDFENEMATAASSSSLEKSYELPDGQVITIGNERFRCPETLFQPSFIGMESAGIHETTYNSIMKCDIDIRKDLYANNVMSGGTTMYPGIADRMQKEITALAPSTMKIKIIAPPERKYSVWIGGSILASLSTFQQMWITKQEYDEAGPSIVHRKCF,LERGRDYEKNKVCKEFSHLGKEDFTSLSLVLYSRKFPSGTFEQVSQLVKEVVSLTEACCAEGADPDCYDTRTSALSAKSCESNSPFPVHPGTAECCTKEGLERKLCMAALKHQPQEFPTYVEPTNDEICEAFRKDPKEYANQFMWEYSTNYGQAPLSLLVSYTKSYLSMVGSCCTSASPTVCFLKERLQLKHLSLLTTLSNRVCSQYAAYGEKKSRLSNLIKLAQKVPTADLEDVLPLAEDITNILSKCCESASEDCMAKELPEHTVKLCDNLSTKNSKFEDCCQEKTAMDVFVCTYFMPAAQLPELPDVELPTNKDVCDPGNTKVMDKYTFELSRRTHLPEVFLSKVLEPTLKSLGECCDVEDSTTCFNAKGPLLKKELSSFIDKGQELCADYSENTFTEYKKKLAERLKAKLPDATPKELAKLVNKRSDFASNCCSINSPPLYCDSEIDAELKNIL,1e-08,False,PDBbind
286,1tzn,TVPDRDNDGIPDSLEVEGYTVDVKNKRTFLSPWISNIHEKKGLTKYKSSPEKWSTASDPYSDFEKVTGRIDKNVSPEARHPLVAAYPIVHVDMENIILSKNEDQSTQNTDSQTRTISKNTSTSRTHTSEVHGNAEVHASFFDIGGSVSAGFSNSNSSTVAIDHSLSLAGERTWAETMGLNTADTARLNANIRYVNTGTAPIYNVLPTTSLVLGKNQTLATIKAKENQLSQILAPNNYYPSKNLAPIALNAQDDFSSTPITMNYNQFLELEKTKQLRLDTDQVYGNIATYNFENGRVRVDTGSNWSEVLPQIQETTARIIFNGKDLNLVERRIAAVNPSDPLETTKPDMTLKEALKIAFGFNEPNGNLQYQGKDITEFDFNFDQQTSQNIKNQLAELNATNIYTVLDKIKLNAKMNILIRDKRFHYDRNNIAVGADESVVKEAHREVINSSTEGLLLNIDKDIRKILSGYIVEIEDTEGLKEVINDRYDMLNISSLRQDGKTFIDFKKYNDKLPLYISNPNYKVNVYAVTKENTIINPSENGDTSTNGIKKILIFSKKGYEIG,SCRRAFDLYFVLDKSGSVANNWIEIYNFVQQLAERFVSPEMRLSFIVFSSQATIILPLTGDRGKISKGLEDLKRVSPVGETYIHEGLKLANEQIQKAGGLKTSSIIIALTDGKLDGLVPSYAEKEAKISRSLGASVYCVGVLDFEQAQLERIADSKEQVFPVKGGFQALKGIINSILAQSC,1.7e-09,False,PDBbind
1923,5e6p,GPHMRKSQQAEREYEKIKSQLEGLEESVRDRCKKEFTDLMIEMEDQTNDVHEAGIPTLDYKTYTDRVFFLPSKDGDKDVMITGKLDIPESRRPIVEQALYQFSNLLNSKSFLINFIHTLENQREFSARAKVYFASLLTVALHGKLEYYTDIMRTLFLELMEQYVVAKNPKLMLRRSETVVERMLSNWMSICLYQYLKDSAGEPLYKLFKAIKHQVEKGPVDAVQKKAKYTLNDTGLLGDDVEYAPLTVSVIVQDEGIDAIPVKVLNCDTISQVKEKIIDQVYRTQPCSCWPKPDSVVLEWRPGSTAQILSDLDLTSQREGRWKRINTLMHYNVRDGATLILSKVGVSQQPEDSQQDLPGERHALLEEENRVWHLVRPTDEVDEGKSKRGSMKEKERTKAITEIYLTRLLSVKGTLQQFVDNFFQSVLAPGHAVPPAVKYFFDFLDEQAEKHDIRDEDTIHIWKTNSLPLRFWVNILKNPHFIFDVHVHEVVDASLSVIAQTFMDACTRTEHKLSRDSPSNKLLYAKEISTYKKMVEDYYKGIRQMVQVSDQDMNTHLAEISRAHTDSLNTLVALHQLYQYTQKYYDEIINALEEDPAAQKMQLAFRLQQIAAALENKVTDL,GPHMGLVQRCVIIQKDQHGFGFTVSGDRIVLVQSVRPGGAAMKAGVKEGDRIIKVNGTMVTNSSHLEVVKLIKSGAYVALTLLGSSPS,2e-05,False,PDBbind
379,1t5z,CQPIFLNVLEAIEPGVVCAGHDNNQPDSFAALLSSLNELGERQLVHVVKWAKALPGFRNLHVDDQMAVIQYSWMGLMVFAMGWRSFTNVNSRMLYFAPDLVFNEYRMHKSRMYSQCVRMRHLSQEFGWLQITPQEFLCMKALLLFSIIPVDGLKNQKFFDELRMNYIKELDRIIACKRKNPTSCSRRFYQLTKLLDSVQPIARELHQFTFDLLIKSHMVSVDFPEMMAEIISVQVPKILSGKVKPIYFHTQ,RETSEKFKLLFQSYN,0.00033,False,PDBbind
942,3osl,FQRGQVLSALPRTSRQVQILQNVTTTYKIVLWQPVAAEYIVKGYEVHFFVNASDVSNVKAHLNASRIPFRVLVENVEDLIRQQTSNDTISPRASSSYYEQYHSLNEIYSWIEVMTERYPDMVEKIHIGSSYEKYPLYVLKVSKKEQRAKNAMWIDCGIHAREWISPAFCLWFVGSVTYYYGKEKMHTNLLKHMDFYIMPVVNVDGYDYTWKKDRMWRKNRSLHEKNACVGTDLNRNFASKHWCGEGASSSSCSEIYCGTYPESEPEVKAVADFLRRNIKHIKAYISMHSYSQKIVFPYSYSRSRSKDHEELSLVAREAVFAMENIHRNIRYTHGSGSESLYLAPGGSDDWIYDLGIKYSFTFELRDKGKYGFLLPESYIRPTCSEALVAVAKIASHVVKNV,NECVSKGFGCLPQSDCPQEARLSYGGCSTVCCDLSKLTGCKGKGGECNPLDRQCKELQAESASCGKGQKCCVWL,1.8000000000000002e-08,False,PDBbind
2628,6sak,GPLSVAPEMDIMDYCKKEWRGNTQKATCMKMGYEEVSQKFTSIRRVRGDNYAALRATLFQAMSQAVGLPPWLQDPELMLLPEKLISKYNWIKQWKLGLKFDGKNEDLVDKIKESLTLLRKKWAGLAEMRTAEARQIACDELFTNEAEEYSLYEAVKFLMLNRAIELYNDKEKGKEVPFFSVLLFARDTSNDPGQLLRNHLNQVGHTGGLEQVEMFLLAYAVRHTIQVYRLSKYNTEEFITVYPTDPPKDWPVVTLIAEDDRHYNIPVRVCEETSL,GPRVVRIVKSESGYGFNVRGQVSEGGQLRSINGELYAPLQHVSAVLPGGAADRAGVRKGDRILEVNHVNVEGATHKQVVDLIRAGEKELILTVLSV,3.1000000000000005e-07,False,PDBbind
2358,5my6,QVCTGTDMKLRLPASPETHLDMLRHLYQGCQVVQGNLELTYLPTNASLSFLQDIQEVQGYVLIAHNQVRQVPLQRLRIVRGTQLFEDNYALAVLDNGDPLNNTTPVTGASPGGLRELQLRSLTEILKGGVLIQRNPQLCYQDTILWKDIFHKNNQLALTLIDTNRSRACHPCSPMCKGSRCWGESSEDCQSLTRTVCAGGCARCKGPLPTDCCHEQCAAGCTGPKHSDCLACLHFNHSGICELHCPALVTYNTDTFESMPNPEGRYTFGASCVTACPYNYLSTDVGSCTLVCPLHNQEVTAEDGTQRCEKCSKPCARVCYGLGMEHLREVRAVTSANIQEFAGCKKIFGSLAFLPESFDGDPASNTAPLQPEQLQVFETLEEITGYLYISAWPDSLPDLSVFQNLQVIRGRILHNGAYSLTLQGLGISWLGLRSLRELGSGLALIHHNTHLCFVHTVPWDQLFRNPHQALLHTANRPEDECVGEGLACHQLCARGHCWGPGPTQCVNCSQFLRGQECVEECRVLQGLPREYVNARHCLPCHPECQPQNGSVTCFGPEADQCVACAHYKDPPFCVARCPSGVKPDLSYMPIWKFPDEEGACQPCPINCTHSCVDLDDKGCPAE,QVQLQESGGGSVQAGGSLKLTCAASGYIFNSCGMGWYRQSPGRERELVSRISGDGDTWHKESVKGRFTISQDNVKKTLYLQMNSLKPEDTAVYFCAVCYNLETYWGQGTQVTVSS,3.99e-08,False,PDBbind
741,3c9a,RSIIGGKHGDRDVRILYQVGDSEEDLPVCAPNAVCSKIDLYETPWIERQCRCPDGRTCPSSLGVEDGHTIADKTRHYKMCQPVHKLPVCKHFRDYTWTLTTAAELNVTEQIVHCRCPRNSVTYLTKREPIGNDSPGYRYLFACSPLTRLRCQRKQPCKLFTVRKRQEFLDEVNINSLCQCPKGHRCPSHHTQSGVIAGESFLEDNIQTYSGYCMANDHHHHHH,TFPTYKCPETFDAWYCLNDAHCFAVKIADLPVYSCECAIGFMGQRCEYKEID,7.7e-08,False,PDBbind
2389,5v6a,TQQLTIEVLVTVDGVNFRTVVLNNKNTYRSQLGCVFFNGADISDTIPDEKQNGHSLYLADNLTADETKALKELYGPVDPTFLHRFYSLKAAVHGWKMVVCDKVRSLKLSDNNCYLNAVIMTLDLLKDIKFVIPALQHAFMKHKGGDSTDFIALIMAYGNCTFGAPDDASRLLHTVLAKAELCCSARMVWREWCNVCGIKDVVLQGLKACCYVGVQTVEDLRARMTYVCQCGGERHRQLVEHTTPWLLLSGTPNEKLVTTSTAPDFVAFNVFQGIETAVGHYVHARLKGGLILKFDSGTVSKTSDWKCKVTDVLFPGQKYSSDCN,MAHHHHHHVTSLYKKAGSTDYKDDDDKMRIFVETLRRLTITLEVEPSDTIENVKAKIQDKEGIPPDQQRLIFFGQQLEDGRTLSDYNIVKYSTLHLILRLPRWN,5.32e-07,False,PDBbind
516,2omy,ATITQDTPINQIFTDTALAEKMKTVLGKTNVTDTVSQTDLDQVTTLQADRLGIKSIDGVEYLNNLTQINFSNNQLTDITPLKNLTKLVDILMNNNQIADITPLANLTNLTGLTLFNNQITDIDPLKNLTNLNRLELSSNTISDISALSGLTSLQQLNFGNQVTDLKPLANLTTLERLDISSNKVSDISVLAKLTNLESLIATNNQISDITPLGILTNLDELSLNGNQLKDIGTLASLTNLTDLDLANNQISNLAPLSGLTKLTELKLGANQISNISPLAGLTALTNLELNENQLEDISPISNLKNLTYLTLYFNNISDISPVSSLTKLQRLFFYNNKVSDVSSLANLTNINWLSAGHNQISDLTPLANLTRITQLGLNDQAWTNAPVNYKANVSIPNTVKNVTGALIAPATISDGGSYTEPDITWNLPSYTNEVSYTFSQPVTIGKGTTTFSGTVTQPLKA,GPLGSWVIPPISCPENEKGPFPKNLVQIKSNKDKEGKVFYSITGQGADTPPVGVFIIERETGWLKVTEPLDRERIATYTLFSHAVSSNGNAVEDPMEILITVTDQ,2.0000000000000003e-06,False,PDBbind
576,2i3s,MQIVQIEQAPKDYISDIKIIPSKSLLLITSWDGSLTVYKFDIQAKNVDLLQSLRYKHPLLCCNFIDNTDLQIYVGTVQGEILKVDLIGSPSFQALTNNEANLGICRICKYGDDKLIAASWDGLIEVIDPRNYGDGVIAVKNLNSNNTKVKNKIFTMDTNSSRLIVGMNNSQVQWFRLPLCEDDNGTIEESGLKYQIRDVALLPKEQEGYACSSIDGRVAVEFFDDQGDDYNSSKRFAFRCHRLNLKDTNLAYPVNSIEFSPRHKFLYTAGSDGIISCWNLQTRKKIKNFAKFNEDSVVKIACSDNILCLATSDDTFKTNAAIDQTIELNASSIYIIFDYENELHHHHHH,KPERIVFNFNLIYPENDEEFNTEEILAMIKGLYKVQ,3.6e-05,False,PDBbind
312,1p69,TPYDPLTLWTTPDPSPNCSLIQELDAKLTLCLTKNGSIVNGIVSLVGVKGNLLNIQSTTTTVGVHLVFDEQGRLITSTPTALVPQASWGYRQGQSVSTNTVTNGLGFMPNVSAYPRPNASEAKSQMVSLTYLQGDTSKPITMKVAFNGITSLNGYSLTFMWSGLSNYINQPFSTPSCSFSYITQE,GITTPEEMIEKAKGETAYLPCKFTLSPEDQGPLDIEWLISPADNQKVDQVIILYSGDKIYDDYYPDLKGRVHFTSNDLKSGDASINVTNLQLSDIGTYQCKVKKAPGVANKKIHLVVLVKPSGA,7.6e-07,False,PDBbind
2296,5nqf,EFIEIVERSNYMGNPWTEYMAKYDIEEVHGSGIRVDLGEDAEVAGTQYRLPSGKCPVFGKGIIIENSKTTFLKPVATGNQDLKDGGFAFPPTNPLISPMTLNGMRDFYKNNEYVKNLDELTLCSRHAGNMNPDNDKNSNYKYPAVYDYNDKKCHILYIAAQENNGPRYCNKDQSKRNSMFCFRPAKDKLFENYVYLSKNVVDNWEEVCPRKNLENAKFGLWVDGNCEDIPHVNEFSANDLFECNKLVFELSASDQPKQYEQHLTDYEKIKEGFKNKNADMIKSAFLPTGAFKADRYKSHGKGYNWGNYNRETQKCEIFNVKPTCLINDKSYIATTALSHPIEVEHNFPGLEQKLISEEDLNSAVDHHHHHH,MDISQHATDIGMGPATSCYTSTIPPPKQVCIQQAVKATL,1.69e-06,False,PDBbind
2027,5jsn,MAHAGRTGYDNREIVMKYIHYKLSQRGYEWDAGDVGAAPPGAAPAPGIFSSQPGHTPHPAASRDPVARTSPLQTPAAPGAAAGPALSPVPPVVHLTLRQAGDDFSRRYRRDFAEMSSQLHLTPFTARGRFATVVEELFRDGVNWGRIVAFFEFGGVMCVESVNREMSPLVDNIALWMTEYLNRHLHTWIQDNGGWDAFVELYGPSMRLEHHHHHH,MADPKKVLDKAKDEAENRVRELKQRLEELYKEARKLDLTQEMRQELVDKARAASLQANGDIFYAILRALAEAEKLKKAGLVNSQQLDELKRRLEELAEEARRKAEKLRDEFRLKLEYG,8.000000000000001e-06,False,PDBbind
